/*******************************************************************************
 * Size: 30 px
 * Bpp: 4
 * Opts: --no-compress --no-prefilter --bpp 4 --size 30 --font /home/pc/d213-100ask/d211/source/artinchip/test-lvgl/aic_ui/font/Manrope-Bold.ttf -r 0x20-0x7E,0xB0,0x2022 --format lvgl --lv-font-name lv_font_manrope_bold_30 -o /home/pc/d213-100ask/d211/source/artinchip/test-lvgl/un260/font/lv_font_manrope_bold_30.c
 ******************************************************************************/

#ifdef LV_LVGL_H_INCLUDE_SIMPLE
#include "lvgl.h"
#else
#include "lvgl/lvgl.h"
#endif

#ifndef LV_FONT_MANROPE_BOLD_30
#define LV_FONT_MANROPE_BOLD_30 1
#endif

#if LV_FONT_MANROPE_BOLD_30

/*-----------------
 *    BITMAPS
 *----------------*/

/*Store the image of the glyphs*/
static LV_ATTRIBUTE_LARGE_CONST const uint8_t glyph_bitmap[] = {
    /* U+0020 " " */

    /* U+0021 "!" */
    0x6f, 0xff, 0x36, 0xff, 0xf3, 0x6f, 0xff, 0x36,
    0xff, 0xf3, 0x6f, 0xff, 0x36, 0xff, 0xf3, 0x6f,
    0xff, 0x36, 0xff, 0xf3, 0x6f, 0xff, 0x36, 0xff,
    0xf3, 0x6f, 0xff, 0x36, 0xff, 0xf3, 0x6f, 0xff,
    0x36, 0xff, 0xf3, 0x6f, 0xff, 0x36, 0xff, 0xf3,
    0x38, 0x88, 0x10, 0x0, 0x0, 0x26, 0x66, 0x16,
    0xff, 0xf3, 0x6f, 0xff, 0x36, 0xff, 0xf3,

    /* U+0022 "\"" */
    0x3f, 0xff, 0x60, 0x9f, 0xff, 0x3, 0xff, 0xf6,
    0x9, 0xff, 0xf0, 0x3f, 0xff, 0x60, 0x9f, 0xff,
    0x3, 0xff, 0xf6, 0x9, 0xff, 0xf0, 0x3f, 0xff,
    0x60, 0x9f, 0xff, 0x1, 0x88, 0x83, 0x5, 0x88,
    0x80,

    /* U+0023 "#" */
    0x0, 0x0, 0x0, 0x0, 0x0, 0xbf, 0xfd, 0x0,
    0x8, 0xff, 0xf0, 0x0, 0x0, 0x0, 0x0, 0x0,
    0x0, 0x0, 0xff, 0xf8, 0x0, 0xc, 0xff, 0xb0,
    0x0, 0x0, 0x0, 0x0, 0x0, 0x0, 0x4, 0xff,
    0xf3, 0x0, 0x1f, 0xff, 0x70, 0x0, 0x0, 0x0,
    0x0, 0x0, 0x0, 0x9, 0xff, 0xe0, 0x0, 0x6f,
    0xff, 0x20, 0x0, 0x0, 0x0, 0x0, 0x0, 0x0,
    0xd, 0xff, 0xa0, 0x0, 0xaf, 0xfd, 0x0, 0x0,
    0x0, 0x0, 0x9, 0xff, 0xff, 0xff, 0xff, 0xff,
    0xff, 0xff, 0xff, 0xff, 0xff, 0xf0, 0x0, 0xd,
    0xff, 0xff, 0xff, 0xff, 0xff, 0xff, 0xff, 0xff,
    0xff, 0xff, 0xb0, 0x0, 0x1f, 0xff, 0xff, 0xff,
    0xff, 0xff, 0xff, 0xff, 0xff, 0xff, 0xff, 0x70,
    0x0, 0x27, 0x77, 0x77, 0xff, 0xfb, 0x77, 0x7e,
    0xff, 0xd7, 0x77, 0x77, 0x20, 0x0, 0x0, 0x0,
    0x2, 0xff, 0xf5, 0x0, 0xf, 0xff, 0x80, 0x0,
    0x0, 0x0, 0x0, 0x0, 0x0, 0x6, 0xff, 0xf2,
    0x0, 0x3f, 0xff, 0x50, 0x0, 0x0, 0x0, 0x0,
    0x0, 0x0, 0xa, 0xff, 0xe0, 0x0, 0x6f, 0xff,
    0x10, 0x0, 0x0, 0x0, 0x2, 0x77, 0x77, 0x7e,
    0xff, 0xd7, 0x77, 0xcf, 0xff, 0x77, 0x77, 0x71,
    0x0, 0x8, 0xff, 0xff, 0xff, 0xff, 0xff, 0xff,
    0xff, 0xff, 0xff, 0xff, 0xf0, 0x0, 0xd, 0xff,
    0xff, 0xff, 0xff, 0xff, 0xff, 0xff, 0xff, 0xff,
    0xff, 0xc0, 0x0, 0x1f, 0xff, 0xff, 0xff, 0xff,
    0xff, 0xff, 0xff, 0xff, 0xff, 0xff, 0x80, 0x0,
    0x0, 0x0, 0x0, 0xef, 0xf9, 0x0, 0xb, 0xff,
    0xc0, 0x0, 0x0, 0x0, 0x0, 0x0, 0x0, 0x2,
    0xff, 0xf5, 0x0, 0xf, 0xff, 0x80, 0x0, 0x0,
    0x0, 0x0, 0x0, 0x0, 0x6, 0xff, 0xf1, 0x0,
    0x3f, 0xff, 0x40, 0x0, 0x0, 0x0, 0x0, 0x0,
    0x0, 0xa, 0xff, 0xd0, 0x0, 0x7f, 0xff, 0x0,
    0x0, 0x0, 0x0, 0x0, 0x0, 0x0, 0xe, 0xff,
    0x90, 0x0, 0xcf, 0xfc, 0x0, 0x0, 0x0, 0x0,
    0x0, 0x0, 0x0, 0x3f, 0xff, 0x50, 0x0, 0xff,
    0xf8, 0x0, 0x0, 0x0, 0x0, 0x0,

    /* U+0024 "$" */
    0x0, 0x0, 0x0, 0x2a, 0xaa, 0x30, 0x0, 0x0,
    0x0, 0x0, 0x0, 0x4, 0xff, 0xf6, 0x0, 0x0,
    0x0, 0x0, 0x0, 0x0, 0x4f, 0xff, 0x60, 0x0,
    0x0, 0x0, 0x0, 0x0, 0x4, 0xff, 0xf6, 0x0,
    0x0, 0x0, 0x0, 0x0, 0x39, 0xdf, 0xff, 0xd9,
    0x30, 0x0, 0x0, 0x0, 0xaf, 0xff, 0xff, 0xff,
    0xff, 0xb1, 0x0, 0x0, 0xcf, 0xff, 0xc8, 0x79,
    0xef, 0xff, 0xd1, 0x0, 0x6f, 0xff, 0x60, 0x0,
    0x0, 0xaf, 0xff, 0xb0, 0xc, 0xff, 0xb0, 0x0,
    0x0, 0x0, 0xcf, 0xff, 0x30, 0xff, 0xf9, 0x0,
    0x0, 0x0, 0x5, 0xfd, 0xa3, 0xf, 0xff, 0xe1,
    0x0, 0x0, 0x0, 0x0, 0x0, 0x0, 0xdf, 0xff,
    0xe6, 0x10, 0x0, 0x0, 0x0, 0x0, 0x8, 0xff,
    0xff, 0xff, 0xc7, 0x20, 0x0, 0x0, 0x0, 0xd,
    0xff, 0xff, 0xff, 0xff, 0xe8, 0x10, 0x0, 0x0,
    0x1a, 0xff, 0xff, 0xff, 0xff, 0xff, 0x70, 0x0,
    0x0, 0x2, 0x8d, 0xff, 0xff, 0xff, 0xff, 0x80,
    0x0, 0x0, 0x0, 0x1, 0x6b, 0xff, 0xff, 0xff,
    0x20, 0x0, 0x0, 0x0, 0x0, 0x0, 0x6e, 0xff,
    0xf8, 0x3, 0x66, 0x0, 0x0, 0x0, 0x0, 0x2f,
    0xff, 0xab, 0xff, 0xf1, 0x0, 0x0, 0x0, 0x0,
    0xef, 0xfa, 0x7f, 0xff, 0xa0, 0x0, 0x0, 0x0,
    0x1f, 0xff, 0x81, 0xff, 0xff, 0xa0, 0x0, 0x0,
    0x1c, 0xff, 0xf4, 0x8, 0xff, 0xff, 0xe9, 0x77,
    0xaf, 0xff, 0xfc, 0x0, 0xb, 0xff, 0xff, 0xff,
    0xff, 0xff, 0xfe, 0x20, 0x0, 0x8, 0xff, 0xff,
    0xff, 0xff, 0xfc, 0x20, 0x0, 0x0, 0x2, 0x8d,
    0xff, 0xfe, 0xa4, 0x0, 0x0, 0x0, 0x0, 0x0,
    0x4f, 0xff, 0x60, 0x0, 0x0, 0x0, 0x0, 0x0,
    0x4, 0xff, 0xf6, 0x0, 0x0, 0x0, 0x0, 0x0,
    0x0, 0x2a, 0xaa, 0x30, 0x0, 0x0, 0x0,

    /* U+0025 "%" */
    0x0, 0x4, 0xbf, 0xfd, 0x80, 0x0, 0x0, 0x0,
    0x0, 0x0, 0x31, 0x0, 0x0, 0x9, 0xff, 0xff,
    0xff, 0xd2, 0x0, 0x0, 0x0, 0x0, 0x3f, 0xd1,
    0x0, 0x6, 0xff, 0xff, 0xff, 0xff, 0xd0, 0x0,
    0x0, 0x0, 0x3f, 0xff, 0xd1, 0x0, 0xef, 0xfc,
    0x43, 0x8f, 0xff, 0x50, 0x0, 0x0, 0x4f, 0xff,
    0xfb, 0x0, 0x2f, 0xff, 0x0, 0x0, 0x9f, 0xf8,
    0x0, 0x0, 0x4f, 0xff, 0xfa, 0x0, 0x2, 0xff,
    0xf0, 0x0, 0x9, 0xff, 0x80, 0x0, 0x4f, 0xff,
    0xfa, 0x0, 0x0, 0xe, 0xff, 0xc4, 0x38, 0xff,
    0xf5, 0x0, 0x5f, 0xff, 0xf9, 0x0, 0x0, 0x0,
    0x7f, 0xff, 0xff, 0xff, 0xfd, 0x0, 0x5f, 0xff,
    0xf9, 0x0, 0x0, 0x0, 0x0, 0x9f, 0xff, 0xff,
    0xfd, 0x20, 0x6f, 0xff, 0xf8, 0x0, 0x0, 0x0,
    0x0, 0x0, 0x5b, 0xff, 0xd8, 0x0, 0x6f, 0xff,
    0xf8, 0x0, 0x0, 0x0, 0x0, 0x0, 0x0, 0x0,
    0x0, 0x0, 0x6f, 0xff, 0xf8, 0x0, 0x0, 0x0,
    0x0, 0x0, 0x0, 0x0, 0x0, 0x0, 0x7f, 0xff,
    0xf7, 0x6, 0xdf, 0xfb, 0x40, 0x0, 0x0, 0x0,
    0x0, 0x0, 0x7f, 0xff, 0xf7, 0xc, 0xff, 0xff,
    0xff, 0x70, 0x0, 0x0, 0x0, 0x0, 0x8f, 0xff,
    0xf6, 0xa, 0xff, 0xff, 0xff, 0xff, 0x50, 0x0,
    0x0, 0x0, 0x8f, 0xff, 0xf6, 0x2, 0xff, 0xfa,
    0x34, 0xdf, 0xfd, 0x0, 0x0, 0x0, 0x9f, 0xff,
    0xf5, 0x0, 0x7f, 0xfc, 0x0, 0x2, 0xff, 0xf1,
    0x0, 0x0, 0x9f, 0xff, 0xf5, 0x0, 0x9, 0xff,
    0x80, 0x0, 0xe, 0xff, 0x30, 0x0, 0xaf, 0xff,
    0xf4, 0x0, 0x0, 0x7f, 0xfb, 0x0, 0x2, 0xff,
    0xf1, 0x0, 0xaf, 0xff, 0xf4, 0x0, 0x0, 0x3,
    0xff, 0xf9, 0x24, 0xdf, 0xfd, 0x0, 0x1d, 0xff,
    0xf4, 0x0, 0x0, 0x0, 0xa, 0xff, 0xff, 0xff,
    0xff, 0x50, 0x0, 0x1d, 0xf3, 0x0, 0x0, 0x0,
    0x0, 0x1c, 0xff, 0xff, 0xff, 0x70, 0x0, 0x0,
    0x13, 0x0, 0x0, 0x0, 0x0, 0x0, 0x7, 0xdf,
    0xfb, 0x40, 0x0,

    /* U+0026 "&" */
    0x0, 0x0, 0x28, 0xdf, 0xfe, 0xc7, 0x0, 0x0,
    0x0, 0x0, 0x0, 0x6f, 0xff, 0xff, 0xff, 0xfd,
    0x20, 0x0, 0x0, 0x0, 0x5f, 0xff, 0xff, 0xff,
    0xff, 0xfe, 0x10, 0x0, 0x0, 0xe, 0xff, 0xfe,
    0x87, 0x9e, 0xff, 0xf8, 0x0, 0x0, 0x4, 0xff,
    0xfb, 0x0, 0x0, 0x2e, 0xfd, 0x80, 0x0, 0x0,
    0x6f, 0xff, 0x40, 0x0, 0x0, 0x20, 0x0, 0x0,
    0x0, 0x6, 0xff, 0xf4, 0x0, 0x0, 0x0, 0x0,
    0x0, 0x0, 0x0, 0x3f, 0xff, 0xb0, 0x0, 0x0,
    0x0, 0x0, 0x0, 0x0, 0x0, 0xbf, 0xff, 0x90,
    0x0, 0x0, 0x0, 0x0, 0x0, 0x0, 0x1, 0xef,
    0xff, 0xa0, 0x0, 0x0, 0x0, 0x0, 0x0, 0x0,
    0x6f, 0xff, 0xff, 0xc1, 0x0, 0x7, 0x88, 0x20,
    0x0, 0x5f, 0xff, 0xff, 0xff, 0xd1, 0x0, 0xef,
    0xf4, 0x0, 0xe, 0xff, 0xfa, 0xcf, 0xff, 0xe2,
    0xe, 0xff, 0x40, 0x3, 0xff, 0xf9, 0x0, 0xbf,
    0xff, 0xf4, 0xef, 0xf4, 0x0, 0x6f, 0xff, 0x30,
    0x0, 0x9f, 0xff, 0xff, 0xff, 0x40, 0x7, 0xff,
    0xf2, 0x0, 0x0, 0x7f, 0xff, 0xff, 0xf3, 0x0,
    0x6f, 0xff, 0x70, 0x0, 0x0, 0x5f, 0xff, 0xff,
    0x20, 0x2, 0xff, 0xff, 0x30, 0x0, 0x0, 0x9f,
    0xff, 0xfa, 0x0, 0xb, 0xff, 0xff, 0xc9, 0x89,
    0xdf, 0xff, 0xff, 0xfb, 0x0, 0x2e, 0xff, 0xff,
    0xff, 0xff, 0xff, 0xff, 0xff, 0xf7, 0x0, 0x2d,
    0xff, 0xff, 0xff, 0xff, 0xf8, 0x2e, 0xfb, 0x0,
    0x0, 0x5, 0xad, 0xff, 0xfc, 0x82, 0x0, 0x19,
    0x0,

    /* U+0027 "'" */
    0x3f, 0xff, 0x63, 0xff, 0xf6, 0x3f, 0xff, 0x63,
    0xff, 0xf6, 0x3f, 0xff, 0x61, 0x88, 0x83,

    /* U+0028 "(" */
    0x0, 0x0, 0x0, 0x0, 0x0, 0x0, 0x0, 0xb6,
    0x0, 0x0, 0x0, 0x7f, 0xfa, 0x0, 0x0, 0x2f,
    0xff, 0xe1, 0x0, 0xb, 0xff, 0xf3, 0x0, 0x3,
    0xff, 0xf9, 0x0, 0x0, 0xaf, 0xfe, 0x10, 0x0,
    0x1f, 0xff, 0x70, 0x0, 0x7, 0xff, 0xf1, 0x0,
    0x0, 0xcf, 0xfa, 0x0, 0x0, 0xf, 0xff, 0x50,
    0x0, 0x4, 0xff, 0xf1, 0x0, 0x0, 0x7f, 0xfe,
    0x0, 0x0, 0x9, 0xff, 0xb0, 0x0, 0x0, 0xbf,
    0xf9, 0x0, 0x0, 0xc, 0xff, 0x80, 0x0, 0x0,
    0xcf, 0xf7, 0x0, 0x0, 0xc, 0xff, 0x70, 0x0,
    0x0, 0xcf, 0xf8, 0x0, 0x0, 0xb, 0xff, 0xa0,
    0x0, 0x0, 0x9f, 0xfc, 0x0, 0x0, 0x6, 0xff,
    0xe0, 0x0, 0x0, 0x3f, 0xff, 0x20, 0x0, 0x0,
    0xff, 0xf6, 0x0, 0x0, 0xb, 0xff, 0xc0, 0x0,
    0x0, 0x6f, 0xff, 0x20, 0x0, 0x0, 0xff, 0xf9,
    0x0, 0x0, 0x9, 0xff, 0xf2, 0x0, 0x0, 0x2f,
    0xff, 0xb0, 0x0, 0x0, 0x9f, 0xff, 0x60, 0x0,
    0x1, 0xef, 0xff, 0x20, 0x0, 0x5, 0xff, 0x70,
    0x0, 0x0, 0x7, 0x30, 0x0,

    /* U+0029 ")" */
    0x0, 0x0, 0x0, 0x0, 0x0, 0x1b, 0x50, 0x0,
    0x0, 0x3e, 0xff, 0x20, 0x0, 0x5, 0xff, 0xfb,
    0x0, 0x0, 0xa, 0xff, 0xf4, 0x0, 0x0, 0x1e,
    0xff, 0xc0, 0x0, 0x0, 0x6f, 0xff, 0x40, 0x0,
    0x0, 0xef, 0xfa, 0x0, 0x0, 0x7, 0xff, 0xf1,
    0x0, 0x0, 0x1f, 0xff, 0x50, 0x0, 0x0, 0xcf,
    0xfa, 0x0, 0x0, 0x7, 0xff, 0xd0, 0x0, 0x0,
    0x4f, 0xff, 0x0, 0x0, 0x2, 0xff, 0xf3, 0x0,
    0x0, 0xf, 0xff, 0x40, 0x0, 0x0, 0xef, 0xf5,
    0x0, 0x0, 0xe, 0xff, 0x60, 0x0, 0x0, 0xef,
    0xf6, 0x0, 0x0, 0xf, 0xff, 0x50, 0x0, 0x0,
    0xff, 0xf4, 0x0, 0x0, 0x2f, 0xff, 0x20, 0x0,
    0x5, 0xff, 0xf0, 0x0, 0x0, 0x8f, 0xfc, 0x0,
    0x0, 0xd, 0xff, 0x90, 0x0, 0x2, 0xff, 0xf4,
    0x0, 0x0, 0x8f, 0xff, 0x0, 0x0, 0xe, 0xff,
    0x90, 0x0, 0x8, 0xff, 0xf2, 0x0, 0x2, 0xff,
    0xfb, 0x0, 0x0, 0xcf, 0xff, 0x30, 0x0, 0x7f,
    0xff, 0x90, 0x0, 0x1, 0xcf, 0xd0, 0x0, 0x0,
    0x0, 0x83, 0x0, 0x0, 0x0,

    /* U+002A "*" */
    0x0, 0x0, 0xf, 0xff, 0x10, 0x0, 0x0, 0x0,
    0x0, 0xff, 0xf0, 0x0, 0x0, 0x2, 0x71, 0xe,
    0xff, 0x1, 0x73, 0x0, 0x8f, 0xfa, 0xef, 0xfa,
    0xff, 0x80, 0xd, 0xff, 0xff, 0xff, 0xff, 0xfd,
    0x0, 0x8c, 0xff, 0xff, 0xff, 0xfd, 0x80, 0x0,
    0x2, 0xef, 0xff, 0xf2, 0x0, 0x0, 0x0, 0xbf,
    0xff, 0xff, 0xb0, 0x0, 0x0, 0x8f, 0xff, 0x5f,
    0xff, 0x90, 0x0, 0x5, 0xff, 0x80, 0x7f, 0xf6,
    0x0, 0x0, 0x2, 0xa0, 0x0, 0xa2, 0x0, 0x0,

    /* U+002B "+" */
    0x0, 0x0, 0x0, 0xbd, 0xd0, 0x0, 0x0, 0x0,
    0x0, 0x0, 0xd, 0xff, 0x0, 0x0, 0x0, 0x0,
    0x0, 0x0, 0xdf, 0xf0, 0x0, 0x0, 0x0, 0x0,
    0x0, 0xd, 0xff, 0x0, 0x0, 0x0, 0x0, 0x0,
    0x0, 0xdf, 0xf0, 0x0, 0x0, 0x0, 0x0, 0x0,
    0xd, 0xff, 0x0, 0x0, 0x0, 0x3f, 0xff, 0xff,
    0xff, 0xff, 0xff, 0xff, 0x53, 0xff, 0xff, 0xff,
    0xff, 0xff, 0xff, 0xf5, 0x2e, 0xee, 0xee, 0xff,
    0xfe, 0xee, 0xee, 0x50, 0x0, 0x0, 0xd, 0xff,
    0x0, 0x0, 0x0, 0x0, 0x0, 0x0, 0xdf, 0xf0,
    0x0, 0x0, 0x0, 0x0, 0x0, 0xd, 0xff, 0x0,
    0x0, 0x0, 0x0, 0x0, 0x0, 0xdf, 0xf0, 0x0,
    0x0, 0x0, 0x0, 0x0, 0xd, 0xff, 0x0, 0x0,
    0x0,

    /* U+002C "," */
    0x3f, 0xff, 0x73, 0xff, 0xf8, 0x3f, 0xff, 0x83,
    0xff, 0xf8, 0x0, 0x4f, 0x70, 0x7, 0xf5, 0xb,
    0xff, 0x12, 0xfd, 0x40, 0x0, 0x0, 0x0,

    /* U+002D "-" */
    0x2e, 0xee, 0xee, 0xee, 0xeb, 0x3f, 0xff, 0xff,
    0xff, 0xfc, 0x3f, 0xff, 0xff, 0xff, 0xfc,

    /* U+002E "." */
    0x3c, 0xcc, 0x54, 0xff, 0xf6, 0x4f, 0xff, 0x64,
    0xff, 0xf6,

    /* U+002F "/" */
    0x0, 0x0, 0x0, 0x9f, 0xff, 0x10, 0x0, 0x0,
    0xd, 0xff, 0xc0, 0x0, 0x0, 0x1, 0xff, 0xf8,
    0x0, 0x0, 0x0, 0x5f, 0xff, 0x40, 0x0, 0x0,
    0x9, 0xff, 0xf0, 0x0, 0x0, 0x0, 0xef, 0xfc,
    0x0, 0x0, 0x0, 0x2f, 0xff, 0x70, 0x0, 0x0,
    0x6, 0xff, 0xf3, 0x0, 0x0, 0x0, 0xaf, 0xff,
    0x0, 0x0, 0x0, 0xe, 0xff, 0xb0, 0x0, 0x0,
    0x3, 0xff, 0xf7, 0x0, 0x0, 0x0, 0x7f, 0xff,
    0x20, 0x0, 0x0, 0xb, 0xff, 0xe0, 0x0, 0x0,
    0x0, 0xff, 0xfa, 0x0, 0x0, 0x0, 0x3f, 0xff,
    0x60, 0x0, 0x0, 0x8, 0xff, 0xf2, 0x0, 0x0,
    0x0, 0xcf, 0xfe, 0x0, 0x0, 0x0, 0xf, 0xff,
    0x90, 0x0, 0x0, 0x4, 0xff, 0xf5, 0x0, 0x0,
    0x0, 0x8f, 0xff, 0x10, 0x0, 0x0, 0xd, 0xff,
    0xd0, 0x0, 0x0, 0x1, 0xff, 0xf9, 0x0, 0x0,
    0x0,

    /* U+0030 "0" */
    0x0, 0x0, 0x5b, 0xef, 0xfd, 0x93, 0x0, 0x0,
    0x0, 0x2d, 0xff, 0xff, 0xff, 0xff, 0xa0, 0x0,
    0x2, 0xef, 0xff, 0xff, 0xff, 0xff, 0xfc, 0x0,
    0xc, 0xff, 0xff, 0xb7, 0x8c, 0xff, 0xff, 0x80,
    0x5f, 0xff, 0xe3, 0x0, 0x0, 0x6f, 0xff, 0xf1,
    0xaf, 0xff, 0x40, 0x0, 0x0, 0x8, 0xff, 0xf6,
    0xdf, 0xfe, 0x0, 0x0, 0x0, 0x2, 0xff, 0xf9,
    0xef, 0xfc, 0x0, 0x0, 0x0, 0x0, 0xff, 0xfa,
    0xef, 0xfc, 0x0, 0x0, 0x0, 0x0, 0xff, 0xfa,
    0xef, 0xfc, 0x0, 0x0, 0x0, 0x0, 0xff, 0xfa,
    0xef, 0xfc, 0x0, 0x0, 0x0, 0x0, 0xff, 0xfa,
    0xef, 0xfc, 0x0, 0x0, 0x0, 0x0, 0xff, 0xfa,
    0xef, 0xfc, 0x0, 0x0, 0x0, 0x0, 0xff, 0xfa,
    0xef, 0xfc, 0x0, 0x0, 0x0, 0x0, 0xff, 0xfa,
    0xef, 0xfc, 0x0, 0x0, 0x0, 0x0, 0xff, 0xfa,
    0xdf, 0xfe, 0x0, 0x0, 0x0, 0x2, 0xff, 0xf9,
    0xaf, 0xff, 0x50, 0x0, 0x0, 0x9, 0xff, 0xf6,
    0x5f, 0xff, 0xe3, 0x0, 0x0, 0x6f, 0xff, 0xf1,
    0xc, 0xff, 0xff, 0xb8, 0x8d, 0xff, 0xff, 0x80,
    0x2, 0xef, 0xff, 0xff, 0xff, 0xff, 0xfc, 0x0,
    0x0, 0x2d, 0xff, 0xff, 0xff, 0xff, 0xa0, 0x0,
    0x0, 0x0, 0x5b, 0xef, 0xfd, 0x93, 0x0, 0x0,

    /* U+0031 "1" */
    0x0, 0x3, 0xcf, 0xff, 0x80, 0x9, 0xff, 0xff,
    0xf8, 0x1e, 0xff, 0xff, 0xff, 0x83, 0xff, 0xff,
    0xff, 0xf8, 0x3f, 0xfd, 0x6f, 0xff, 0x83, 0xf7,
    0x2, 0xff, 0xf8, 0x12, 0x0, 0x2f, 0xff, 0x80,
    0x0, 0x2, 0xff, 0xf8, 0x0, 0x0, 0x2f, 0xff,
    0x80, 0x0, 0x2, 0xff, 0xf8, 0x0, 0x0, 0x2f,
    0xff, 0x80, 0x0, 0x2, 0xff, 0xf8, 0x0, 0x0,
    0x2f, 0xff, 0x80, 0x0, 0x2, 0xff, 0xf8, 0x0,
    0x0, 0x2f, 0xff, 0x80, 0x0, 0x2, 0xff, 0xf8,
    0x0, 0x0, 0x2f, 0xff, 0x80, 0x0, 0x2, 0xff,
    0xf8, 0x0, 0x0, 0x2f, 0xff, 0x80, 0x0, 0x2,
    0xff, 0xf8, 0x0, 0x0, 0x2f, 0xff, 0x80, 0x0,
    0x2, 0xff, 0xf8,

    /* U+0032 "2" */
    0x0, 0x0, 0x4a, 0xdf, 0xfd, 0xa3, 0x0, 0x0,
    0x0, 0x1b, 0xff, 0xff, 0xff, 0xff, 0xa0, 0x0,
    0x0, 0xcf, 0xff, 0xff, 0xff, 0xff, 0xfb, 0x0,
    0x8, 0xff, 0xff, 0xc8, 0x8c, 0xff, 0xff, 0x60,
    0xf, 0xff, 0xf6, 0x0, 0x0, 0x7f, 0xff, 0xe0,
    0x4f, 0xff, 0xa0, 0x0, 0x0, 0xb, 0xff, 0xf2,
    0x6f, 0xff, 0x50, 0x0, 0x0, 0x6, 0xff, 0xf5,
    0x12, 0x22, 0x0, 0x0, 0x0, 0x6, 0xff, 0xf5,
    0x0, 0x0, 0x0, 0x0, 0x0, 0xa, 0xff, 0xf4,
    0x0, 0x0, 0x0, 0x0, 0x0, 0x3f, 0xff, 0xf0,
    0x0, 0x0, 0x0, 0x0, 0x3, 0xef, 0xff, 0x90,
    0x0, 0x0, 0x0, 0x0, 0x4f, 0xff, 0xfd, 0x0,
    0x0, 0x0, 0x0, 0x6, 0xff, 0xff, 0xd1, 0x0,
    0x0, 0x0, 0x0, 0x8f, 0xff, 0xfc, 0x10, 0x0,
    0x0, 0x0, 0xa, 0xff, 0xff, 0xa0, 0x0, 0x0,
    0x0, 0x0, 0xbf, 0xff, 0xf8, 0x0, 0x0, 0x0,
    0x0, 0x1c, 0xff, 0xff, 0x60, 0x0, 0x0, 0x0,
    0x2, 0xef, 0xff, 0xf5, 0x0, 0x0, 0x0, 0x0,
    0x3e, 0xff, 0xff, 0xb7, 0x77, 0x77, 0x77, 0x72,
    0x8f, 0xff, 0xff, 0xff, 0xff, 0xff, 0xff, 0xf5,
    0x8f, 0xff, 0xff, 0xff, 0xff, 0xff, 0xff, 0xf5,
    0x8f, 0xff, 0xff, 0xff, 0xff, 0xff, 0xff, 0xf5,

    /* U+0033 "3" */
    0xf, 0xff, 0xff, 0xff, 0xff, 0xff, 0xff, 0x40,
    0xff, 0xff, 0xff, 0xff, 0xff, 0xff, 0xf4, 0xf,
    0xff, 0xff, 0xff, 0xff, 0xff, 0xff, 0x40, 0x77,
    0x77, 0x77, 0x77, 0xaf, 0xff, 0xf2, 0x0, 0x0,
    0x0, 0x0, 0x5f, 0xff, 0xf3, 0x0, 0x0, 0x0,
    0x0, 0x8f, 0xff, 0xe3, 0x0, 0x0, 0x0, 0x0,
    0xaf, 0xff, 0xe2, 0x0, 0x0, 0x0, 0x1, 0xcf,
    0xff, 0xd1, 0x0, 0x0, 0x0, 0x1, 0xef, 0xff,
    0xff, 0xc4, 0x0, 0x0, 0x0, 0xc, 0xff, 0xff,
    0xff, 0xf8, 0x0, 0x0, 0x0, 0x3f, 0xff, 0xff,
    0xff, 0xf5, 0x0, 0x0, 0x0, 0x41, 0x3, 0xbf,
    0xff, 0xe0, 0x0, 0x0, 0x0, 0x0, 0x0, 0xbf,
    0xff, 0x50, 0x0, 0x0, 0x0, 0x0, 0x3, 0xff,
    0xf8, 0x0, 0x0, 0x0, 0x0, 0x0, 0xf, 0xff,
    0xa0, 0x0, 0x0, 0x0, 0x0, 0x1, 0xff, 0xf9,
    0x49, 0xde, 0x0, 0x0, 0x0, 0x6f, 0xff, 0x68,
    0xff, 0xfa, 0x0, 0x0, 0x3f, 0xff, 0xf1, 0x1f,
    0xff, 0xfe, 0x97, 0xaf, 0xff, 0xf9, 0x0, 0x4f,
    0xff, 0xff, 0xff, 0xff, 0xfd, 0x0, 0x0, 0x4e,
    0xff, 0xff, 0xff, 0xfb, 0x10, 0x0, 0x0, 0x17,
    0xcf, 0xfe, 0xa4, 0x0, 0x0,

    /* U+0034 "4" */
    0x0, 0x0, 0x0, 0xc, 0xff, 0xf5, 0x0, 0x0,
    0x0, 0x0, 0x0, 0x4f, 0xff, 0xd0, 0x0, 0x0,
    0x0, 0x0, 0x0, 0xbf, 0xff, 0x60, 0x0, 0x0,
    0x0, 0x0, 0x3, 0xff, 0xfe, 0x0, 0x0, 0x0,
    0x0, 0x0, 0xa, 0xff, 0xf7, 0x0, 0x0, 0x0,
    0x0, 0x0, 0x2f, 0xff, 0xf1, 0x0, 0x0, 0x0,
    0x0, 0x0, 0x9f, 0xff, 0x80, 0x0, 0x0, 0x0,
    0x0, 0x1, 0xff, 0xff, 0x10, 0x0, 0x0, 0x0,
    0x0, 0x8, 0xff, 0xfa, 0x0, 0x0, 0x0, 0x0,
    0x0, 0xe, 0xff, 0xf2, 0x0, 0xcd, 0xd9, 0x0,
    0x0, 0x6f, 0xff, 0xb0, 0x0, 0xff, 0xfb, 0x0,
    0x0, 0xdf, 0xff, 0x30, 0x0, 0xff, 0xfb, 0x0,
    0x5, 0xff, 0xfc, 0x0, 0x0, 0xff, 0xfb, 0x0,
    0xc, 0xff, 0xf5, 0x0, 0x0, 0xff, 0xfb, 0x0,
    0x4f, 0xff, 0xd0, 0x0, 0x0, 0xff, 0xfb, 0x0,
    0x8f, 0xff, 0xff, 0xff, 0xff, 0xff, 0xff, 0xfc,
    0x8f, 0xff, 0xff, 0xff, 0xff, 0xff, 0xff, 0xfc,
    0x8f, 0xff, 0xff, 0xff, 0xff, 0xff, 0xff, 0xfc,
    0x37, 0x77, 0x77, 0x77, 0x77, 0xff, 0xfd, 0x75,
    0x0, 0x0, 0x0, 0x0, 0x0, 0xff, 0xfb, 0x0,
    0x0, 0x0, 0x0, 0x0, 0x0, 0xff, 0xfb, 0x0,
    0x0, 0x0, 0x0, 0x0, 0x0, 0xff, 0xfb, 0x0,

    /* U+0035 "5" */
    0x2, 0xff, 0xff, 0xff, 0xff, 0xff, 0xfa, 0x0,
    0x3, 0xff, 0xff, 0xff, 0xff, 0xff, 0xfa, 0x0,
    0x4, 0xff, 0xff, 0xff, 0xff, 0xff, 0xfa, 0x0,
    0x4, 0xff, 0xf8, 0x77, 0x77, 0x77, 0x74, 0x0,
    0x5, 0xff, 0xf0, 0x0, 0x0, 0x0, 0x0, 0x0,
    0x6, 0xff, 0xf0, 0x0, 0x0, 0x0, 0x0, 0x0,
    0x7, 0xff, 0xe0, 0x0, 0x0, 0x0, 0x0, 0x0,
    0x8, 0xff, 0xd0, 0x14, 0x43, 0x0, 0x0, 0x0,
    0x9, 0xff, 0xeb, 0xff, 0xff, 0xe8, 0x0, 0x0,
    0xa, 0xff, 0xff, 0xff, 0xff, 0xff, 0xd1, 0x0,
    0xb, 0xff, 0xff, 0xff, 0xff, 0xff, 0xfc, 0x0,
    0x6, 0xdf, 0xf8, 0x20, 0x17, 0xff, 0xff, 0x50,
    0x0, 0x2, 0x30, 0x0, 0x0, 0x5f, 0xff, 0xc0,
    0x0, 0x0, 0x0, 0x0, 0x0, 0xc, 0xff, 0xf0,
    0x0, 0x0, 0x0, 0x0, 0x0, 0x9, 0xff, 0xf1,
    0x0, 0x2, 0x0, 0x0, 0x0, 0xa, 0xff, 0xf0,
    0x3a, 0xef, 0x40, 0x0, 0x0, 0x1f, 0xff, 0xd0,
    0x2f, 0xff, 0xe3, 0x0, 0x1, 0xcf, 0xff, 0x80,
    0xa, 0xff, 0xff, 0xb8, 0xaf, 0xff, 0xfe, 0x0,
    0x1, 0xdf, 0xff, 0xff, 0xff, 0xff, 0xf3, 0x0,
    0x0, 0x1c, 0xff, 0xff, 0xff, 0xfd, 0x30, 0x0,
    0x0, 0x0, 0x5b, 0xef, 0xeb, 0x60, 0x0, 0x0,

    /* U+0036 "6" */
    0x0, 0x0, 0x5a, 0xef, 0xfd, 0xa4, 0x0, 0x0,
    0x0, 0x2c, 0xff, 0xff, 0xff, 0xff, 0xa0, 0x0,
    0x2, 0xef, 0xff, 0xff, 0xff, 0xff, 0xf6, 0x0,
    0xc, 0xff, 0xff, 0xa7, 0x7b, 0xff, 0x70, 0x0,
    0x4f, 0xff, 0xe3, 0x0, 0x0, 0x45, 0x0, 0x0,
    0x9f, 0xff, 0x40, 0x0, 0x0, 0x0, 0x0, 0x0,
    0xcf, 0xfe, 0x0, 0x0, 0x0, 0x0, 0x0, 0x0,
    0xef, 0xfc, 0x0, 0x14, 0x42, 0x0, 0x0, 0x0,
    0xef, 0xfc, 0x3c, 0xff, 0xff, 0xe7, 0x0, 0x0,
    0xef, 0xff, 0xff, 0xff, 0xff, 0xff, 0xc1, 0x0,
    0xef, 0xff, 0xff, 0xff, 0xff, 0xff, 0xfb, 0x0,
    0xef, 0xff, 0xfa, 0x20, 0x18, 0xff, 0xff, 0x50,
    0xef, 0xff, 0x90, 0x0, 0x0, 0x6f, 0xff, 0xb0,
    0xef, 0xff, 0x0, 0x0, 0x0, 0xd, 0xff, 0xf0,
    0xef, 0xfd, 0x0, 0x0, 0x0, 0xa, 0xff, 0xf0,
    0xdf, 0xfe, 0x0, 0x0, 0x0, 0xb, 0xff, 0xf0,
    0xaf, 0xff, 0x40, 0x0, 0x0, 0x1f, 0xff, 0xd0,
    0x4f, 0xff, 0xe2, 0x0, 0x1, 0xcf, 0xff, 0x80,
    0xc, 0xff, 0xff, 0xb8, 0xaf, 0xff, 0xfe, 0x10,
    0x2, 0xef, 0xff, 0xff, 0xff, 0xff, 0xf3, 0x0,
    0x0, 0x2d, 0xff, 0xff, 0xff, 0xfd, 0x30, 0x0,
    0x0, 0x0, 0x6b, 0xef, 0xeb, 0x60, 0x0, 0x0,

    /* U+0037 "7" */
    0xcf, 0xff, 0xff, 0xff, 0xff, 0xff, 0xf8, 0xcf,
    0xff, 0xff, 0xff, 0xff, 0xff, 0xf8, 0xcf, 0xff,
    0xff, 0xff, 0xff, 0xff, 0xf8, 0x67, 0x77, 0x77,
    0x77, 0x7b, 0xff, 0xf7, 0x0, 0x0, 0x0, 0x0,
    0xc, 0xff, 0xf1, 0x0, 0x0, 0x0, 0x0, 0x2f,
    0xff, 0xb0, 0x0, 0x0, 0x0, 0x0, 0x9f, 0xff,
    0x40, 0x0, 0x0, 0x0, 0x0, 0xff, 0xfe, 0x0,
    0x0, 0x0, 0x0, 0x6, 0xff, 0xf7, 0x0, 0x0,
    0x0, 0x0, 0xc, 0xff, 0xf1, 0x0, 0x0, 0x0,
    0x0, 0x2f, 0xff, 0xb0, 0x0, 0x0, 0x0, 0x0,
    0x9f, 0xff, 0x40, 0x0, 0x0, 0x0, 0x0, 0xff,
    0xfe, 0x0, 0x0, 0x0, 0x0, 0x6, 0xff, 0xf7,
    0x0, 0x0, 0x0, 0x0, 0xc, 0xff, 0xf1, 0x0,
    0x0, 0x0, 0x0, 0x3f, 0xff, 0xb0, 0x0, 0x0,
    0x0, 0x0, 0x9f, 0xff, 0x40, 0x0, 0x0, 0x0,
    0x0, 0xff, 0xfe, 0x0, 0x0, 0x0, 0x0, 0x6,
    0xff, 0xf7, 0x0, 0x0, 0x0, 0x0, 0xc, 0xff,
    0xf1, 0x0, 0x0, 0x0, 0x0, 0x3f, 0xff, 0xb0,
    0x0, 0x0, 0x0, 0x0, 0x9f, 0xff, 0x40, 0x0,
    0x0, 0x0,

    /* U+0038 "8" */
    0x0, 0x0, 0x39, 0xdf, 0xfe, 0xb5, 0x0, 0x0,
    0x0, 0x9, 0xff, 0xff, 0xff, 0xff, 0xd2, 0x0,
    0x0, 0x9f, 0xff, 0xff, 0xff, 0xff, 0xfe, 0x10,
    0x3, 0xff, 0xff, 0xc8, 0x7a, 0xff, 0xff, 0x80,
    0x8, 0xff, 0xf9, 0x0, 0x0, 0x3f, 0xff, 0xd0,
    0xa, 0xff, 0xf3, 0x0, 0x0, 0xd, 0xff, 0xf0,
    0x9, 0xff, 0xf5, 0x0, 0x0, 0xf, 0xff, 0xe0,
    0x4, 0xff, 0xfe, 0x50, 0x3, 0xbf, 0xff, 0xa0,
    0x0, 0xcf, 0xff, 0xff, 0xff, 0xff, 0xff, 0x30,
    0x0, 0x1f, 0xff, 0xff, 0xff, 0xff, 0xf7, 0x0,
    0x0, 0x9f, 0xff, 0xff, 0xff, 0xff, 0xfd, 0x10,
    0x4, 0xff, 0xff, 0xd9, 0x8b, 0xff, 0xff, 0xa0,
    0xb, 0xff, 0xf8, 0x0, 0x0, 0x3f, 0xff, 0xf2,
    0xf, 0xff, 0xe0, 0x0, 0x0, 0x8, 0xff, 0xf6,
    0x2f, 0xff, 0xa0, 0x0, 0x0, 0x4, 0xff, 0xf8,
    0x2f, 0xff, 0xa0, 0x0, 0x0, 0x4, 0xff, 0xf8,
    0xf, 0xff, 0xe0, 0x0, 0x0, 0x8, 0xff, 0xf6,
    0xc, 0xff, 0xf8, 0x0, 0x0, 0x3f, 0xff, 0xf2,
    0x5, 0xff, 0xff, 0xc8, 0x7a, 0xff, 0xff, 0xb0,
    0x0, 0xaf, 0xff, 0xff, 0xff, 0xff, 0xfe, 0x10,
    0x0, 0x9, 0xff, 0xff, 0xff, 0xff, 0xc2, 0x0,
    0x0, 0x0, 0x39, 0xdf, 0xfe, 0xb5, 0x0, 0x0,

    /* U+0039 "9" */
    0x0, 0x0, 0x28, 0xdf, 0xfd, 0x93, 0x0, 0x0,
    0x0, 0x7, 0xff, 0xff, 0xff, 0xff, 0x90, 0x0,
    0x0, 0x9f, 0xff, 0xff, 0xff, 0xff, 0xfb, 0x0,
    0x5, 0xff, 0xff, 0xd9, 0x8c, 0xff, 0xff, 0x60,
    0xe, 0xff, 0xf7, 0x0, 0x0, 0x6f, 0xff, 0xe0,
    0x3f, 0xff, 0xa0, 0x0, 0x0, 0x8, 0xff, 0xf4,
    0x5f, 0xff, 0x50, 0x0, 0x0, 0x3, 0xff, 0xf7,
    0x5f, 0xff, 0x40, 0x0, 0x0, 0x2, 0xff, 0xf8,
    0x4f, 0xff, 0x90, 0x0, 0x0, 0x7, 0xff, 0xf8,
    0xf, 0xff, 0xf4, 0x0, 0x0, 0x3f, 0xff, 0xf8,
    0x8, 0xff, 0xff, 0xa6, 0x59, 0xff, 0xff, 0xf8,
    0x0, 0xdf, 0xff, 0xff, 0xff, 0xff, 0xff, 0xf8,
    0x0, 0x1c, 0xff, 0xff, 0xff, 0xfb, 0xff, 0xf8,
    0x0, 0x0, 0x5b, 0xef, 0xeb, 0x42, 0xff, 0xf8,
    0x0, 0x0, 0x0, 0x0, 0x0, 0x2, 0xff, 0xf8,
    0x0, 0x0, 0x0, 0x0, 0x0, 0x4, 0xff, 0xf7,
    0x0, 0x0, 0x0, 0x0, 0x0, 0xb, 0xff, 0xf3,
    0x0, 0x0, 0x92, 0x0, 0x0, 0x8f, 0xff, 0xe0,
    0x0, 0xc, 0xff, 0xa7, 0x8d, 0xff, 0xff, 0x60,
    0x0, 0xbf, 0xff, 0xff, 0xff, 0xff, 0xfb, 0x0,
    0x0, 0x3d, 0xff, 0xff, 0xff, 0xff, 0x90, 0x0,
    0x0, 0x0, 0x6b, 0xef, 0xfd, 0x92, 0x0, 0x0,

    /* U+003A ":" */
    0x8c, 0xcc, 0xa, 0xff, 0xf0, 0xaf, 0xff, 0xa,
    0xff, 0xf0, 0x0, 0x0, 0x0, 0x0, 0x0, 0x0,
    0x0, 0x0, 0x0, 0x0, 0x0, 0x0, 0x8, 0xcc,
    0xc0, 0xbf, 0xff, 0xb, 0xff, 0xf0, 0xbf, 0xff,
    0x0,

    /* U+003B ";" */
    0xbf, 0xff, 0xbf, 0xff, 0xbf, 0xff, 0x8c, 0xcc,
    0x0, 0x0, 0x0, 0x0, 0x0, 0x0, 0x0, 0x0,
    0x0, 0x0, 0x0, 0x0, 0x0, 0x0, 0x0, 0x0,
    0x0, 0x0, 0xaf, 0xff, 0xbf, 0xff, 0xbf, 0xff,
    0xbf, 0xff, 0x0, 0xcf, 0x0, 0xed, 0x5d, 0xf8,
    0x9e, 0x90, 0x0, 0x0,

    /* U+003C "<" */
    0x0, 0x0, 0x0, 0x2b, 0x10, 0x0, 0x0, 0x2,
    0xef, 0xc1, 0x0, 0x0, 0x2e, 0xff, 0xf5, 0x0,
    0x2, 0xef, 0xff, 0x60, 0x0, 0x1e, 0xff, 0xf6,
    0x0, 0x1, 0xdf, 0xff, 0x60, 0x0, 0x1d, 0xff,
    0xf6, 0x0, 0x0, 0x8f, 0xff, 0xc0, 0x0, 0x0,
    0xa, 0xff, 0xfa, 0x0, 0x0, 0x0, 0xaf, 0xff,
    0xa0, 0x0, 0x0, 0xb, 0xff, 0xfa, 0x0, 0x0,
    0x0, 0xbf, 0xff, 0xb0, 0x0, 0x0, 0xb, 0xff,
    0xf6, 0x0, 0x0, 0x0, 0xbf, 0x90, 0x0, 0x0,
    0x0, 0x6, 0x0,

    /* U+003D "=" */
    0x5e, 0xee, 0xee, 0xee, 0xee, 0xee, 0xee, 0xec,
    0x6f, 0xff, 0xff, 0xff, 0xff, 0xff, 0xff, 0xfe,
    0x6f, 0xff, 0xff, 0xff, 0xff, 0xff, 0xff, 0xfe,
    0x0, 0x0, 0x0, 0x0, 0x0, 0x0, 0x0, 0x0,
    0x0, 0x0, 0x0, 0x0, 0x0, 0x0, 0x0, 0x0,
    0x0, 0x0, 0x0, 0x0, 0x0, 0x0, 0x0, 0x0,
    0x5e, 0xee, 0xee, 0xee, 0xee, 0xee, 0xee, 0xec,
    0x6f, 0xff, 0xff, 0xff, 0xff, 0xff, 0xff, 0xfe,
    0x6f, 0xff, 0xff, 0xff, 0xff, 0xff, 0xff, 0xfe,

    /* U+003E ">" */
    0x0, 0xb3, 0x0, 0x0, 0x0, 0xb, 0xff, 0x30,
    0x0, 0x0, 0x3f, 0xff, 0xf3, 0x0, 0x0, 0x5,
    0xff, 0xff, 0x30, 0x0, 0x0, 0x5f, 0xff, 0xe3,
    0x0, 0x0, 0x4, 0xff, 0xfe, 0x20, 0x0, 0x0,
    0x4f, 0xff, 0xe2, 0x0, 0x0, 0xa, 0xff, 0xfa,
    0x0, 0x0, 0x8f, 0xff, 0xc0, 0x0, 0x9, 0xff,
    0xfc, 0x0, 0x0, 0x9f, 0xff, 0xc0, 0x0, 0x9,
    0xff, 0xfc, 0x0, 0x0, 0x4f, 0xff, 0xc1, 0x0,
    0x0, 0x7, 0xfd, 0x10, 0x0, 0x0, 0x0, 0x61,
    0x0, 0x0, 0x0,

    /* U+003F "?" */
    0x0, 0x1, 0x8c, 0xff, 0xeb, 0x60, 0x0, 0x0,
    0x4, 0xef, 0xff, 0xff, 0xff, 0xd2, 0x0, 0x3,
    0xff, 0xff, 0xff, 0xff, 0xff, 0xe1, 0x0, 0xcf,
    0xff, 0xe8, 0x7a, 0xff, 0xff, 0x80, 0x2f, 0xff,
    0xc0, 0x0, 0x4, 0xff, 0xfe, 0x6, 0xff, 0xf6,
    0x0, 0x0, 0xc, 0xff, 0xf1, 0x12, 0x22, 0x0,
    0x0, 0x0, 0xcf, 0xff, 0x10, 0x0, 0x0, 0x0,
    0x0, 0xe, 0xff, 0xe0, 0x0, 0x0, 0x0, 0x0,
    0x6, 0xff, 0xf8, 0x0, 0x0, 0x0, 0x0, 0x5,
    0xff, 0xfe, 0x10, 0x0, 0x0, 0x0, 0x8, 0xff,
    0xff, 0x40, 0x0, 0x0, 0x0, 0x9, 0xff, 0xff,
    0x50, 0x0, 0x0, 0x0, 0x3, 0xff, 0xff, 0x50,
    0x0, 0x0, 0x0, 0x0, 0x9f, 0xff, 0x70, 0x0,
    0x0, 0x0, 0x0, 0xd, 0xff, 0xf0, 0x0, 0x0,
    0x0, 0x0, 0x0, 0xff, 0xfd, 0x0, 0x0, 0x0,
    0x0, 0x0, 0x1, 0x11, 0x10, 0x0, 0x0, 0x0,
    0x0, 0x0, 0x1, 0x10, 0x0, 0x0, 0x0, 0x0,
    0x0, 0xf, 0xff, 0xd0, 0x0, 0x0, 0x0, 0x0,
    0x0, 0xff, 0xfd, 0x0, 0x0, 0x0, 0x0, 0x0,
    0xf, 0xff, 0xd0, 0x0, 0x0, 0x0, 0x0, 0x0,
    0xff, 0xfd, 0x0, 0x0, 0x0,

    /* U+0040 "@" */
    0x0, 0x0, 0x0, 0x5, 0x9d, 0xff, 0xfe, 0xb7,
    0x20, 0x0, 0x0, 0x0, 0x0, 0x0, 0x6, 0xef,
    0xff, 0xff, 0xff, 0xff, 0xfb, 0x20, 0x0, 0x0,
    0x0, 0x0, 0xaf, 0xff, 0xff, 0xfe, 0xef, 0xff,
    0xff, 0xf5, 0x0, 0x0, 0x0, 0xb, 0xff, 0xfd,
    0x62, 0x0, 0x0, 0x49, 0xff, 0xff, 0x50, 0x0,
    0x0, 0x8f, 0xff, 0x70, 0x0, 0x0, 0x0, 0x0,
    0x2c, 0xff, 0xf2, 0x0, 0x2, 0xff, 0xf6, 0x0,
    0x0, 0x0, 0x0, 0x0, 0x0, 0xcf, 0xfc, 0x0,
    0x9, 0xff, 0xa0, 0x0, 0x3a, 0xef, 0xd9, 0x69,
    0x60, 0x1f, 0xff, 0x30, 0xf, 0xff, 0x20, 0x7,
    0xff, 0xff, 0xff, 0xff, 0xb0, 0x9, 0xff, 0x90,
    0x3f, 0xfd, 0x0, 0x4f, 0xff, 0xfe, 0xff, 0xff,
    0xb0, 0x4, 0xff, 0xc0, 0x6f, 0xf9, 0x0, 0xbf,
    0xfc, 0x10, 0xb, 0xff, 0xb0, 0x1, 0xff, 0xe0,
    0x8f, 0xf7, 0x0, 0xff, 0xf2, 0x0, 0x2, 0xff,
    0xb0, 0x0, 0xff, 0xf0, 0x9f, 0xf7, 0x0, 0xff,
    0xf0, 0x0, 0x0, 0xff, 0xa0, 0x1, 0xff, 0xf0,
    0x9f, 0xf7, 0x0, 0xff, 0xf2, 0x0, 0x1, 0xff,
    0xb0, 0x3, 0xff, 0xd0, 0x7f, 0xf9, 0x0, 0xbf,
    0xfc, 0x10, 0x1b, 0xff, 0xf2, 0x9, 0xff, 0xa0,
    0x5f, 0xfd, 0x0, 0x4f, 0xff, 0xff, 0xff, 0xff,
    0xff, 0xff, 0xff, 0x50, 0x1f, 0xff, 0x20, 0x7,
    0xff, 0xff, 0xff, 0xdf, 0xff, 0xff, 0xfb, 0x0,
    0xb, 0xff, 0xb0, 0x0, 0x4b, 0xef, 0xd8, 0x3,
    0xbf, 0xfd, 0x80, 0x0, 0x3, 0xff, 0xf6, 0x0,
    0x0, 0x0, 0x0, 0x0, 0x0, 0x0, 0x0, 0x0,
    0x0, 0x9f, 0xff, 0x80, 0x0, 0x0, 0x0, 0x0,
    0x0, 0x0, 0x0, 0x0, 0x0, 0xc, 0xff, 0xfd,
    0x72, 0x0, 0x1, 0x54, 0x0, 0x0, 0x0, 0x0,
    0x0, 0x0, 0xaf, 0xff, 0xff, 0xfe, 0xef, 0xfc,
    0x0, 0x0, 0x0, 0x0, 0x0, 0x0, 0x5, 0xef,
    0xff, 0xff, 0xff, 0xff, 0x10, 0x0, 0x0, 0x0,
    0x0, 0x0, 0x0, 0x5, 0x9d, 0xff, 0xfd, 0xa6,
    0x0, 0x0, 0x0, 0x0,

    /* U+0041 "A" */
    0x0, 0x0, 0x0, 0xb, 0xff, 0xff, 0xd0, 0x0,
    0x0, 0x0, 0x0, 0x0, 0x0, 0x1f, 0xff, 0xff,
    0xf2, 0x0, 0x0, 0x0, 0x0, 0x0, 0x0, 0x5f,
    0xff, 0xff, 0xf7, 0x0, 0x0, 0x0, 0x0, 0x0,
    0x0, 0xaf, 0xff, 0xff, 0xfc, 0x0, 0x0, 0x0,
    0x0, 0x0, 0x0, 0xff, 0xfb, 0xbf, 0xff, 0x10,
    0x0, 0x0, 0x0, 0x0, 0x4, 0xff, 0xf6, 0x6f,
    0xff, 0x60, 0x0, 0x0, 0x0, 0x0, 0x9, 0xff,
    0xf1, 0x1f, 0xff, 0xb0, 0x0, 0x0, 0x0, 0x0,
    0xe, 0xff, 0xc0, 0xc, 0xff, 0xf0, 0x0, 0x0,
    0x0, 0x0, 0x3f, 0xff, 0x70, 0x7, 0xff, 0xf5,
    0x0, 0x0, 0x0, 0x0, 0x8f, 0xff, 0x30, 0x2,
    0xff, 0xfa, 0x0, 0x0, 0x0, 0x0, 0xdf, 0xfe,
    0x0, 0x0, 0xdf, 0xff, 0x0, 0x0, 0x0, 0x2,
    0xff, 0xf9, 0x0, 0x0, 0x8f, 0xff, 0x40, 0x0,
    0x0, 0x7, 0xff, 0xf4, 0x0, 0x0, 0x2f, 0xff,
    0x90, 0x0, 0x0, 0xc, 0xff, 0xe0, 0x0, 0x0,
    0xd, 0xff, 0xe0, 0x0, 0x0, 0x1f, 0xff, 0xff,
    0xff, 0xff, 0xff, 0xff, 0xf3, 0x0, 0x0, 0x6f,
    0xff, 0xff, 0xff, 0xff, 0xff, 0xff, 0xf8, 0x0,
    0x0, 0xbf, 0xff, 0xff, 0xff, 0xff, 0xff, 0xff,
    0xfd, 0x0, 0x0, 0xff, 0xfc, 0x77, 0x77, 0x77,
    0x77, 0xcf, 0xff, 0x10, 0x5, 0xff, 0xf6, 0x0,
    0x0, 0x0, 0x0, 0x4f, 0xff, 0x60, 0xa, 0xff,
    0xf1, 0x0, 0x0, 0x0, 0x0, 0xf, 0xff, 0xb0,
    0xe, 0xff, 0xc0, 0x0, 0x0, 0x0, 0x0, 0xa,
    0xff, 0xf1, 0x4f, 0xff, 0x70, 0x0, 0x0, 0x0,
    0x0, 0x5, 0xff, 0xf5,

    /* U+0042 "B" */
    0xef, 0xff, 0xff, 0xff, 0xff, 0xc7, 0x0, 0x0,
    0xe, 0xff, 0xff, 0xff, 0xff, 0xff, 0xfe, 0x20,
    0x0, 0xef, 0xff, 0xff, 0xff, 0xff, 0xff, 0xfe,
    0x10, 0xe, 0xff, 0xd7, 0x77, 0x77, 0x9f, 0xff,
    0xf8, 0x0, 0xef, 0xfc, 0x0, 0x0, 0x0, 0x2f,
    0xff, 0xd0, 0xe, 0xff, 0xc0, 0x0, 0x0, 0x0,
    0xbf, 0xff, 0x0, 0xef, 0xfc, 0x0, 0x0, 0x0,
    0xb, 0xff, 0xf0, 0xe, 0xff, 0xc0, 0x0, 0x0,
    0x2, 0xff, 0xfd, 0x0, 0xef, 0xfd, 0x77, 0x77,
    0x79, 0xff, 0xff, 0x60, 0xe, 0xff, 0xff, 0xff,
    0xff, 0xff, 0xff, 0xa0, 0x0, 0xef, 0xff, 0xff,
    0xff, 0xff, 0xff, 0xf8, 0x0, 0xe, 0xff, 0xff,
    0xff, 0xff, 0xff, 0xff, 0xfa, 0x0, 0xef, 0xfc,
    0x0, 0x0, 0x0, 0x4d, 0xff, 0xf5, 0xe, 0xff,
    0xc0, 0x0, 0x0, 0x0, 0x1f, 0xff, 0xc0, 0xef,
    0xfc, 0x0, 0x0, 0x0, 0x0, 0xbf, 0xff, 0xe,
    0xff, 0xc0, 0x0, 0x0, 0x0, 0xa, 0xff, 0xf0,
    0xef, 0xfc, 0x0, 0x0, 0x0, 0x0, 0xdf, 0xff,
    0xe, 0xff, 0xc0, 0x0, 0x0, 0x0, 0x7f, 0xff,
    0xc0, 0xef, 0xfe, 0x77, 0x77, 0x78, 0xcf, 0xff,
    0xf6, 0xe, 0xff, 0xff, 0xff, 0xff, 0xff, 0xff,
    0xfd, 0x0, 0xef, 0xff, 0xff, 0xff, 0xff, 0xff,
    0xfd, 0x20, 0xe, 0xff, 0xff, 0xff, 0xff, 0xff,
    0xc7, 0x0, 0x0,

    /* U+0043 "C" */
    0x0, 0x0, 0x0, 0x16, 0xbe, 0xff, 0xec, 0x93,
    0x0, 0x0, 0x0, 0x0, 0x0, 0x7f, 0xff, 0xff,
    0xff, 0xff, 0xfc, 0x20, 0x0, 0x0, 0x0, 0xbf,
    0xff, 0xff, 0xff, 0xff, 0xff, 0xff, 0x40, 0x0,
    0x0, 0xbf, 0xff, 0xfe, 0xa8, 0x79, 0xcf, 0xff,
    0xff, 0x30, 0x0, 0x6f, 0xff, 0xf8, 0x0, 0x0,
    0x0, 0x3d, 0xff, 0xfd, 0x0, 0xe, 0xff, 0xf6,
    0x0, 0x0, 0x0, 0x0, 0x1d, 0xff, 0xf6, 0x6,
    0xff, 0xfb, 0x0, 0x0, 0x0, 0x0, 0x0, 0x3f,
    0xff, 0xc0, 0xaf, 0xff, 0x40, 0x0, 0x0, 0x0,
    0x0, 0x0, 0x97, 0x30, 0xe, 0xff, 0xf0, 0x0,
    0x0, 0x0, 0x0, 0x0, 0x0, 0x0, 0x0, 0xff,
    0xfc, 0x0, 0x0, 0x0, 0x0, 0x0, 0x0, 0x0,
    0x0, 0x1f, 0xff, 0xb0, 0x0, 0x0, 0x0, 0x0,
    0x0, 0x0, 0x0, 0x1, 0xff, 0xfb, 0x0, 0x0,
    0x0, 0x0, 0x0, 0x0, 0x0, 0x0, 0xf, 0xff,
    0xc0, 0x0, 0x0, 0x0, 0x0, 0x0, 0x0, 0x0,
    0x0, 0xef, 0xff, 0x0, 0x0, 0x0, 0x0, 0x0,
    0x0, 0x0, 0x0, 0xa, 0xff, 0xf4, 0x0, 0x0,
    0x0, 0x0, 0x0, 0x9, 0x73, 0x0, 0x6f, 0xff,
    0xb0, 0x0, 0x0, 0x0, 0x0, 0x3, 0xff, 0xfc,
    0x0, 0xef, 0xff, 0x60, 0x0, 0x0, 0x0, 0x1,
    0xdf, 0xff, 0x60, 0x6, 0xff, 0xff, 0x70, 0x0,
    0x0, 0x3, 0xdf, 0xff, 0xd0, 0x0, 0xb, 0xff,
    0xff, 0xea, 0x87, 0x9c, 0xff, 0xff, 0xf3, 0x0,
    0x0, 0xb, 0xff, 0xff, 0xff, 0xff, 0xff, 0xff,
    0xf4, 0x0, 0x0, 0x0, 0x7, 0xff, 0xff, 0xff,
    0xff, 0xff, 0xc2, 0x0, 0x0, 0x0, 0x0, 0x1,
    0x6b, 0xef, 0xff, 0xc9, 0x30, 0x0, 0x0,

    /* U+0044 "D" */
    0xef, 0xff, 0xff, 0xff, 0xfe, 0xb7, 0x10, 0x0,
    0x0, 0xef, 0xff, 0xff, 0xff, 0xff, 0xff, 0xf6,
    0x0, 0x0, 0xef, 0xff, 0xff, 0xff, 0xff, 0xff,
    0xff, 0x80, 0x0, 0xef, 0xfe, 0x77, 0x77, 0x8a,
    0xff, 0xff, 0xf5, 0x0, 0xef, 0xfc, 0x0, 0x0,
    0x0, 0xa, 0xff, 0xfe, 0x10, 0xef, 0xfc, 0x0,
    0x0, 0x0, 0x0, 0xbf, 0xff, 0x70, 0xef, 0xfc,
    0x0, 0x0, 0x0, 0x0, 0x2f, 0xff, 0xd0, 0xef,
    0xfc, 0x0, 0x0, 0x0, 0x0, 0xc, 0xff, 0xf2,
    0xef, 0xfc, 0x0, 0x0, 0x0, 0x0, 0x8, 0xff,
    0xf5, 0xef, 0xfc, 0x0, 0x0, 0x0, 0x0, 0x5,
    0xff, 0xf7, 0xef, 0xfc, 0x0, 0x0, 0x0, 0x0,
    0x4, 0xff, 0xf8, 0xef, 0xfc, 0x0, 0x0, 0x0,
    0x0, 0x4, 0xff, 0xf8, 0xef, 0xfc, 0x0, 0x0,
    0x0, 0x0, 0x5, 0xff, 0xf7, 0xef, 0xfc, 0x0,
    0x0, 0x0, 0x0, 0x8, 0xff, 0xf5, 0xef, 0xfc,
    0x0, 0x0, 0x0, 0x0, 0xc, 0xff, 0xf2, 0xef,
    0xfc, 0x0, 0x0, 0x0, 0x0, 0x3f, 0xff, 0xd0,
    0xef, 0xfc, 0x0, 0x0, 0x0, 0x0, 0xcf, 0xff,
    0x70, 0xef, 0xfc, 0x0, 0x0, 0x0, 0xa, 0xff,
    0xfe, 0x10, 0xef, 0xfe, 0x77, 0x77, 0x8a, 0xef,
    0xff, 0xf5, 0x0, 0xef, 0xff, 0xff, 0xff, 0xff,
    0xff, 0xff, 0x80, 0x0, 0xef, 0xff, 0xff, 0xff,
    0xff, 0xff, 0xf6, 0x0, 0x0, 0xef, 0xff, 0xff,
    0xff, 0xfe, 0xb7, 0x10, 0x0, 0x0,

    /* U+0045 "E" */
    0xef, 0xff, 0xff, 0xff, 0xff, 0xff, 0xff, 0xe,
    0xff, 0xff, 0xff, 0xff, 0xff, 0xff, 0xf0, 0xef,
    0xff, 0xff, 0xff, 0xff, 0xff, 0xff, 0xe, 0xff,
    0xd7, 0x77, 0x77, 0x77, 0x77, 0x70, 0xef, 0xfb,
    0x0, 0x0, 0x0, 0x0, 0x0, 0xe, 0xff, 0xb0,
    0x0, 0x0, 0x0, 0x0, 0x0, 0xef, 0xfb, 0x0,
    0x0, 0x0, 0x0, 0x0, 0xe, 0xff, 0xb0, 0x0,
    0x0, 0x0, 0x0, 0x0, 0xef, 0xfb, 0x0, 0x0,
    0x0, 0x0, 0x0, 0xe, 0xff, 0xff, 0xff, 0xff,
    0xff, 0xf4, 0x0, 0xef, 0xff, 0xff, 0xff, 0xff,
    0xff, 0x40, 0xe, 0xff, 0xff, 0xff, 0xff, 0xff,
    0xf4, 0x0, 0xef, 0xfd, 0x77, 0x77, 0x77, 0x77,
    0x10, 0xe, 0xff, 0xb0, 0x0, 0x0, 0x0, 0x0,
    0x0, 0xef, 0xfb, 0x0, 0x0, 0x0, 0x0, 0x0,
    0xe, 0xff, 0xb0, 0x0, 0x0, 0x0, 0x0, 0x0,
    0xef, 0xfb, 0x0, 0x0, 0x0, 0x0, 0x0, 0xe,
    0xff, 0xb0, 0x0, 0x0, 0x0, 0x0, 0x0, 0xef,
    0xfd, 0x77, 0x77, 0x77, 0x77, 0x77, 0xe, 0xff,
    0xff, 0xff, 0xff, 0xff, 0xff, 0xf0, 0xef, 0xff,
    0xff, 0xff, 0xff, 0xff, 0xff, 0xe, 0xff, 0xff,
    0xff, 0xff, 0xff, 0xff, 0xf0,

    /* U+0046 "F" */
    0xef, 0xff, 0xff, 0xff, 0xff, 0xff, 0xf1, 0xef,
    0xff, 0xff, 0xff, 0xff, 0xff, 0xf1, 0xef, 0xff,
    0xff, 0xff, 0xff, 0xff, 0xf1, 0xef, 0xfe, 0xbb,
    0xbb, 0xbb, 0xbb, 0xb1, 0xef, 0xfb, 0x0, 0x0,
    0x0, 0x0, 0x0, 0xef, 0xfb, 0x0, 0x0, 0x0,
    0x0, 0x0, 0xef, 0xfb, 0x0, 0x0, 0x0, 0x0,
    0x0, 0xef, 0xfb, 0x0, 0x0, 0x0, 0x0, 0x0,
    0xef, 0xfb, 0x0, 0x0, 0x0, 0x0, 0x0, 0xef,
    0xff, 0xff, 0xff, 0xff, 0xf5, 0x0, 0xef, 0xff,
    0xff, 0xff, 0xff, 0xf5, 0x0, 0xef, 0xff, 0xff,
    0xff, 0xff, 0xf5, 0x0, 0xef, 0xfe, 0xaa, 0xaa,
    0xaa, 0xa3, 0x0, 0xef, 0xfb, 0x0, 0x0, 0x0,
    0x0, 0x0, 0xef, 0xfb, 0x0, 0x0, 0x0, 0x0,
    0x0, 0xef, 0xfb, 0x0, 0x0, 0x0, 0x0, 0x0,
    0xef, 0xfb, 0x0, 0x0, 0x0, 0x0, 0x0, 0xef,
    0xfb, 0x0, 0x0, 0x0, 0x0, 0x0, 0xef, 0xfb,
    0x0, 0x0, 0x0, 0x0, 0x0, 0xef, 0xfb, 0x0,
    0x0, 0x0, 0x0, 0x0, 0xef, 0xfb, 0x0, 0x0,
    0x0, 0x0, 0x0, 0xef, 0xfb, 0x0, 0x0, 0x0,
    0x0, 0x0,

    /* U+0047 "G" */
    0x0, 0x0, 0x0, 0x16, 0xbe, 0xff, 0xec, 0x93,
    0x0, 0x0, 0x0, 0x0, 0x0, 0x7, 0xff, 0xff,
    0xff, 0xff, 0xff, 0xc2, 0x0, 0x0, 0x0, 0x0,
    0xbf, 0xff, 0xff, 0xff, 0xff, 0xff, 0xff, 0x30,
    0x0, 0x0, 0xb, 0xff, 0xff, 0xea, 0x87, 0x9d,
    0xff, 0xff, 0xe1, 0x0, 0x0, 0x6f, 0xff, 0xf8,
    0x0, 0x0, 0x0, 0x5f, 0xff, 0xfa, 0x0, 0x0,
    0xef, 0xff, 0x60, 0x0, 0x0, 0x0, 0x3, 0xff,
    0xff, 0x10, 0x6, 0xff, 0xfb, 0x0, 0x0, 0x0,
    0x0, 0x0, 0x8f, 0xfd, 0x40, 0xb, 0xff, 0xf4,
    0x0, 0x0, 0x0, 0x0, 0x0, 0x12, 0x0, 0x0,
    0xe, 0xff, 0xf0, 0x0, 0x0, 0x0, 0x0, 0x0,
    0x0, 0x0, 0x0, 0xf, 0xff, 0xd0, 0x0, 0x0,
    0x0, 0x0, 0x0, 0x0, 0x0, 0x0, 0x1f, 0xff,
    0xb0, 0x0, 0x0, 0x0, 0xa, 0xff, 0xff, 0xff,
    0xf0, 0x1f, 0xff, 0xb0, 0x0, 0x0, 0x0, 0xa,
    0xff, 0xff, 0xff, 0xf0, 0xf, 0xff, 0xd0, 0x0,
    0x0, 0x0, 0x9, 0xee, 0xef, 0xff, 0xf0, 0xe,
    0xff, 0xf0, 0x0, 0x0, 0x0, 0x0, 0x0, 0xf,
    0xff, 0xe0, 0xa, 0xff, 0xf4, 0x0, 0x0, 0x0,
    0x0, 0x0, 0x3f, 0xff, 0xb0, 0x6, 0xff, 0xfb,
    0x0, 0x0, 0x0, 0x0, 0x0, 0x9f, 0xff, 0x60,
    0x0, 0xef, 0xff, 0x60, 0x0, 0x0, 0x0, 0x3,
    0xff, 0xff, 0x0, 0x0, 0x6f, 0xff, 0xf8, 0x0,
    0x0, 0x0, 0x5f, 0xff, 0xf7, 0x0, 0x0, 0xb,
    0xff, 0xff, 0xea, 0x87, 0x9d, 0xff, 0xff, 0xc0,
    0x0, 0x0, 0x0, 0xbf, 0xff, 0xff, 0xff, 0xff,
    0xff, 0xfc, 0x10, 0x0, 0x0, 0x0, 0x7, 0xff,
    0xff, 0xff, 0xff, 0xff, 0x80, 0x0, 0x0, 0x0,
    0x0, 0x0, 0x16, 0xbe, 0xff, 0xec, 0x71, 0x0,
    0x0, 0x0,

    /* U+0048 "H" */
    0xef, 0xfb, 0x0, 0x0, 0x0, 0x0, 0x1, 0xff,
    0xf8, 0xef, 0xfb, 0x0, 0x0, 0x0, 0x0, 0x1,
    0xff, 0xf8, 0xef, 0xfb, 0x0, 0x0, 0x0, 0x0,
    0x1, 0xff, 0xf8, 0xef, 0xfb, 0x0, 0x0, 0x0,
    0x0, 0x1, 0xff, 0xf8, 0xef, 0xfb, 0x0, 0x0,
    0x0, 0x0, 0x1, 0xff, 0xf8, 0xef, 0xfb, 0x0,
    0x0, 0x0, 0x0, 0x1, 0xff, 0xf8, 0xef, 0xfb,
    0x0, 0x0, 0x0, 0x0, 0x1, 0xff, 0xf8, 0xef,
    0xfb, 0x0, 0x0, 0x0, 0x0, 0x1, 0xff, 0xf8,
    0xef, 0xfb, 0x0, 0x0, 0x0, 0x0, 0x1, 0xff,
    0xf8, 0xef, 0xff, 0xff, 0xff, 0xff, 0xff, 0xff,
    0xff, 0xf8, 0xef, 0xff, 0xff, 0xff, 0xff, 0xff,
    0xff, 0xff, 0xf8, 0xef, 0xff, 0xff, 0xff, 0xff,
    0xff, 0xff, 0xff, 0xf8, 0xef, 0xfd, 0x77, 0x77,
    0x77, 0x77, 0x77, 0xff, 0xf8, 0xef, 0xfb, 0x0,
    0x0, 0x0, 0x0, 0x1, 0xff, 0xf8, 0xef, 0xfb,
    0x0, 0x0, 0x0, 0x0, 0x1, 0xff, 0xf8, 0xef,
    0xfb, 0x0, 0x0, 0x0, 0x0, 0x1, 0xff, 0xf8,
    0xef, 0xfb, 0x0, 0x0, 0x0, 0x0, 0x1, 0xff,
    0xf8, 0xef, 0xfb, 0x0, 0x0, 0x0, 0x0, 0x1,
    0xff, 0xf8, 0xef, 0xfb, 0x0, 0x0, 0x0, 0x0,
    0x1, 0xff, 0xf8, 0xef, 0xfb, 0x0, 0x0, 0x0,
    0x0, 0x1, 0xff, 0xf8, 0xef, 0xfb, 0x0, 0x0,
    0x0, 0x0, 0x1, 0xff, 0xf8, 0xef, 0xfb, 0x0,
    0x0, 0x0, 0x0, 0x1, 0xff, 0xf8,

    /* U+0049 "I" */
    0x9f, 0xff, 0x9, 0xff, 0xf0, 0x9f, 0xff, 0x9,
    0xff, 0xf0, 0x9f, 0xff, 0x9, 0xff, 0xf0, 0x9f,
    0xff, 0x9, 0xff, 0xf0, 0x9f, 0xff, 0x9, 0xff,
    0xf0, 0x9f, 0xff, 0x9, 0xff, 0xf0, 0x9f, 0xff,
    0x9, 0xff, 0xf0, 0x9f, 0xff, 0x9, 0xff, 0xf0,
    0x9f, 0xff, 0x9, 0xff, 0xf0, 0x9f, 0xff, 0x9,
    0xff, 0xf0, 0x9f, 0xff, 0x9, 0xff, 0xf0,

    /* U+004A "J" */
    0x0, 0x0, 0x0, 0x0, 0xf, 0xff, 0x90, 0x0,
    0x0, 0x0, 0x0, 0xff, 0xf9, 0x0, 0x0, 0x0,
    0x0, 0xf, 0xff, 0x90, 0x0, 0x0, 0x0, 0x0,
    0xff, 0xf9, 0x0, 0x0, 0x0, 0x0, 0xf, 0xff,
    0x90, 0x0, 0x0, 0x0, 0x0, 0xff, 0xf9, 0x0,
    0x0, 0x0, 0x0, 0xf, 0xff, 0x90, 0x0, 0x0,
    0x0, 0x0, 0xff, 0xf9, 0x0, 0x0, 0x0, 0x0,
    0xf, 0xff, 0x90, 0x0, 0x0, 0x0, 0x0, 0xff,
    0xf9, 0x0, 0x0, 0x0, 0x0, 0xf, 0xff, 0x90,
    0x0, 0x0, 0x0, 0x0, 0xff, 0xf9, 0x0, 0x0,
    0x0, 0x0, 0xf, 0xff, 0x90, 0x0, 0x0, 0x0,
    0x0, 0xff, 0xf9, 0x0, 0x0, 0x0, 0x0, 0xf,
    0xff, 0x90, 0x0, 0x0, 0x0, 0x1, 0xff, 0xf9,
    0x2, 0x66, 0x0, 0x0, 0x2f, 0xff, 0x9c, 0xff,
    0xf3, 0x0, 0x9, 0xff, 0xf7, 0x7f, 0xff, 0xf9,
    0x7c, 0xff, 0xff, 0x20, 0xcf, 0xff, 0xff, 0xff,
    0xff, 0x90, 0x1, 0xcf, 0xff, 0xff, 0xff, 0xa0,
    0x0, 0x0, 0x6c, 0xff, 0xeb, 0x40, 0x0,

    /* U+004B "K" */
    0xef, 0xfb, 0x0, 0x0, 0x0, 0x2, 0xef, 0xff,
    0x50, 0xef, 0xfb, 0x0, 0x0, 0x0, 0x1d, 0xff,
    0xf7, 0x0, 0xef, 0xfb, 0x0, 0x0, 0x0, 0xbf,
    0xff, 0xa0, 0x0, 0xef, 0xfb, 0x0, 0x0, 0x9,
    0xff, 0xfb, 0x0, 0x0, 0xef, 0xfb, 0x0, 0x0,
    0x7f, 0xff, 0xd1, 0x0, 0x0, 0xef, 0xfb, 0x0,
    0x4, 0xff, 0xfe, 0x20, 0x0, 0x0, 0xef, 0xfb,
    0x0, 0x3f, 0xff, 0xf3, 0x0, 0x0, 0x0, 0xef,
    0xfb, 0x1, 0xef, 0xff, 0x50, 0x0, 0x0, 0x0,
    0xef, 0xfb, 0xc, 0xff, 0xf7, 0x0, 0x0, 0x0,
    0x0, 0xef, 0xfb, 0xaf, 0xff, 0x90, 0x0, 0x0,
    0x0, 0x0, 0xef, 0xff, 0xff, 0xfc, 0x0, 0x0,
    0x0, 0x0, 0x0, 0xef, 0xff, 0xff, 0xff, 0x30,
    0x0, 0x0, 0x0, 0x0, 0xef, 0xfb, 0x9f, 0xff,
    0xe1, 0x0, 0x0, 0x0, 0x0, 0xef, 0xfb, 0xb,
    0xff, 0xfd, 0x10, 0x0, 0x0, 0x0, 0xef, 0xfb,
    0x0, 0xcf, 0xff, 0xc0, 0x0, 0x0, 0x0, 0xef,
    0xfb, 0x0, 0x1d, 0xff, 0xfa, 0x0, 0x0, 0x0,
    0xef, 0xfb, 0x0, 0x2, 0xef, 0xff, 0x80, 0x0,
    0x0, 0xef, 0xfb, 0x0, 0x0, 0x3f, 0xff, 0xf6,
    0x0, 0x0, 0xef, 0xfb, 0x0, 0x0, 0x4, 0xff,
    0xff, 0x50, 0x0, 0xef, 0xfb, 0x0, 0x0, 0x0,
    0x6f, 0xff, 0xf3, 0x0, 0xef, 0xfb, 0x0, 0x0,
    0x0, 0x8, 0xff, 0xfe, 0x20, 0xef, 0xfb, 0x0,
    0x0, 0x0, 0x0, 0xaf, 0xff, 0xe1,

    /* U+004C "L" */
    0x9f, 0xff, 0x0, 0x0, 0x0, 0x0, 0x0, 0x9f,
    0xff, 0x0, 0x0, 0x0, 0x0, 0x0, 0x9f, 0xff,
    0x0, 0x0, 0x0, 0x0, 0x0, 0x9f, 0xff, 0x0,
    0x0, 0x0, 0x0, 0x0, 0x9f, 0xff, 0x0, 0x0,
    0x0, 0x0, 0x0, 0x9f, 0xff, 0x0, 0x0, 0x0,
    0x0, 0x0, 0x9f, 0xff, 0x0, 0x0, 0x0, 0x0,
    0x0, 0x9f, 0xff, 0x0, 0x0, 0x0, 0x0, 0x0,
    0x9f, 0xff, 0x0, 0x0, 0x0, 0x0, 0x0, 0x9f,
    0xff, 0x0, 0x0, 0x0, 0x0, 0x0, 0x9f, 0xff,
    0x0, 0x0, 0x0, 0x0, 0x0, 0x9f, 0xff, 0x0,
    0x0, 0x0, 0x0, 0x0, 0x9f, 0xff, 0x0, 0x0,
    0x0, 0x0, 0x0, 0x9f, 0xff, 0x0, 0x0, 0x0,
    0x0, 0x0, 0x9f, 0xff, 0x0, 0x0, 0x0, 0x0,
    0x0, 0x9f, 0xff, 0x0, 0x0, 0x0, 0x0, 0x0,
    0x9f, 0xff, 0x0, 0x0, 0x0, 0x0, 0x0, 0x9f,
    0xff, 0x0, 0x0, 0x0, 0x0, 0x0, 0x9f, 0xff,
    0x77, 0x77, 0x77, 0x77, 0x74, 0x9f, 0xff, 0xff,
    0xff, 0xff, 0xff, 0xf9, 0x9f, 0xff, 0xff, 0xff,
    0xff, 0xff, 0xf9, 0x9f, 0xff, 0xff, 0xff, 0xff,
    0xff, 0xf9,

    /* U+004D "M" */
    0xef, 0xf9, 0x0, 0x0, 0x0, 0x0, 0x0, 0x0,
    0x0, 0xef, 0xf8, 0xef, 0xff, 0x10, 0x0, 0x0,
    0x0, 0x0, 0x0, 0x6, 0xff, 0xf8, 0xef, 0xff,
    0x90, 0x0, 0x0, 0x0, 0x0, 0x0, 0xe, 0xff,
    0xf8, 0xef, 0xff, 0xf1, 0x0, 0x0, 0x0, 0x0,
    0x0, 0x6f, 0xff, 0xf8, 0xef, 0xff, 0xf8, 0x0,
    0x0, 0x0, 0x0, 0x0, 0xdf, 0xff, 0xf8, 0xef,
    0xff, 0xff, 0x0, 0x0, 0x0, 0x0, 0x5, 0xff,
    0xff, 0xf8, 0xef, 0xff, 0xff, 0x70, 0x0, 0x0,
    0x0, 0xd, 0xff, 0xff, 0xf8, 0xef, 0xff, 0xff,
    0xe0, 0x0, 0x0, 0x0, 0x4f, 0xff, 0xff, 0xf8,
    0xef, 0xfb, 0xff, 0xf6, 0x0, 0x0, 0x0, 0xcf,
    0xfe, 0xdf, 0xf8, 0xef, 0xf7, 0xcf, 0xfe, 0x0,
    0x0, 0x4, 0xff, 0xf6, 0xdf, 0xf8, 0xef, 0xf7,
    0x4f, 0xff, 0x60, 0x0, 0xb, 0xff, 0xe0, 0xdf,
    0xf8, 0xef, 0xf7, 0xd, 0xff, 0xd0, 0x0, 0x3f,
    0xff, 0x70, 0xdf, 0xf8, 0xef, 0xf7, 0x5, 0xff,
    0xf5, 0x0, 0xbf, 0xff, 0x10, 0xdf, 0xf8, 0xef,
    0xf7, 0x0, 0xdf, 0xfd, 0x2, 0xff, 0xf8, 0x0,
    0xdf, 0xf8, 0xef, 0xf7, 0x0, 0x6f, 0xff, 0x5a,
    0xff, 0xf1, 0x0, 0xdf, 0xf8, 0xef, 0xf7, 0x0,
    0xe, 0xff, 0xdf, 0xff, 0x90, 0x0, 0xdf, 0xf8,
    0xef, 0xf7, 0x0, 0x7, 0xff, 0xff, 0xff, 0x20,
    0x0, 0xdf, 0xf8, 0xef, 0xf7, 0x0, 0x1, 0xff,
    0xff, 0xfa, 0x0, 0x0, 0xdf, 0xf8, 0xef, 0xf7,
    0x0, 0x0, 0x8f, 0xff, 0xf3, 0x0, 0x0, 0xdf,
    0xf8, 0xef, 0xf7, 0x0, 0x0, 0x1f, 0xff, 0xb0,
    0x0, 0x0, 0xdf, 0xf8, 0xef, 0xf7, 0x0, 0x0,
    0x9, 0xff, 0x40, 0x0, 0x0, 0xdf, 0xf8, 0xef,
    0xf7, 0x0, 0x0, 0x2, 0xfc, 0x0, 0x0, 0x0,
    0xdf, 0xf8,

    /* U+004E "N" */
    0xef, 0xff, 0x20, 0x0, 0x0, 0x0, 0x3, 0xff,
    0xf7, 0xef, 0xff, 0xb0, 0x0, 0x0, 0x0, 0x3,
    0xff, 0xf7, 0xef, 0xff, 0xf6, 0x0, 0x0, 0x0,
    0x3, 0xff, 0xf7, 0xef, 0xff, 0xfe, 0x10, 0x0,
    0x0, 0x3, 0xff, 0xf7, 0xef, 0xff, 0xff, 0xa0,
    0x0, 0x0, 0x3, 0xff, 0xf7, 0xef, 0xff, 0xff,
    0xf5, 0x0, 0x0, 0x3, 0xff, 0xf7, 0xef, 0xfe,
    0xff, 0xfe, 0x10, 0x0, 0x3, 0xff, 0xf7, 0xef,
    0xfc, 0x9f, 0xff, 0x90, 0x0, 0x3, 0xff, 0xf7,
    0xef, 0xfc, 0xe, 0xff, 0xf4, 0x0, 0x3, 0xff,
    0xf7, 0xef, 0xfc, 0x4, 0xff, 0xfd, 0x0, 0x3,
    0xff, 0xf7, 0xef, 0xfc, 0x0, 0xaf, 0xff, 0x80,
    0x3, 0xff, 0xf7, 0xef, 0xfc, 0x0, 0x1e, 0xff,
    0xf3, 0x3, 0xff, 0xf7, 0xef, 0xfc, 0x0, 0x5,
    0xff, 0xfd, 0x3, 0xff, 0xf7, 0xef, 0xfc, 0x0,
    0x0, 0xbf, 0xff, 0x73, 0xff, 0xf7, 0xef, 0xfc,
    0x0, 0x0, 0x1f, 0xff, 0xf6, 0xff, 0xf7, 0xef,
    0xfc, 0x0, 0x0, 0x6, 0xff, 0xfe, 0xff, 0xf7,
    0xef, 0xfc, 0x0, 0x0, 0x0, 0xcf, 0xff, 0xff,
    0xf7, 0xef, 0xfc, 0x0, 0x0, 0x0, 0x2f, 0xff,
    0xff, 0xf7, 0xef, 0xfc, 0x0, 0x0, 0x0, 0x7,
    0xff, 0xff, 0xf7, 0xef, 0xfc, 0x0, 0x0, 0x0,
    0x0, 0xdf, 0xff, 0xf7, 0xef, 0xfc, 0x0, 0x0,
    0x0, 0x0, 0x3f, 0xff, 0xf7, 0xef, 0xfc, 0x0,
    0x0, 0x0, 0x0, 0x8, 0xff, 0xf7,

    /* U+004F "O" */
    0x0, 0x0, 0x0, 0x16, 0xbe, 0xff, 0xfc, 0x93,
    0x0, 0x0, 0x0, 0x0, 0x0, 0x7, 0xff, 0xff,
    0xff, 0xff, 0xff, 0xc2, 0x0, 0x0, 0x0, 0x0,
    0xbf, 0xff, 0xff, 0xff, 0xff, 0xff, 0xff, 0x40,
    0x0, 0x0, 0xb, 0xff, 0xff, 0xfa, 0x88, 0x9d,
    0xff, 0xff, 0xf3, 0x0, 0x0, 0x6f, 0xff, 0xf8,
    0x0, 0x0, 0x0, 0x3d, 0xff, 0xfe, 0x0, 0x0,
    0xef, 0xff, 0x60, 0x0, 0x0, 0x0, 0x1, 0xdf,
    0xff, 0x70, 0x6, 0xff, 0xfb, 0x0, 0x0, 0x0,
    0x0, 0x0, 0x3f, 0xff, 0xd0, 0xa, 0xff, 0xf4,
    0x0, 0x0, 0x0, 0x0, 0x0, 0xc, 0xff, 0xf2,
    0xe, 0xff, 0xf0, 0x0, 0x0, 0x0, 0x0, 0x0,
    0x8, 0xff, 0xf5, 0xf, 0xff, 0xd0, 0x0, 0x0,
    0x0, 0x0, 0x0, 0x5, 0xff, 0xf8, 0x1f, 0xff,
    0xb0, 0x0, 0x0, 0x0, 0x0, 0x0, 0x4, 0xff,
    0xf9, 0x1f, 0xff, 0xb0, 0x0, 0x0, 0x0, 0x0,
    0x0, 0x4, 0xff, 0xf9, 0xf, 0xff, 0xd0, 0x0,
    0x0, 0x0, 0x0, 0x0, 0x5, 0xff, 0xf8, 0xe,
    0xff, 0xf0, 0x0, 0x0, 0x0, 0x0, 0x0, 0x8,
    0xff, 0xf5, 0xa, 0xff, 0xf4, 0x0, 0x0, 0x0,
    0x0, 0x0, 0xc, 0xff, 0xf2, 0x6, 0xff, 0xfb,
    0x0, 0x0, 0x0, 0x0, 0x0, 0x3f, 0xff, 0xd0,
    0x0, 0xef, 0xff, 0x60, 0x0, 0x0, 0x0, 0x1,
    0xdf, 0xff, 0x70, 0x0, 0x6f, 0xff, 0xf8, 0x0,
    0x0, 0x0, 0x3d, 0xff, 0xfe, 0x0, 0x0, 0xb,
    0xff, 0xff, 0xea, 0x87, 0x9c, 0xff, 0xff, 0xf3,
    0x0, 0x0, 0x0, 0xbf, 0xff, 0xff, 0xff, 0xff,
    0xff, 0xff, 0x40, 0x0, 0x0, 0x0, 0x7, 0xff,
    0xff, 0xff, 0xff, 0xff, 0xc2, 0x0, 0x0, 0x0,
    0x0, 0x0, 0x16, 0xbe, 0xff, 0xfc, 0x93, 0x0,
    0x0, 0x0,

    /* U+0050 "P" */
    0xef, 0xff, 0xff, 0xff, 0xff, 0xfc, 0x60, 0x0,
    0xe, 0xff, 0xff, 0xff, 0xff, 0xff, 0xff, 0xd2,
    0x0, 0xef, 0xff, 0xff, 0xff, 0xff, 0xff, 0xff,
    0xd0, 0xe, 0xff, 0xd7, 0x77, 0x77, 0x7a, 0xff,
    0xff, 0x70, 0xef, 0xfb, 0x0, 0x0, 0x0, 0x4,
    0xff, 0xfd, 0xe, 0xff, 0xb0, 0x0, 0x0, 0x0,
    0xb, 0xff, 0xf1, 0xef, 0xfb, 0x0, 0x0, 0x0,
    0x0, 0x7f, 0xff, 0x3e, 0xff, 0xb0, 0x0, 0x0,
    0x0, 0x6, 0xff, 0xf3, 0xef, 0xfb, 0x0, 0x0,
    0x0, 0x0, 0x9f, 0xff, 0x2e, 0xff, 0xb0, 0x0,
    0x0, 0x0, 0x1e, 0xff, 0xf0, 0xef, 0xfb, 0x0,
    0x0, 0x0, 0x4c, 0xff, 0xfa, 0xe, 0xff, 0xff,
    0xff, 0xff, 0xff, 0xff, 0xff, 0x30, 0xef, 0xff,
    0xff, 0xff, 0xff, 0xff, 0xff, 0x60, 0xe, 0xff,
    0xff, 0xff, 0xff, 0xff, 0xfd, 0x40, 0x0, 0xef,
    0xfd, 0x66, 0x66, 0x66, 0x52, 0x0, 0x0, 0xe,
    0xff, 0xb0, 0x0, 0x0, 0x0, 0x0, 0x0, 0x0,
    0xef, 0xfb, 0x0, 0x0, 0x0, 0x0, 0x0, 0x0,
    0xe, 0xff, 0xb0, 0x0, 0x0, 0x0, 0x0, 0x0,
    0x0, 0xef, 0xfb, 0x0, 0x0, 0x0, 0x0, 0x0,
    0x0, 0xe, 0xff, 0xb0, 0x0, 0x0, 0x0, 0x0,
    0x0, 0x0, 0xef, 0xfb, 0x0, 0x0, 0x0, 0x0,
    0x0, 0x0, 0xe, 0xff, 0xb0, 0x0, 0x0, 0x0,
    0x0, 0x0, 0x0,

    /* U+0051 "Q" */
    0x0, 0x0, 0x0, 0x16, 0xbe, 0xff, 0xfc, 0x93,
    0x0, 0x0, 0x0, 0x0, 0x0, 0x7, 0xff, 0xff,
    0xff, 0xff, 0xff, 0xc2, 0x0, 0x0, 0x0, 0x0,
    0xbf, 0xff, 0xff, 0xff, 0xff, 0xff, 0xff, 0x40,
    0x0, 0x0, 0xb, 0xff, 0xff, 0xfa, 0x88, 0x9d,
    0xff, 0xff, 0xf3, 0x0, 0x0, 0x6f, 0xff, 0xf8,
    0x0, 0x0, 0x0, 0x3d, 0xff, 0xfe, 0x0, 0x0,
    0xef, 0xff, 0x60, 0x0, 0x0, 0x0, 0x1, 0xdf,
    0xff, 0x70, 0x6, 0xff, 0xfb, 0x0, 0x0, 0x0,
    0x0, 0x0, 0x3f, 0xff, 0xd0, 0xa, 0xff, 0xf4,
    0x0, 0x0, 0x0, 0x0, 0x0, 0xc, 0xff, 0xf2,
    0xe, 0xff, 0xf0, 0x0, 0x0, 0x0, 0x0, 0x0,
    0x8, 0xff, 0xf5, 0xf, 0xff, 0xd0, 0x0, 0x0,
    0x0, 0x0, 0x0, 0x5, 0xff, 0xf8, 0x1f, 0xff,
    0xb0, 0x0, 0x0, 0x0, 0x0, 0x0, 0x4, 0xff,
    0xf9, 0x1f, 0xff, 0xb0, 0x0, 0x0, 0x0, 0x0,
    0x0, 0x4, 0xff, 0xf9, 0xf, 0xff, 0xd0, 0x0,
    0x0, 0x0, 0x0, 0x0, 0x5, 0xff, 0xf8, 0xe,
    0xff, 0xf0, 0x0, 0x0, 0x0, 0x0, 0x0, 0x8,
    0xff, 0xf5, 0xa, 0xff, 0xf4, 0x0, 0x0, 0x0,
    0x0, 0xad, 0x1c, 0xff, 0xf2, 0x6, 0xff, 0xfb,
    0x0, 0x0, 0x0, 0xb, 0xff, 0xef, 0xff, 0xd0,
    0x0, 0xef, 0xff, 0x60, 0x0, 0x0, 0x8, 0xff,
    0xff, 0xff, 0x70, 0x0, 0x6f, 0xff, 0xf8, 0x0,
    0x0, 0x0, 0xaf, 0xff, 0xfe, 0x0, 0x0, 0xb,
    0xff, 0xff, 0xea, 0x87, 0x9c, 0xff, 0xff, 0xfe,
    0x20, 0x0, 0x0, 0xbf, 0xff, 0xff, 0xff, 0xff,
    0xff, 0xff, 0xff, 0xe0, 0x0, 0x0, 0x7, 0xff,
    0xff, 0xff, 0xff, 0xff, 0xc9, 0xff, 0x70, 0x0,
    0x0, 0x0, 0x16, 0xbe, 0xff, 0xfc, 0x93, 0x0,
    0x87, 0x0,

    /* U+0052 "R" */
    0xef, 0xff, 0xff, 0xff, 0xff, 0xfc, 0x60, 0x0,
    0xe, 0xff, 0xff, 0xff, 0xff, 0xff, 0xff, 0xd2,
    0x0, 0xef, 0xff, 0xff, 0xff, 0xff, 0xff, 0xff,
    0xd0, 0xe, 0xff, 0xd7, 0x77, 0x77, 0x7a, 0xff,
    0xff, 0x70, 0xef, 0xfb, 0x0, 0x0, 0x0, 0x4,
    0xff, 0xfd, 0xe, 0xff, 0xb0, 0x0, 0x0, 0x0,
    0xb, 0xff, 0xf1, 0xef, 0xfb, 0x0, 0x0, 0x0,
    0x0, 0x7f, 0xff, 0x3e, 0xff, 0xb0, 0x0, 0x0,
    0x0, 0x6, 0xff, 0xf3, 0xef, 0xfb, 0x0, 0x0,
    0x0, 0x0, 0x9f, 0xff, 0x2e, 0xff, 0xb0, 0x0,
    0x0, 0x0, 0x1e, 0xff, 0xf0, 0xef, 0xfb, 0x0,
    0x0, 0x0, 0x4c, 0xff, 0xfa, 0xe, 0xff, 0xff,
    0xff, 0xff, 0xff, 0xff, 0xff, 0x20, 0xef, 0xff,
    0xff, 0xff, 0xff, 0xff, 0xff, 0x60, 0xe, 0xff,
    0xff, 0xff, 0xff, 0xff, 0xfe, 0x40, 0x0, 0xef,
    0xfd, 0x77, 0x77, 0x7f, 0xff, 0xe0, 0x0, 0xe,
    0xff, 0xb0, 0x0, 0x0, 0xaf, 0xff, 0x70, 0x0,
    0xef, 0xfb, 0x0, 0x0, 0x2, 0xff, 0xfe, 0x0,
    0xe, 0xff, 0xb0, 0x0, 0x0, 0xa, 0xff, 0xf6,
    0x0, 0xef, 0xfb, 0x0, 0x0, 0x0, 0x3f, 0xff,
    0xe0, 0xe, 0xff, 0xb0, 0x0, 0x0, 0x0, 0xbf,
    0xff, 0x60, 0xef, 0xfb, 0x0, 0x0, 0x0, 0x3,
    0xff, 0xfd, 0xe, 0xff, 0xb0, 0x0, 0x0, 0x0,
    0xb, 0xff, 0xf5,

    /* U+0053 "S" */
    0x0, 0x0, 0x28, 0xce, 0xff, 0xeb, 0x60, 0x0,
    0x0, 0x0, 0x9, 0xff, 0xff, 0xff, 0xff, 0xfe,
    0x40, 0x0, 0x0, 0xbf, 0xff, 0xff, 0xff, 0xff,
    0xff, 0xf6, 0x0, 0x6, 0xff, 0xff, 0xe9, 0x78,
    0xbf, 0xff, 0xff, 0x30, 0xc, 0xff, 0xf9, 0x0,
    0x0, 0x2, 0xdf, 0xff, 0xc0, 0xf, 0xff, 0xe0,
    0x0, 0x0, 0x0, 0x2f, 0xff, 0xf2, 0xf, 0xff,
    0xd0, 0x0, 0x0, 0x0, 0x9, 0xc9, 0x61, 0xd,
    0xff, 0xf6, 0x0, 0x0, 0x0, 0x0, 0x0, 0x0,
    0x8, 0xff, 0xff, 0xd7, 0x20, 0x0, 0x0, 0x0,
    0x0, 0x0, 0xcf, 0xff, 0xff, 0xfe, 0xa6, 0x10,
    0x0, 0x0, 0x0, 0x9, 0xff, 0xff, 0xff, 0xff,
    0xfc, 0x50, 0x0, 0x0, 0x0, 0x16, 0xbf, 0xff,
    0xff, 0xff, 0xfb, 0x10, 0x0, 0x0, 0x0, 0x0,
    0x49, 0xdf, 0xff, 0xff, 0xb0, 0x0, 0x0, 0x0,
    0x0, 0x0, 0x2, 0x9f, 0xff, 0xf3, 0x0, 0x14,
    0x0, 0x0, 0x0, 0x0, 0x8, 0xff, 0xf7, 0xaf,
    0xff, 0x30, 0x0, 0x0, 0x0, 0x3, 0xff, 0xf8,
    0x8f, 0xff, 0xc0, 0x0, 0x0, 0x0, 0x6, 0xff,
    0xf7, 0x2f, 0xff, 0xfc, 0x20, 0x0, 0x0, 0x4f,
    0xff, 0xf3, 0x8, 0xff, 0xff, 0xfb, 0x87, 0x8d,
    0xff, 0xff, 0xb0, 0x0, 0xaf, 0xff, 0xff, 0xff,
    0xff, 0xff, 0xfe, 0x10, 0x0, 0x7, 0xff, 0xff,
    0xff, 0xff, 0xff, 0xa1, 0x0, 0x0, 0x0, 0x16,
    0xbe, 0xff, 0xec, 0x83, 0x0, 0x0,

    /* U+0054 "T" */
    0xbf, 0xff, 0xff, 0xff, 0xff, 0xff, 0xff, 0xff,
    0xfe, 0xbf, 0xff, 0xff, 0xff, 0xff, 0xff, 0xff,
    0xff, 0xfe, 0xbf, 0xff, 0xff, 0xff, 0xff, 0xff,
    0xff, 0xff, 0xfe, 0x57, 0x77, 0x77, 0x7d, 0xff,
    0xf7, 0x77, 0x77, 0x76, 0x0, 0x0, 0x0, 0xb,
    0xff, 0xe0, 0x0, 0x0, 0x0, 0x0, 0x0, 0x0,
    0xb, 0xff, 0xe0, 0x0, 0x0, 0x0, 0x0, 0x0,
    0x0, 0xb, 0xff, 0xe0, 0x0, 0x0, 0x0, 0x0,
    0x0, 0x0, 0xb, 0xff, 0xe0, 0x0, 0x0, 0x0,
    0x0, 0x0, 0x0, 0xb, 0xff, 0xe0, 0x0, 0x0,
    0x0, 0x0, 0x0, 0x0, 0xb, 0xff, 0xe0, 0x0,
    0x0, 0x0, 0x0, 0x0, 0x0, 0xb, 0xff, 0xe0,
    0x0, 0x0, 0x0, 0x0, 0x0, 0x0, 0xb, 0xff,
    0xe0, 0x0, 0x0, 0x0, 0x0, 0x0, 0x0, 0xb,
    0xff, 0xe0, 0x0, 0x0, 0x0, 0x0, 0x0, 0x0,
    0xb, 0xff, 0xe0, 0x0, 0x0, 0x0, 0x0, 0x0,
    0x0, 0xb, 0xff, 0xe0, 0x0, 0x0, 0x0, 0x0,
    0x0, 0x0, 0xb, 0xff, 0xe0, 0x0, 0x0, 0x0,
    0x0, 0x0, 0x0, 0xb, 0xff, 0xe0, 0x0, 0x0,
    0x0, 0x0, 0x0, 0x0, 0xb, 0xff, 0xe0, 0x0,
    0x0, 0x0, 0x0, 0x0, 0x0, 0xb, 0xff, 0xe0,
    0x0, 0x0, 0x0, 0x0, 0x0, 0x0, 0xb, 0xff,
    0xe0, 0x0, 0x0, 0x0, 0x0, 0x0, 0x0, 0xb,
    0xff, 0xe0, 0x0, 0x0, 0x0, 0x0, 0x0, 0x0,
    0xb, 0xff, 0xe0, 0x0, 0x0, 0x0,

    /* U+0055 "U" */
    0xef, 0xfc, 0x0, 0x0, 0x0, 0x0, 0x2, 0xff,
    0xf8, 0xef, 0xfc, 0x0, 0x0, 0x0, 0x0, 0x2,
    0xff, 0xf8, 0xef, 0xfc, 0x0, 0x0, 0x0, 0x0,
    0x2, 0xff, 0xf8, 0xef, 0xfc, 0x0, 0x0, 0x0,
    0x0, 0x2, 0xff, 0xf8, 0xef, 0xfc, 0x0, 0x0,
    0x0, 0x0, 0x2, 0xff, 0xf8, 0xef, 0xfc, 0x0,
    0x0, 0x0, 0x0, 0x2, 0xff, 0xf8, 0xef, 0xfc,
    0x0, 0x0, 0x0, 0x0, 0x2, 0xff, 0xf8, 0xef,
    0xfc, 0x0, 0x0, 0x0, 0x0, 0x2, 0xff, 0xf8,
    0xef, 0xfc, 0x0, 0x0, 0x0, 0x0, 0x2, 0xff,
    0xf8, 0xef, 0xfc, 0x0, 0x0, 0x0, 0x0, 0x2,
    0xff, 0xf8, 0xef, 0xfc, 0x0, 0x0, 0x0, 0x0,
    0x2, 0xff, 0xf8, 0xef, 0xfc, 0x0, 0x0, 0x0,
    0x0, 0x2, 0xff, 0xf8, 0xef, 0xfc, 0x0, 0x0,
    0x0, 0x0, 0x2, 0xff, 0xf8, 0xef, 0xfc, 0x0,
    0x0, 0x0, 0x0, 0x2, 0xff, 0xf7, 0xdf, 0xfe,
    0x0, 0x0, 0x0, 0x0, 0x4, 0xff, 0xf7, 0xbf,
    0xff, 0x20, 0x0, 0x0, 0x0, 0x8, 0xff, 0xf5,
    0x7f, 0xff, 0xb0, 0x0, 0x0, 0x0, 0x2f, 0xff,
    0xf1, 0x1f, 0xff, 0xfa, 0x10, 0x0, 0x3, 0xef,
    0xff, 0xa0, 0x7, 0xff, 0xff, 0xfa, 0x78, 0xcf,
    0xff, 0xff, 0x10, 0x0, 0xaf, 0xff, 0xff, 0xff,
    0xff, 0xff, 0xf4, 0x0, 0x0, 0x7, 0xff, 0xff,
    0xff, 0xff, 0xfd, 0x30, 0x0, 0x0, 0x0, 0x17,
    0xce, 0xff, 0xda, 0x50, 0x0, 0x0,

    /* U+0056 "V" */
    0xbf, 0xff, 0x0, 0x0, 0x0, 0x0, 0x0, 0xd,
    0xff, 0xe0, 0x6f, 0xff, 0x50, 0x0, 0x0, 0x0,
    0x0, 0x2f, 0xff, 0x90, 0x1f, 0xff, 0xa0, 0x0,
    0x0, 0x0, 0x0, 0x7f, 0xff, 0x40, 0xc, 0xff,
    0xf0, 0x0, 0x0, 0x0, 0x0, 0xcf, 0xff, 0x0,
    0x7, 0xff, 0xf4, 0x0, 0x0, 0x0, 0x1, 0xff,
    0xfa, 0x0, 0x2, 0xff, 0xf9, 0x0, 0x0, 0x0,
    0x6, 0xff, 0xf5, 0x0, 0x0, 0xdf, 0xfe, 0x0,
    0x0, 0x0, 0xb, 0xff, 0xf1, 0x0, 0x0, 0x8f,
    0xff, 0x30, 0x0, 0x0, 0xf, 0xff, 0xb0, 0x0,
    0x0, 0x3f, 0xff, 0x70, 0x0, 0x0, 0x5f, 0xff,
    0x60, 0x0, 0x0, 0xe, 0xff, 0xc0, 0x0, 0x0,
    0xaf, 0xff, 0x10, 0x0, 0x0, 0x9, 0xff, 0xf1,
    0x0, 0x0, 0xef, 0xfc, 0x0, 0x0, 0x0, 0x4,
    0xff, 0xf6, 0x0, 0x4, 0xff, 0xf8, 0x0, 0x0,
    0x0, 0x0, 0xff, 0xfb, 0x0, 0x9, 0xff, 0xf3,
    0x0, 0x0, 0x0, 0x0, 0xaf, 0xff, 0x10, 0xe,
    0xff, 0xe0, 0x0, 0x0, 0x0, 0x0, 0x5f, 0xff,
    0x50, 0x3f, 0xff, 0x90, 0x0, 0x0, 0x0, 0x0,
    0x1f, 0xff, 0xa0, 0x8f, 0xff, 0x40, 0x0, 0x0,
    0x0, 0x0, 0xb, 0xff, 0xf0, 0xdf, 0xfe, 0x0,
    0x0, 0x0, 0x0, 0x0, 0x7, 0xff, 0xf6, 0xff,
    0xfa, 0x0, 0x0, 0x0, 0x0, 0x0, 0x2, 0xff,
    0xff, 0xff, 0xf5, 0x0, 0x0, 0x0, 0x0, 0x0,
    0x0, 0xdf, 0xff, 0xff, 0xf0, 0x0, 0x0, 0x0,
    0x0, 0x0, 0x0, 0x8f, 0xff, 0xff, 0xb0, 0x0,
    0x0, 0x0, 0x0, 0x0, 0x0, 0x3f, 0xff, 0xff,
    0x60, 0x0, 0x0, 0x0,

    /* U+0057 "W" */
    0x8f, 0xff, 0x40, 0x0, 0x0, 0x0, 0x6f, 0xff,
    0xa0, 0x0, 0x0, 0x0, 0xf, 0xff, 0xc3, 0xff,
    0xf8, 0x0, 0x0, 0x0, 0xa, 0xff, 0xfe, 0x0,
    0x0, 0x0, 0x4, 0xff, 0xf7, 0xe, 0xff, 0xd0,
    0x0, 0x0, 0x0, 0xef, 0xff, 0xf3, 0x0, 0x0,
    0x0, 0x8f, 0xff, 0x30, 0xaf, 0xff, 0x10, 0x0,
    0x0, 0x3f, 0xff, 0xff, 0x70, 0x0, 0x0, 0xd,
    0xff, 0xe0, 0x5, 0xff, 0xf5, 0x0, 0x0, 0x7,
    0xff, 0xff, 0xfb, 0x0, 0x0, 0x1, 0xff, 0xfa,
    0x0, 0x1f, 0xff, 0xa0, 0x0, 0x0, 0xcf, 0xff,
    0xff, 0xf0, 0x0, 0x0, 0x5f, 0xff, 0x50, 0x0,
    0xcf, 0xfe, 0x0, 0x0, 0xf, 0xff, 0xef, 0xff,
    0x40, 0x0, 0xa, 0xff, 0xf1, 0x0, 0x8, 0xff,
    0xf2, 0x0, 0x4, 0xff, 0xf5, 0xff, 0xf8, 0x0,
    0x0, 0xef, 0xfc, 0x0, 0x0, 0x3f, 0xff, 0x70,
    0x0, 0x9f, 0xff, 0xc, 0xff, 0xd0, 0x0, 0x2f,
    0xff, 0x70, 0x0, 0x0, 0xef, 0xfb, 0x0, 0xd,
    0xff, 0xb0, 0x7f, 0xff, 0x10, 0x7, 0xff, 0xf3,
    0x0, 0x0, 0xa, 0xff, 0xf0, 0x1, 0xff, 0xf7,
    0x3, 0xff, 0xf5, 0x0, 0xbf, 0xfe, 0x0, 0x0,
    0x0, 0x5f, 0xff, 0x40, 0x6f, 0xff, 0x20, 0xe,
    0xff, 0xa0, 0xf, 0xff, 0xa0, 0x0, 0x0, 0x1,
    0xff, 0xf8, 0xa, 0xff, 0xe0, 0x0, 0xaf, 0xfe,
    0x4, 0xff, 0xf5, 0x0, 0x0, 0x0, 0xc, 0xff,
    0xc0, 0xef, 0xf9, 0x0, 0x5, 0xff, 0xf2, 0x8f,
    0xff, 0x10, 0x0, 0x0, 0x0, 0x7f, 0xff, 0x4f,
    0xff, 0x50, 0x0, 0x1f, 0xff, 0x7c, 0xff, 0xc0,
    0x0, 0x0, 0x0, 0x3, 0xff, 0xfc, 0xff, 0xf1,
    0x0, 0x0, 0xcf, 0xfc, 0xff, 0xf7, 0x0, 0x0,
    0x0, 0x0, 0xe, 0xff, 0xff, 0xfc, 0x0, 0x0,
    0x8, 0xff, 0xff, 0xff, 0x30, 0x0, 0x0, 0x0,
    0x0, 0xaf, 0xff, 0xff, 0x80, 0x0, 0x0, 0x3f,
    0xff, 0xff, 0xe0, 0x0, 0x0, 0x0, 0x0, 0x5,
    0xff, 0xff, 0xf3, 0x0, 0x0, 0x0, 0xef, 0xff,
    0xfa, 0x0, 0x0, 0x0, 0x0, 0x0, 0x1f, 0xff,
    0xfe, 0x0, 0x0, 0x0, 0xa, 0xff, 0xff, 0x50,
    0x0, 0x0, 0x0, 0x0, 0x0, 0xcf, 0xff, 0xa0,
    0x0, 0x0, 0x0, 0x6f, 0xff, 0xf1, 0x0, 0x0,
    0x0, 0x0, 0x0, 0x7, 0xff, 0xf6, 0x0, 0x0,
    0x0, 0x1, 0xff, 0xfc, 0x0, 0x0, 0x0,

    /* U+0058 "X" */
    0x2f, 0xff, 0xf4, 0x0, 0x0, 0x0, 0x0, 0x9f,
    0xff, 0xd0, 0x8, 0xff, 0xfd, 0x0, 0x0, 0x0,
    0x3, 0xff, 0xff, 0x30, 0x0, 0xdf, 0xff, 0x80,
    0x0, 0x0, 0xd, 0xff, 0xf8, 0x0, 0x0, 0x3f,
    0xff, 0xf2, 0x0, 0x0, 0x7f, 0xff, 0xd0, 0x0,
    0x0, 0x8, 0xff, 0xfc, 0x0, 0x2, 0xff, 0xff,
    0x30, 0x0, 0x0, 0x0, 0xdf, 0xff, 0x60, 0xb,
    0xff, 0xf9, 0x0, 0x0, 0x0, 0x0, 0x3f, 0xff,
    0xf1, 0x5f, 0xff, 0xe0, 0x0, 0x0, 0x0, 0x0,
    0x9, 0xff, 0xfb, 0xef, 0xff, 0x40, 0x0, 0x0,
    0x0, 0x0, 0x0, 0xef, 0xff, 0xff, 0xfa, 0x0,
    0x0, 0x0, 0x0, 0x0, 0x0, 0x4f, 0xff, 0xff,
    0xe1, 0x0, 0x0, 0x0, 0x0, 0x0, 0x0, 0xa,
    0xff, 0xff, 0x50, 0x0, 0x0, 0x0, 0x0, 0x0,
    0x0, 0xc, 0xff, 0xff, 0x70, 0x0, 0x0, 0x0,
    0x0, 0x0, 0x0, 0x7f, 0xff, 0xff, 0xf2, 0x0,
    0x0, 0x0, 0x0, 0x0, 0x2, 0xff, 0xff, 0xff,
    0xfc, 0x0, 0x0, 0x0, 0x0, 0x0, 0xc, 0xff,
    0xf9, 0xdf, 0xff, 0x70, 0x0, 0x0, 0x0, 0x0,
    0x6f, 0xff, 0xd0, 0x3f, 0xff, 0xf2, 0x0, 0x0,
    0x0, 0x2, 0xff, 0xff, 0x40, 0x9, 0xff, 0xfc,
    0x0, 0x0, 0x0, 0xb, 0xff, 0xfa, 0x0, 0x0,
    0xef, 0xff, 0x60, 0x0, 0x0, 0x6f, 0xff, 0xe1,
    0x0, 0x0, 0x4f, 0xff, 0xf1, 0x0, 0x1, 0xff,
    0xff, 0x50, 0x0, 0x0, 0xa, 0xff, 0xfb, 0x0,
    0xb, 0xff, 0xfb, 0x0, 0x0, 0x0, 0x1, 0xef,
    0xff, 0x60, 0x6f, 0xff, 0xf1, 0x0, 0x0, 0x0,
    0x0, 0x6f, 0xff, 0xf1,

    /* U+0059 "Y" */
    0xbf, 0xff, 0x80, 0x0, 0x0, 0x0, 0x2, 0xff,
    0xff, 0x12, 0xff, 0xff, 0x10, 0x0, 0x0, 0x0,
    0xbf, 0xff, 0x70, 0x9, 0xff, 0xfa, 0x0, 0x0,
    0x0, 0x4f, 0xff, 0xe0, 0x0, 0x1f, 0xff, 0xf3,
    0x0, 0x0, 0xd, 0xff, 0xf5, 0x0, 0x0, 0x7f,
    0xff, 0xc0, 0x0, 0x6, 0xff, 0xfc, 0x0, 0x0,
    0x0, 0xdf, 0xff, 0x50, 0x0, 0xef, 0xff, 0x30,
    0x0, 0x0, 0x5, 0xff, 0xfd, 0x0, 0x8f, 0xff,
    0xa0, 0x0, 0x0, 0x0, 0xc, 0xff, 0xf7, 0x2f,
    0xff, 0xf2, 0x0, 0x0, 0x0, 0x0, 0x3f, 0xff,
    0xfb, 0xff, 0xf8, 0x0, 0x0, 0x0, 0x0, 0x0,
    0xaf, 0xff, 0xff, 0xfe, 0x0, 0x0, 0x0, 0x0,
    0x0, 0x1, 0xff, 0xff, 0xff, 0x60, 0x0, 0x0,
    0x0, 0x0, 0x0, 0x7, 0xff, 0xff, 0xd0, 0x0,
    0x0, 0x0, 0x0, 0x0, 0x0, 0xe, 0xff, 0xf4,
    0x0, 0x0, 0x0, 0x0, 0x0, 0x0, 0x0, 0xaf,
    0xff, 0x0, 0x0, 0x0, 0x0, 0x0, 0x0, 0x0,
    0xa, 0xff, 0xf0, 0x0, 0x0, 0x0, 0x0, 0x0,
    0x0, 0x0, 0xaf, 0xff, 0x0, 0x0, 0x0, 0x0,
    0x0, 0x0, 0x0, 0xa, 0xff, 0xf0, 0x0, 0x0,
    0x0, 0x0, 0x0, 0x0, 0x0, 0xaf, 0xff, 0x0,
    0x0, 0x0, 0x0, 0x0, 0x0, 0x0, 0xa, 0xff,
    0xf0, 0x0, 0x0, 0x0, 0x0, 0x0, 0x0, 0x0,
    0xaf, 0xff, 0x0, 0x0, 0x0, 0x0, 0x0, 0x0,
    0x0, 0xa, 0xff, 0xf0, 0x0, 0x0, 0x0, 0x0,
    0x0, 0x0, 0x0, 0xaf, 0xff, 0x0, 0x0, 0x0,
    0x0,

    /* U+005A "Z" */
    0xc, 0xff, 0xff, 0xff, 0xff, 0xff, 0xff, 0xff,
    0xf5, 0xc, 0xff, 0xff, 0xff, 0xff, 0xff, 0xff,
    0xff, 0xd0, 0xc, 0xff, 0xff, 0xff, 0xff, 0xff,
    0xff, 0xff, 0x30, 0x5, 0x77, 0x77, 0x77, 0x77,
    0x7f, 0xff, 0xfa, 0x0, 0x0, 0x0, 0x0, 0x0,
    0x0, 0x7f, 0xff, 0xf1, 0x0, 0x0, 0x0, 0x0,
    0x0, 0x1, 0xff, 0xff, 0x70, 0x0, 0x0, 0x0,
    0x0, 0x0, 0xa, 0xff, 0xfd, 0x0, 0x0, 0x0,
    0x0, 0x0, 0x0, 0x3f, 0xff, 0xf4, 0x0, 0x0,
    0x0, 0x0, 0x0, 0x0, 0xcf, 0xff, 0xb0, 0x0,
    0x0, 0x0, 0x0, 0x0, 0x6, 0xff, 0xff, 0x20,
    0x0, 0x0, 0x0, 0x0, 0x0, 0x1e, 0xff, 0xf8,
    0x0, 0x0, 0x0, 0x0, 0x0, 0x0, 0x9f, 0xff,
    0xe0, 0x0, 0x0, 0x0, 0x0, 0x0, 0x3, 0xff,
    0xff, 0x50, 0x0, 0x0, 0x0, 0x0, 0x0, 0xc,
    0xff, 0xfc, 0x0, 0x0, 0x0, 0x0, 0x0, 0x0,
    0x5f, 0xff, 0xf3, 0x0, 0x0, 0x0, 0x0, 0x0,
    0x0, 0xef, 0xff, 0x90, 0x0, 0x0, 0x0, 0x0,
    0x0, 0x8, 0xff, 0xfe, 0x10, 0x0, 0x0, 0x0,
    0x0, 0x0, 0x2f, 0xff, 0xf6, 0x0, 0x0, 0x0,
    0x0, 0x0, 0x0, 0xbf, 0xff, 0xf7, 0x77, 0x77,
    0x77, 0x77, 0x71, 0x5, 0xff, 0xff, 0xff, 0xff,
    0xff, 0xff, 0xff, 0xf2, 0xd, 0xff, 0xff, 0xff,
    0xff, 0xff, 0xff, 0xff, 0xf2, 0x6f, 0xff, 0xff,
    0xff, 0xff, 0xff, 0xff, 0xff, 0xf2,

    /* U+005B "[" */
    0xcf, 0xff, 0xff, 0xcc, 0xff, 0xff, 0xfc, 0xcf,
    0xff, 0xff, 0xcc, 0xff, 0x94, 0x43, 0xcf, 0xf6,
    0x0, 0xc, 0xff, 0x60, 0x0, 0xcf, 0xf6, 0x0,
    0xc, 0xff, 0x60, 0x0, 0xcf, 0xf6, 0x0, 0xc,
    0xff, 0x60, 0x0, 0xcf, 0xf6, 0x0, 0xc, 0xff,
    0x60, 0x0, 0xcf, 0xf6, 0x0, 0xc, 0xff, 0x60,
    0x0, 0xcf, 0xf6, 0x0, 0xc, 0xff, 0x60, 0x0,
    0xcf, 0xf6, 0x0, 0xc, 0xff, 0x60, 0x0, 0xcf,
    0xf6, 0x0, 0xc, 0xff, 0x60, 0x0, 0xcf, 0xf6,
    0x0, 0xc, 0xff, 0x60, 0x0, 0xcf, 0xf6, 0x0,
    0xc, 0xff, 0x60, 0x0, 0xcf, 0xf6, 0x0, 0xc,
    0xff, 0x60, 0x0, 0xcf, 0xf6, 0x0, 0xc, 0xff,
    0x60, 0x0, 0xcf, 0xf6, 0x0, 0xc, 0xff, 0x60,
    0x0, 0xcf, 0xf9, 0x44, 0x3c, 0xff, 0xff, 0xfc,
    0xcf, 0xff, 0xff, 0xcc, 0xff, 0xff, 0xfc,

    /* U+005C "\\" */
    0x1f, 0xff, 0x90, 0x0, 0x0, 0x0, 0xdf, 0xfd,
    0x0, 0x0, 0x0, 0x8, 0xff, 0xf1, 0x0, 0x0,
    0x0, 0x4f, 0xff, 0x50, 0x0, 0x0, 0x0, 0xff,
    0xf9, 0x0, 0x0, 0x0, 0xc, 0xff, 0xe0, 0x0,
    0x0, 0x0, 0x8f, 0xff, 0x20, 0x0, 0x0, 0x3,
    0xff, 0xf6, 0x0, 0x0, 0x0, 0xf, 0xff, 0xa0,
    0x0, 0x0, 0x0, 0xbf, 0xfe, 0x0, 0x0, 0x0,
    0x7, 0xff, 0xf2, 0x0, 0x0, 0x0, 0x3f, 0xff,
    0x70, 0x0, 0x0, 0x0, 0xef, 0xfb, 0x0, 0x0,
    0x0, 0xa, 0xff, 0xf0, 0x0, 0x0, 0x0, 0x6f,
    0xff, 0x30, 0x0, 0x0, 0x2, 0xff, 0xf7, 0x0,
    0x0, 0x0, 0xe, 0xff, 0xc0, 0x0, 0x0, 0x0,
    0x9f, 0xff, 0x0, 0x0, 0x0, 0x5, 0xff, 0xf4,
    0x0, 0x0, 0x0, 0x1f, 0xff, 0x80, 0x0, 0x0,
    0x0, 0xdf, 0xfc, 0x0, 0x0, 0x0, 0x9, 0xff,
    0xf1,

    /* U+005D "]" */
    0xf, 0xff, 0xff, 0xf8, 0xf, 0xff, 0xff, 0xf8,
    0xf, 0xff, 0xff, 0xf8, 0x4, 0x44, 0xcf, 0xf8,
    0x0, 0x0, 0xbf, 0xf8, 0x0, 0x0, 0xbf, 0xf8,
    0x0, 0x0, 0xbf, 0xf8, 0x0, 0x0, 0xbf, 0xf8,
    0x0, 0x0, 0xbf, 0xf8, 0x0, 0x0, 0xbf, 0xf8,
    0x0, 0x0, 0xbf, 0xf8, 0x0, 0x0, 0xbf, 0xf8,
    0x0, 0x0, 0xbf, 0xf8, 0x0, 0x0, 0xbf, 0xf8,
    0x0, 0x0, 0xbf, 0xf8, 0x0, 0x0, 0xbf, 0xf8,
    0x0, 0x0, 0xbf, 0xf8, 0x0, 0x0, 0xbf, 0xf8,
    0x0, 0x0, 0xbf, 0xf8, 0x0, 0x0, 0xbf, 0xf8,
    0x0, 0x0, 0xbf, 0xf8, 0x0, 0x0, 0xbf, 0xf8,
    0x0, 0x0, 0xbf, 0xf8, 0x0, 0x0, 0xbf, 0xf8,
    0x0, 0x0, 0xbf, 0xf8, 0x0, 0x0, 0xbf, 0xf8,
    0x0, 0x0, 0xbf, 0xf8, 0x0, 0x0, 0xbf, 0xf8,
    0x0, 0x0, 0xbf, 0xf8, 0x0, 0x0, 0xbf, 0xf8,
    0x4, 0x44, 0xcf, 0xf8, 0xf, 0xff, 0xff, 0xf8,
    0xf, 0xff, 0xff, 0xf8, 0xf, 0xff, 0xff, 0xf8,

    /* U+005E "^" */
    0x0, 0x0, 0x0, 0x3, 0x0, 0x0, 0x0, 0x0,
    0x0, 0x0, 0xa, 0xf5, 0x0, 0x0, 0x0, 0x0,
    0x0, 0x9, 0xff, 0xf5, 0x0, 0x0, 0x0, 0x0,
    0x9, 0xff, 0xff, 0xf5, 0x0, 0x0, 0x0, 0x9,
    0xff, 0xff, 0xff, 0xf5, 0x0, 0x0, 0x8, 0xff,
    0xfb, 0x3e, 0xff, 0xf4, 0x0, 0x8, 0xff, 0xfc,
    0x0, 0x2e, 0xff, 0xf4, 0x7, 0xff, 0xfd, 0x10,
    0x0, 0x3f, 0xff, 0xf4, 0x3f, 0xfd, 0x10, 0x0,
    0x0, 0x3f, 0xfd, 0x10, 0x4d, 0x10, 0x0, 0x0,
    0x0, 0x4d, 0x10, 0x0, 0x0, 0x0, 0x0, 0x0,
    0x0, 0x0, 0x0,

    /* U+005F "_" */
    0xee, 0xee, 0xee, 0xee, 0xee, 0xee, 0xee, 0xee,
    0xee, 0xeb, 0xff, 0xff, 0xff, 0xff, 0xff, 0xff,
    0xff, 0xff, 0xff, 0xfc, 0xff, 0xff, 0xff, 0xff,
    0xff, 0xff, 0xff, 0xff, 0xff, 0xfc,

    /* U+0060 "`" */
    0xa, 0xa8, 0x0, 0xa, 0xff, 0x10, 0x3, 0xff,
    0x80, 0x0, 0xdf, 0xe0, 0x0, 0x6f, 0xf5, 0x0,
    0xf, 0xfb,

    /* U+0061 "a" */
    0x0, 0x1, 0x7c, 0xff, 0xfd, 0x93, 0x0, 0x0,
    0x4, 0xef, 0xff, 0xff, 0xff, 0xf9, 0x0, 0x3,
    0xff, 0xff, 0xff, 0xff, 0xff, 0xf8, 0x0, 0xcf,
    0xff, 0xe8, 0x67, 0xbf, 0xff, 0xf1, 0x1d, 0xff,
    0xb0, 0x0, 0x0, 0x9f, 0xff, 0x50, 0x1, 0x62,
    0x0, 0x0, 0x2, 0xff, 0xf7, 0x0, 0x0, 0x0,
    0x36, 0x9b, 0xef, 0xff, 0x70, 0x1, 0x7c, 0xff,
    0xff, 0xff, 0xff, 0xf7, 0x4, 0xef, 0xff, 0xff,
    0xff, 0xff, 0xff, 0x72, 0xff, 0xff, 0xfb, 0x85,
    0x22, 0xff, 0xf7, 0x8f, 0xff, 0xa1, 0x0, 0x0,
    0x3f, 0xff, 0x7b, 0xff, 0xd0, 0x0, 0x0, 0x8,
    0xff, 0xf7, 0xcf, 0xfd, 0x0, 0x0, 0x2, 0xff,
    0xff, 0x79, 0xff, 0xf7, 0x0, 0x16, 0xef, 0xff,
    0xf7, 0x3f, 0xff, 0xff, 0xff, 0xff, 0xfd, 0xff,
    0x70, 0x7f, 0xff, 0xff, 0xff, 0xe4, 0xbf, 0xf7,
    0x0, 0x3a, 0xef, 0xfc, 0x81, 0xb, 0xff, 0x70,

    /* U+0062 "b" */
    0xff, 0xfb, 0x0, 0x0, 0x0, 0x0, 0x0, 0x0,
    0xff, 0xfb, 0x0, 0x0, 0x0, 0x0, 0x0, 0x0,
    0xff, 0xfb, 0x0, 0x0, 0x0, 0x0, 0x0, 0x0,
    0xff, 0xfb, 0x0, 0x0, 0x0, 0x0, 0x0, 0x0,
    0xff, 0xfb, 0x0, 0x0, 0x0, 0x0, 0x0, 0x0,
    0xff, 0xfb, 0x4a, 0xef, 0xfc, 0x81, 0x0, 0x0,
    0xff, 0xff, 0xff, 0xff, 0xff, 0xfe, 0x40, 0x0,
    0xff, 0xff, 0xff, 0xff, 0xff, 0xff, 0xf4, 0x0,
    0xff, 0xff, 0xfa, 0x65, 0x7e, 0xff, 0xfe, 0x10,
    0xff, 0xff, 0x60, 0x0, 0x1, 0xcf, 0xff, 0x80,
    0xff, 0xfc, 0x0, 0x0, 0x0, 0x2f, 0xff, 0xd0,
    0xff, 0xf7, 0x0, 0x0, 0x0, 0xd, 0xff, 0xf1,
    0xff, 0xf5, 0x0, 0x0, 0x0, 0x9, 0xff, 0xf3,
    0xff, 0xf4, 0x0, 0x0, 0x0, 0x8, 0xff, 0xf4,
    0xff, 0xf5, 0x0, 0x0, 0x0, 0x9, 0xff, 0xf3,
    0xff, 0xf7, 0x0, 0x0, 0x0, 0xc, 0xff, 0xf1,
    0xff, 0xfc, 0x0, 0x0, 0x0, 0x2f, 0xff, 0xd0,
    0xff, 0xff, 0x60, 0x0, 0x0, 0xcf, 0xff, 0x80,
    0xff, 0xff, 0xfa, 0x65, 0x7d, 0xff, 0xfe, 0x10,
    0xff, 0xff, 0xff, 0xff, 0xff, 0xff, 0xf4, 0x0,
    0xff, 0xfb, 0xff, 0xff, 0xff, 0xff, 0x50, 0x0,
    0xff, 0xf4, 0x3a, 0xef, 0xfd, 0x81, 0x0, 0x0,

    /* U+0063 "c" */
    0x0, 0x0, 0x39, 0xdf, 0xfe, 0xb5, 0x0, 0x0,
    0x0, 0x9, 0xff, 0xff, 0xff, 0xff, 0xc2, 0x0,
    0x0, 0xbf, 0xff, 0xff, 0xff, 0xff, 0xfe, 0x10,
    0x7, 0xff, 0xff, 0xc8, 0x8b, 0xff, 0xff, 0xa0,
    0xe, 0xff, 0xf6, 0x0, 0x0, 0x5f, 0xff, 0xf1,
    0x5f, 0xff, 0xa0, 0x0, 0x0, 0x8, 0xfb, 0x71,
    0x9f, 0xff, 0x40, 0x0, 0x0, 0x0, 0x0, 0x0,
    0xbf, 0xff, 0x10, 0x0, 0x0, 0x0, 0x0, 0x0,
    0xcf, 0xff, 0x0, 0x0, 0x0, 0x0, 0x0, 0x0,
    0xbf, 0xff, 0x10, 0x0, 0x0, 0x0, 0x0, 0x0,
    0x9f, 0xff, 0x40, 0x0, 0x0, 0x0, 0x0, 0x0,
    0x5f, 0xff, 0xa0, 0x0, 0x0, 0x8, 0xc8, 0x51,
    0xf, 0xff, 0xf6, 0x0, 0x0, 0x3f, 0xff, 0xf1,
    0x7, 0xff, 0xff, 0xc8, 0x7a, 0xff, 0xff, 0xa0,
    0x0, 0xbf, 0xff, 0xff, 0xff, 0xff, 0xfe, 0x10,
    0x0, 0xa, 0xff, 0xff, 0xff, 0xff, 0xc1, 0x0,
    0x0, 0x0, 0x3a, 0xdf, 0xfe, 0xb5, 0x0, 0x0,

    /* U+0064 "d" */
    0x0, 0x0, 0x0, 0x0, 0x0, 0x3, 0xff, 0xf6,
    0x0, 0x0, 0x0, 0x0, 0x0, 0x3, 0xff, 0xf6,
    0x0, 0x0, 0x0, 0x0, 0x0, 0x3, 0xff, 0xf6,
    0x0, 0x0, 0x0, 0x0, 0x0, 0x3, 0xff, 0xf6,
    0x0, 0x0, 0x0, 0x0, 0x0, 0x3, 0xff, 0xf6,
    0x0, 0x0, 0x4b, 0xef, 0xfc, 0x74, 0xff, 0xf6,
    0x0, 0xb, 0xff, 0xff, 0xff, 0xff, 0xff, 0xf6,
    0x0, 0xcf, 0xff, 0xff, 0xff, 0xff, 0xff, 0xf6,
    0x8, 0xff, 0xff, 0xa6, 0x57, 0xef, 0xff, 0xf6,
    0x1f, 0xff, 0xf5, 0x0, 0x0, 0x1d, 0xff, 0xf6,
    0x6f, 0xff, 0xa0, 0x0, 0x0, 0x5, 0xff, 0xf6,
    0x9f, 0xff, 0x40, 0x0, 0x0, 0x0, 0xff, 0xf6,
    0xbf, 0xff, 0x10, 0x0, 0x0, 0x0, 0xdf, 0xf6,
    0xcf, 0xff, 0x0, 0x0, 0x0, 0x0, 0xdf, 0xf6,
    0xbf, 0xff, 0x10, 0x0, 0x0, 0x0, 0xdf, 0xf6,
    0x9f, 0xff, 0x40, 0x0, 0x0, 0x0, 0xff, 0xf6,
    0x6f, 0xff, 0xa0, 0x0, 0x0, 0x5, 0xff, 0xf6,
    0x1f, 0xff, 0xf4, 0x0, 0x0, 0x1d, 0xff, 0xf6,
    0x8, 0xff, 0xff, 0x95, 0x57, 0xef, 0xff, 0xf6,
    0x0, 0xcf, 0xff, 0xff, 0xff, 0xff, 0xff, 0xf6,
    0x0, 0x1b, 0xff, 0xff, 0xff, 0xfd, 0xef, 0xf6,
    0x0, 0x0, 0x5b, 0xef, 0xfc, 0x70, 0xcf, 0xf6,

    /* U+0065 "e" */
    0x0, 0x0, 0x29, 0xdf, 0xfe, 0xb6, 0x0, 0x0,
    0x0, 0x0, 0x8f, 0xff, 0xff, 0xff, 0xfd, 0x20,
    0x0, 0x0, 0xaf, 0xff, 0xff, 0xff, 0xff, 0xfe,
    0x20, 0x0, 0x6f, 0xff, 0xf9, 0x53, 0x5b, 0xff,
    0xfc, 0x0, 0xe, 0xff, 0xf3, 0x0, 0x0, 0x9,
    0xff, 0xf4, 0x5, 0xff, 0xf9, 0x0, 0x0, 0x0,
    0x1f, 0xff, 0x90, 0x9f, 0xff, 0xdc, 0xcc, 0xcc,
    0xcc, 0xff, 0xfb, 0xb, 0xff, 0xff, 0xff, 0xff,
    0xff, 0xff, 0xff, 0xd0, 0xcf, 0xff, 0xff, 0xff,
    0xff, 0xff, 0xff, 0xfd, 0xc, 0xff, 0xf1, 0x0,
    0x0, 0x0, 0x0, 0x0, 0x0, 0xaf, 0xff, 0x40,
    0x0, 0x0, 0x0, 0x0, 0x0, 0x6, 0xff, 0xfa,
    0x0, 0x0, 0x0, 0x3d, 0x82, 0x0, 0xf, 0xff,
    0xf6, 0x0, 0x0, 0x2d, 0xff, 0xf6, 0x0, 0x7f,
    0xff, 0xfc, 0x87, 0xaf, 0xff, 0xfe, 0x0, 0x0,
    0xaf, 0xff, 0xff, 0xff, 0xff, 0xff, 0x30, 0x0,
    0x0, 0x8f, 0xff, 0xff, 0xff, 0xfd, 0x30, 0x0,
    0x0, 0x0, 0x28, 0xcf, 0xfe, 0xb6, 0x0, 0x0,
    0x0,

    /* U+0066 "f" */
    0x0, 0x0, 0x6, 0xdf, 0xff, 0xf0, 0x0, 0x0,
    0x8f, 0xff, 0xff, 0xf0, 0x0, 0x1, 0xff, 0xff,
    0xff, 0xf0, 0x0, 0x5, 0xff, 0xfa, 0x0, 0x0,
    0x0, 0x7, 0xff, 0xf2, 0x0, 0x0, 0x1f, 0xff,
    0xff, 0xff, 0xff, 0xf0, 0x1f, 0xff, 0xff, 0xff,
    0xff, 0xf0, 0x1e, 0xef, 0xff, 0xfe, 0xee, 0xe0,
    0x0, 0x7, 0xff, 0xf2, 0x0, 0x0, 0x0, 0x7,
    0xff, 0xf2, 0x0, 0x0, 0x0, 0x7, 0xff, 0xf2,
    0x0, 0x0, 0x0, 0x7, 0xff, 0xf2, 0x0, 0x0,
    0x0, 0x7, 0xff, 0xf2, 0x0, 0x0, 0x0, 0x7,
    0xff, 0xf2, 0x0, 0x0, 0x0, 0x7, 0xff, 0xf2,
    0x0, 0x0, 0x0, 0x7, 0xff, 0xf2, 0x0, 0x0,
    0x0, 0x7, 0xff, 0xf2, 0x0, 0x0, 0x0, 0x7,
    0xff, 0xf2, 0x0, 0x0, 0x0, 0x7, 0xff, 0xf2,
    0x0, 0x0, 0x0, 0x7, 0xff, 0xf2, 0x0, 0x0,
    0x0, 0x7, 0xff, 0xf2, 0x0, 0x0, 0x0, 0x7,
    0xff, 0xf2, 0x0, 0x0,

    /* U+0067 "g" */
    0x0, 0x0, 0x4b, 0xef, 0xfc, 0x70, 0xcf, 0xf6,
    0x0, 0xb, 0xff, 0xff, 0xff, 0xfe, 0xef, 0xf6,
    0x0, 0xcf, 0xff, 0xff, 0xff, 0xff, 0xff, 0xf6,
    0x8, 0xff, 0xff, 0xa6, 0x57, 0xef, 0xff, 0xf6,
    0x1f, 0xff, 0xf5, 0x0, 0x0, 0x1d, 0xff, 0xf6,
    0x6f, 0xff, 0xa0, 0x0, 0x0, 0x5, 0xff, 0xf6,
    0x9f, 0xff, 0x40, 0x0, 0x0, 0x0, 0xff, 0xf6,
    0xbf, 0xff, 0x10, 0x0, 0x0, 0x0, 0xdf, 0xf6,
    0xcf, 0xff, 0x0, 0x0, 0x0, 0x0, 0xdf, 0xf6,
    0xbf, 0xff, 0x10, 0x0, 0x0, 0x0, 0xdf, 0xf6,
    0x9f, 0xff, 0x40, 0x0, 0x0, 0x0, 0xff, 0xf6,
    0x6f, 0xff, 0xa0, 0x0, 0x0, 0x5, 0xff, 0xf6,
    0x1f, 0xff, 0xf4, 0x0, 0x0, 0x1d, 0xff, 0xf6,
    0x8, 0xff, 0xff, 0x95, 0x57, 0xef, 0xff, 0xf6,
    0x0, 0xcf, 0xff, 0xff, 0xff, 0xff, 0xff, 0xf6,
    0x0, 0x1b, 0xff, 0xff, 0xff, 0xff, 0xff, 0xf6,
    0x0, 0x0, 0x5b, 0xef, 0xfc, 0x74, 0xff, 0xf6,
    0x0, 0x0, 0x0, 0x0, 0x0, 0x4, 0xff, 0xf5,
    0x0, 0x0, 0x0, 0x0, 0x0, 0x7, 0xff, 0xf4,
    0x0, 0x18, 0xe5, 0x0, 0x0, 0x4f, 0xff, 0xf1,
    0x4, 0xff, 0xff, 0xc8, 0x8c, 0xff, 0xff, 0xc0,
    0x0, 0xbf, 0xff, 0xff, 0xff, 0xff, 0xff, 0x30,
    0x0, 0xa, 0xff, 0xff, 0xff, 0xff, 0xe3, 0x0,
    0x0, 0x0, 0x39, 0xdf, 0xfe, 0xb6, 0x0, 0x0,

    /* U+0068 "h" */
    0xff, 0xf4, 0x0, 0x0, 0x0, 0x0, 0x0, 0xf,
    0xff, 0x40, 0x0, 0x0, 0x0, 0x0, 0x0, 0xff,
    0xf4, 0x0, 0x0, 0x0, 0x0, 0x0, 0xf, 0xff,
    0x40, 0x0, 0x0, 0x0, 0x0, 0x0, 0xff, 0xf4,
    0x0, 0x0, 0x0, 0x0, 0x0, 0xf, 0xff, 0x40,
    0x6b, 0xef, 0xfc, 0x60, 0x0, 0xff, 0xf6, 0xcf,
    0xff, 0xff, 0xff, 0xb0, 0xf, 0xff, 0xff, 0xff,
    0xff, 0xff, 0xff, 0xa0, 0xff, 0xff, 0xff, 0xa8,
    0x9e, 0xff, 0xff, 0x2f, 0xff, 0xfd, 0x10, 0x0,
    0x1d, 0xff, 0xf8, 0xff, 0xff, 0x40, 0x0, 0x0,
    0x4f, 0xff, 0xbf, 0xff, 0xe0, 0x0, 0x0, 0x0,
    0xff, 0xfe, 0xff, 0xfc, 0x0, 0x0, 0x0, 0xc,
    0xff, 0xff, 0xff, 0xb0, 0x0, 0x0, 0x0, 0xbf,
    0xff, 0xff, 0xfb, 0x0, 0x0, 0x0, 0xb, 0xff,
    0xff, 0xff, 0xb0, 0x0, 0x0, 0x0, 0xbf, 0xff,
    0xff, 0xfb, 0x0, 0x0, 0x0, 0xb, 0xff, 0xff,
    0xff, 0xb0, 0x0, 0x0, 0x0, 0xbf, 0xff, 0xff,
    0xfb, 0x0, 0x0, 0x0, 0xb, 0xff, 0xff, 0xff,
    0xb0, 0x0, 0x0, 0x0, 0xbf, 0xff, 0xff, 0xfb,
    0x0, 0x0, 0x0, 0xb, 0xff, 0xff, 0xff, 0xb0,
    0x0, 0x0, 0x0, 0xbf, 0xff,

    /* U+0069 "i" */
    0x9f, 0xff, 0x9, 0xff, 0xf0, 0x9f, 0xff, 0x3,
    0x66, 0x60, 0x0, 0x0, 0x9, 0xff, 0xf0, 0x9f,
    0xff, 0x9, 0xff, 0xf0, 0x9f, 0xff, 0x9, 0xff,
    0xf0, 0x9f, 0xff, 0x9, 0xff, 0xf0, 0x9f, 0xff,
    0x9, 0xff, 0xf0, 0x9f, 0xff, 0x9, 0xff, 0xf0,
    0x9f, 0xff, 0x9, 0xff, 0xf0, 0x9f, 0xff, 0x9,
    0xff, 0xf0, 0x9f, 0xff, 0x9, 0xff, 0xf0,

    /* U+006A "j" */
    0x0, 0x1, 0xff, 0xf8, 0x0, 0x1, 0xff, 0xf8,
    0x0, 0x1, 0xff, 0xf8, 0x0, 0x0, 0x66, 0x63,
    0x0, 0x0, 0x0, 0x0, 0x0, 0x1, 0xff, 0xf8,
    0x0, 0x1, 0xff, 0xf8, 0x0, 0x1, 0xff, 0xf8,
    0x0, 0x1, 0xff, 0xf8, 0x0, 0x1, 0xff, 0xf8,
    0x0, 0x1, 0xff, 0xf8, 0x0, 0x1, 0xff, 0xf8,
    0x0, 0x1, 0xff, 0xf8, 0x0, 0x1, 0xff, 0xf8,
    0x0, 0x1, 0xff, 0xf8, 0x0, 0x1, 0xff, 0xf8,
    0x0, 0x1, 0xff, 0xf8, 0x0, 0x1, 0xff, 0xf8,
    0x0, 0x1, 0xff, 0xf8, 0x0, 0x1, 0xff, 0xf8,
    0x0, 0x1, 0xff, 0xf8, 0x0, 0x1, 0xff, 0xf8,
    0x0, 0x1, 0xff, 0xf8, 0x0, 0x2, 0xff, 0xf8,
    0x0, 0x6, 0xff, 0xf8, 0x27, 0x9f, 0xff, 0xf6,
    0x4f, 0xff, 0xff, 0xf3, 0x4f, 0xff, 0xff, 0xa0,
    0x4f, 0xff, 0xd7, 0x0,

    /* U+006B "k" */
    0xef, 0xfc, 0x0, 0x0, 0x0, 0x0, 0x0, 0xe,
    0xff, 0xc0, 0x0, 0x0, 0x0, 0x0, 0x0, 0xef,
    0xfc, 0x0, 0x0, 0x0, 0x0, 0x0, 0xe, 0xff,
    0xc0, 0x0, 0x0, 0x0, 0x0, 0x0, 0xef, 0xfc,
    0x0, 0x0, 0x0, 0x0, 0x0, 0xe, 0xff, 0xc0,
    0x0, 0x0, 0xaf, 0xff, 0xc0, 0xef, 0xfc, 0x0,
    0x0, 0x6f, 0xff, 0xf2, 0xe, 0xff, 0xc0, 0x0,
    0x2f, 0xff, 0xf5, 0x0, 0xef, 0xfc, 0x0, 0xd,
    0xff, 0xf9, 0x0, 0xe, 0xff, 0xc0, 0x9, 0xff,
    0xfd, 0x0, 0x0, 0xef, 0xfc, 0x4, 0xff, 0xff,
    0x20, 0x0, 0xe, 0xff, 0xc1, 0xef, 0xff, 0x60,
    0x0, 0x0, 0xef, 0xfc, 0xbf, 0xff, 0xa0, 0x0,
    0x0, 0xe, 0xff, 0xff, 0xff, 0xf1, 0x0, 0x0,
    0x0, 0xef, 0xfc, 0xbf, 0xff, 0xb0, 0x0, 0x0,
    0xe, 0xff, 0xc1, 0xef, 0xff, 0x80, 0x0, 0x0,
    0xff, 0xfc, 0x3, 0xff, 0xff, 0x50, 0x0, 0xf,
    0xff, 0xc0, 0x7, 0xff, 0xff, 0x20, 0x0, 0xff,
    0xfc, 0x0, 0xb, 0xff, 0xfd, 0x10, 0xf, 0xff,
    0xc0, 0x0, 0x1d, 0xff, 0xfb, 0x0, 0xff, 0xfc,
    0x0, 0x0, 0x3f, 0xff, 0xf8, 0xf, 0xff, 0xc0,
    0x0, 0x0, 0x6f, 0xff, 0xf5,

    /* U+006C "l" */
    0x9f, 0xff, 0x9, 0xff, 0xf0, 0x9f, 0xff, 0x9,
    0xff, 0xf0, 0x9f, 0xff, 0x9, 0xff, 0xf0, 0x9f,
    0xff, 0x9, 0xff, 0xf0, 0x9f, 0xff, 0x9, 0xff,
    0xf0, 0x9f, 0xff, 0x9, 0xff, 0xf0, 0x9f, 0xff,
    0x9, 0xff, 0xf0, 0x9f, 0xff, 0x9, 0xff, 0xf0,
    0x9f, 0xff, 0x9, 0xff, 0xf0, 0x9f, 0xff, 0x9,
    0xff, 0xf0, 0x9f, 0xff, 0x9, 0xff, 0xf0,

    /* U+006D "m" */
    0xff, 0xf4, 0x7, 0xdf, 0xfd, 0x70, 0x0, 0x29,
    0xef, 0xfb, 0x50, 0x0, 0xff, 0xf6, 0xdf, 0xff,
    0xff, 0xfc, 0x5, 0xff, 0xff, 0xff, 0xf9, 0x0,
    0xff, 0xff, 0xff, 0xff, 0xff, 0xff, 0xbf, 0xff,
    0xff, 0xff, 0xff, 0x50, 0xff, 0xff, 0xf9, 0x56,
    0xcf, 0xff, 0xff, 0xe7, 0x57, 0xef, 0xff, 0xc0,
    0xff, 0xff, 0x60, 0x0, 0xc, 0xff, 0xff, 0x20,
    0x0, 0x2f, 0xff, 0xf0, 0xff, 0xfe, 0x0, 0x0,
    0x6, 0xff, 0xfa, 0x0, 0x0, 0xa, 0xff, 0xf2,
    0xff, 0xfc, 0x0, 0x0, 0x3, 0xff, 0xf7, 0x0,
    0x0, 0x7, 0xff, 0xf2, 0xff, 0xfb, 0x0, 0x0,
    0x2, 0xff, 0xf7, 0x0, 0x0, 0x7, 0xff, 0xf2,
    0xff, 0xfb, 0x0, 0x0, 0x2, 0xff, 0xf7, 0x0,
    0x0, 0x7, 0xff, 0xf2, 0xff, 0xfb, 0x0, 0x0,
    0x2, 0xff, 0xf7, 0x0, 0x0, 0x7, 0xff, 0xf2,
    0xff, 0xfb, 0x0, 0x0, 0x2, 0xff, 0xf7, 0x0,
    0x0, 0x7, 0xff, 0xf2, 0xff, 0xfb, 0x0, 0x0,
    0x2, 0xff, 0xf7, 0x0, 0x0, 0x7, 0xff, 0xf2,
    0xff, 0xfb, 0x0, 0x0, 0x2, 0xff, 0xf7, 0x0,
    0x0, 0x7, 0xff, 0xf2, 0xff, 0xfb, 0x0, 0x0,
    0x2, 0xff, 0xf7, 0x0, 0x0, 0x7, 0xff, 0xf2,
    0xff, 0xfb, 0x0, 0x0, 0x2, 0xff, 0xf7, 0x0,
    0x0, 0x7, 0xff, 0xf2, 0xff, 0xfb, 0x0, 0x0,
    0x2, 0xff, 0xf7, 0x0, 0x0, 0x7, 0xff, 0xf2,
    0xff, 0xfb, 0x0, 0x0, 0x2, 0xff, 0xf7, 0x0,
    0x0, 0x7, 0xff, 0xf2,

    /* U+006E "n" */
    0xff, 0xf4, 0x6, 0xbe, 0xff, 0xc6, 0x0, 0xf,
    0xff, 0x6c, 0xff, 0xff, 0xff, 0xfb, 0x0, 0xff,
    0xff, 0xff, 0xff, 0xff, 0xff, 0xfa, 0xf, 0xff,
    0xff, 0xfa, 0x89, 0xef, 0xff, 0xf2, 0xff, 0xff,
    0xd1, 0x0, 0x1, 0xdf, 0xff, 0x8f, 0xff, 0xf4,
    0x0, 0x0, 0x4, 0xff, 0xfb, 0xff, 0xfe, 0x0,
    0x0, 0x0, 0xf, 0xff, 0xef, 0xff, 0xc0, 0x0,
    0x0, 0x0, 0xcf, 0xff, 0xff, 0xfb, 0x0, 0x0,
    0x0, 0xb, 0xff, 0xff, 0xff, 0xb0, 0x0, 0x0,
    0x0, 0xbf, 0xff, 0xff, 0xfb, 0x0, 0x0, 0x0,
    0xb, 0xff, 0xff, 0xff, 0xb0, 0x0, 0x0, 0x0,
    0xbf, 0xff, 0xff, 0xfb, 0x0, 0x0, 0x0, 0xb,
    0xff, 0xff, 0xff, 0xb0, 0x0, 0x0, 0x0, 0xbf,
    0xff, 0xff, 0xfb, 0x0, 0x0, 0x0, 0xb, 0xff,
    0xff, 0xff, 0xb0, 0x0, 0x0, 0x0, 0xbf, 0xff,
    0xff, 0xfb, 0x0, 0x0, 0x0, 0xb, 0xff, 0xf0,

    /* U+006F "o" */
    0x0, 0x0, 0x29, 0xdf, 0xfe, 0xb6, 0x0, 0x0,
    0x0, 0x0, 0x8f, 0xff, 0xff, 0xff, 0xfd, 0x30,
    0x0, 0x0, 0xaf, 0xff, 0xff, 0xff, 0xff, 0xff,
    0x30, 0x0, 0x6f, 0xff, 0xfc, 0x87, 0x9f, 0xff,
    0xfe, 0x10, 0xf, 0xff, 0xf6, 0x0, 0x0, 0x1c,
    0xff, 0xf8, 0x5, 0xff, 0xfa, 0x0, 0x0, 0x0,
    0x2f, 0xff, 0xe0, 0x9f, 0xff, 0x40, 0x0, 0x0,
    0x0, 0xbf, 0xff, 0x2c, 0xff, 0xf1, 0x0, 0x0,
    0x0, 0x8, 0xff, 0xf4, 0xcf, 0xff, 0x0, 0x0,
    0x0, 0x0, 0x7f, 0xff, 0x5b, 0xff, 0xf1, 0x0,
    0x0, 0x0, 0x8, 0xff, 0xf4, 0x9f, 0xff, 0x40,
    0x0, 0x0, 0x0, 0xbf, 0xff, 0x25, 0xff, 0xfa,
    0x0, 0x0, 0x0, 0x2f, 0xff, 0xe0, 0xf, 0xff,
    0xf6, 0x0, 0x0, 0x1c, 0xff, 0xf8, 0x0, 0x7f,
    0xff, 0xfc, 0x87, 0x9e, 0xff, 0xfe, 0x10, 0x0,
    0xaf, 0xff, 0xff, 0xff, 0xff, 0xff, 0x30, 0x0,
    0x0, 0x9f, 0xff, 0xff, 0xff, 0xfd, 0x30, 0x0,
    0x0, 0x0, 0x29, 0xdf, 0xfe, 0xb6, 0x0, 0x0,
    0x0,

    /* U+0070 "p" */
    0xff, 0xf4, 0x4a, 0xef, 0xfc, 0x81, 0x0, 0x0,
    0xff, 0xfc, 0xff, 0xff, 0xff, 0xfe, 0x40, 0x0,
    0xff, 0xff, 0xff, 0xff, 0xff, 0xff, 0xf4, 0x0,
    0xff, 0xff, 0xfa, 0x65, 0x7e, 0xff, 0xfe, 0x10,
    0xff, 0xff, 0x60, 0x0, 0x1, 0xcf, 0xff, 0x80,
    0xff, 0xfc, 0x0, 0x0, 0x0, 0x2f, 0xff, 0xd0,
    0xff, 0xf7, 0x0, 0x0, 0x0, 0xd, 0xff, 0xf1,
    0xff, 0xf5, 0x0, 0x0, 0x0, 0x9, 0xff, 0xf3,
    0xff, 0xf4, 0x0, 0x0, 0x0, 0x8, 0xff, 0xf4,
    0xff, 0xf5, 0x0, 0x0, 0x0, 0x9, 0xff, 0xf3,
    0xff, 0xf7, 0x0, 0x0, 0x0, 0xc, 0xff, 0xf1,
    0xff, 0xfc, 0x0, 0x0, 0x0, 0x2f, 0xff, 0xd0,
    0xff, 0xff, 0x60, 0x0, 0x0, 0xcf, 0xff, 0x80,
    0xff, 0xff, 0xfa, 0x65, 0x7d, 0xff, 0xfe, 0x10,
    0xff, 0xff, 0xff, 0xff, 0xff, 0xff, 0xf4, 0x0,
    0xff, 0xff, 0xff, 0xff, 0xff, 0xff, 0x50, 0x0,
    0xff, 0xfb, 0x3a, 0xef, 0xfd, 0x81, 0x0, 0x0,
    0xff, 0xfb, 0x0, 0x0, 0x0, 0x0, 0x0, 0x0,
    0xff, 0xfb, 0x0, 0x0, 0x0, 0x0, 0x0, 0x0,
    0xff, 0xfb, 0x0, 0x0, 0x0, 0x0, 0x0, 0x0,
    0xff, 0xfb, 0x0, 0x0, 0x0, 0x0, 0x0, 0x0,
    0xff, 0xfb, 0x0, 0x0, 0x0, 0x0, 0x0, 0x0,
    0xff, 0xfb, 0x0, 0x0, 0x0, 0x0, 0x0, 0x0,
    0xff, 0xfb, 0x0, 0x0, 0x0, 0x0, 0x0, 0x0,

    /* U+0071 "q" */
    0x0, 0x0, 0x4b, 0xef, 0xfc, 0x70, 0xcf, 0xf6,
    0x0, 0xb, 0xff, 0xff, 0xff, 0xfe, 0xef, 0xf6,
    0x0, 0xcf, 0xff, 0xff, 0xff, 0xff, 0xff, 0xf6,
    0x8, 0xff, 0xff, 0xa6, 0x57, 0xef, 0xff, 0xf6,
    0x1f, 0xff, 0xf5, 0x0, 0x0, 0x1d, 0xff, 0xf6,
    0x6f, 0xff, 0xa0, 0x0, 0x0, 0x5, 0xff, 0xf6,
    0x9f, 0xff, 0x40, 0x0, 0x0, 0x0, 0xff, 0xf6,
    0xbf, 0xff, 0x10, 0x0, 0x0, 0x0, 0xdf, 0xf6,
    0xcf, 0xff, 0x0, 0x0, 0x0, 0x0, 0xdf, 0xf6,
    0xbf, 0xff, 0x10, 0x0, 0x0, 0x0, 0xdf, 0xf6,
    0x9f, 0xff, 0x40, 0x0, 0x0, 0x0, 0xff, 0xf6,
    0x6f, 0xff, 0xa0, 0x0, 0x0, 0x5, 0xff, 0xf6,
    0x1f, 0xff, 0xf4, 0x0, 0x0, 0x1d, 0xff, 0xf6,
    0x8, 0xff, 0xff, 0x95, 0x57, 0xef, 0xff, 0xf6,
    0x0, 0xcf, 0xff, 0xff, 0xff, 0xff, 0xff, 0xf6,
    0x0, 0x1b, 0xff, 0xff, 0xff, 0xff, 0xff, 0xf6,
    0x0, 0x0, 0x5b, 0xef, 0xfc, 0x74, 0xff, 0xf6,
    0x0, 0x0, 0x0, 0x0, 0x0, 0x3, 0xff, 0xf6,
    0x0, 0x0, 0x0, 0x0, 0x0, 0x3, 0xff, 0xf6,
    0x0, 0x0, 0x0, 0x0, 0x0, 0x3, 0xff, 0xf6,
    0x0, 0x0, 0x0, 0x0, 0x0, 0x3, 0xff, 0xf6,
    0x0, 0x0, 0x0, 0x0, 0x0, 0x3, 0xff, 0xf6,
    0x0, 0x0, 0x0, 0x0, 0x0, 0x3, 0xff, 0xf6,
    0x0, 0x0, 0x0, 0x0, 0x0, 0x3, 0xff, 0xf6,

    /* U+0072 "r" */
    0xef, 0xf4, 0x6, 0xdf, 0xf3, 0xef, 0xf5, 0xbf,
    0xff, 0xf3, 0xef, 0xfd, 0xff, 0xff, 0xf3, 0xef,
    0xff, 0xff, 0xa6, 0x61, 0xef, 0xff, 0xf3, 0x0,
    0x0, 0xef, 0xff, 0x60, 0x0, 0x0, 0xef, 0xff,
    0x0, 0x0, 0x0, 0xef, 0xfc, 0x0, 0x0, 0x0,
    0xef, 0xfb, 0x0, 0x0, 0x0, 0xef, 0xfb, 0x0,
    0x0, 0x0, 0xef, 0xfb, 0x0, 0x0, 0x0, 0xef,
    0xfb, 0x0, 0x0, 0x0, 0xef, 0xfb, 0x0, 0x0,
    0x0, 0xef, 0xfb, 0x0, 0x0, 0x0, 0xef, 0xfb,
    0x0, 0x0, 0x0, 0xef, 0xfb, 0x0, 0x0, 0x0,
    0xef, 0xfb, 0x0, 0x0, 0x0,

    /* U+0073 "s" */
    0x0, 0x4, 0xad, 0xff, 0xeb, 0x50, 0x0, 0x0,
    0xa, 0xff, 0xff, 0xff, 0xff, 0xd2, 0x0, 0x9,
    0xff, 0xff, 0xff, 0xff, 0xff, 0xe1, 0x1, 0xff,
    0xff, 0x74, 0x36, 0xef, 0xff, 0x80, 0x4f, 0xff,
    0x70, 0x0, 0x2, 0xff, 0xfc, 0x3, 0xff, 0xf8,
    0x0, 0x0, 0x5, 0x31, 0x0, 0xe, 0xff, 0xfd,
    0x72, 0x0, 0x0, 0x0, 0x0, 0x5f, 0xff, 0xff,
    0xfe, 0xa5, 0x0, 0x0, 0x0, 0x2a, 0xff, 0xff,
    0xff, 0xfe, 0x50, 0x0, 0x0, 0x1, 0x6a, 0xef,
    0xff, 0xff, 0x50, 0x0, 0x0, 0x0, 0x0, 0x3a,
    0xff, 0xfd, 0x2, 0x58, 0xa0, 0x0, 0x0, 0xb,
    0xff, 0xf0, 0xaf, 0xff, 0x80, 0x0, 0x0, 0xcf,
    0xff, 0x4, 0xff, 0xff, 0xa5, 0x34, 0xaf, 0xff,
    0xc0, 0xa, 0xff, 0xff, 0xff, 0xff, 0xff, 0xf4,
    0x0, 0xa, 0xff, 0xff, 0xff, 0xff, 0xf6, 0x0,
    0x0, 0x3, 0x9d, 0xff, 0xfc, 0x82, 0x0, 0x0,

    /* U+0074 "t" */
    0x0, 0x6, 0x88, 0x60, 0x0, 0x0, 0x0, 0xc,
    0xff, 0xd0, 0x0, 0x0, 0x0, 0xc, 0xff, 0xd0,
    0x0, 0x0, 0x0, 0xc, 0xff, 0xd0, 0x0, 0x0,
    0x0, 0xc, 0xff, 0xd0, 0x0, 0x0, 0xbf, 0xff,
    0xff, 0xff, 0xff, 0xf9, 0xbf, 0xff, 0xff, 0xff,
    0xff, 0xf9, 0xae, 0xef, 0xff, 0xfe, 0xee, 0xe8,
    0x0, 0xc, 0xff, 0xd0, 0x0, 0x0, 0x0, 0xc,
    0xff, 0xd0, 0x0, 0x0, 0x0, 0xc, 0xff, 0xd0,
    0x0, 0x0, 0x0, 0xc, 0xff, 0xd0, 0x0, 0x0,
    0x0, 0xc, 0xff, 0xd0, 0x0, 0x0, 0x0, 0xc,
    0xff, 0xd0, 0x0, 0x0, 0x0, 0xc, 0xff, 0xd0,
    0x0, 0x0, 0x0, 0xc, 0xff, 0xd0, 0x0, 0x0,
    0x0, 0xc, 0xff, 0xe0, 0x0, 0x0, 0x0, 0xb,
    0xff, 0xf2, 0x0, 0x0, 0x0, 0x9, 0xff, 0xfd,
    0x64, 0x43, 0x0, 0x3, 0xff, 0xff, 0xff, 0xf9,
    0x0, 0x0, 0x9f, 0xff, 0xff, 0xf9, 0x0, 0x0,
    0x5, 0xbe, 0xff, 0xe7,

    /* U+0075 "u" */
    0x3f, 0xff, 0x70, 0x0, 0x0, 0x0, 0xff, 0xfa,
    0x3f, 0xff, 0x70, 0x0, 0x0, 0x0, 0xff, 0xfa,
    0x3f, 0xff, 0x70, 0x0, 0x0, 0x0, 0xff, 0xfa,
    0x3f, 0xff, 0x70, 0x0, 0x0, 0x0, 0xff, 0xfa,
    0x3f, 0xff, 0x70, 0x0, 0x0, 0x0, 0xff, 0xfa,
    0x3f, 0xff, 0x70, 0x0, 0x0, 0x0, 0xff, 0xfa,
    0x3f, 0xff, 0x70, 0x0, 0x0, 0x0, 0xff, 0xfa,
    0x3f, 0xff, 0x70, 0x0, 0x0, 0x0, 0xff, 0xfa,
    0x3f, 0xff, 0x70, 0x0, 0x0, 0x0, 0xff, 0xfa,
    0x3f, 0xff, 0x80, 0x0, 0x0, 0x0, 0xff, 0xfa,
    0x2f, 0xff, 0xb0, 0x0, 0x0, 0x2, 0xff, 0xfa,
    0xf, 0xff, 0xf1, 0x0, 0x0, 0x8, 0xff, 0xfa,
    0xb, 0xff, 0xfb, 0x0, 0x0, 0x3f, 0xff, 0xfa,
    0x6, 0xff, 0xff, 0xd8, 0x7a, 0xff, 0xff, 0xfa,
    0x0, 0xdf, 0xff, 0xff, 0xff, 0xff, 0xff, 0xfa,
    0x0, 0x2e, 0xff, 0xff, 0xff, 0xf9, 0x8f, 0xfa,
    0x0, 0x1, 0x8d, 0xff, 0xea, 0x40, 0x8f, 0xfa,

    /* U+0076 "v" */
    0x3f, 0xff, 0x60, 0x0, 0x0, 0x0, 0xcf, 0xfd,
    0xe, 0xff, 0xb0, 0x0, 0x0, 0x2, 0xff, 0xf7,
    0x8, 0xff, 0xf1, 0x0, 0x0, 0x7, 0xff, 0xf1,
    0x3, 0xff, 0xf6, 0x0, 0x0, 0xc, 0xff, 0xc0,
    0x0, 0xdf, 0xfb, 0x0, 0x0, 0x2f, 0xff, 0x60,
    0x0, 0x8f, 0xff, 0x10, 0x0, 0x7f, 0xff, 0x10,
    0x0, 0x2f, 0xff, 0x50, 0x0, 0xcf, 0xfb, 0x0,
    0x0, 0xc, 0xff, 0xb0, 0x1, 0xff, 0xf6, 0x0,
    0x0, 0x7, 0xff, 0xf0, 0x7, 0xff, 0xf1, 0x0,
    0x0, 0x1, 0xff, 0xf5, 0xc, 0xff, 0xb0, 0x0,
    0x0, 0x0, 0xcf, 0xfb, 0x1f, 0xff, 0x50, 0x0,
    0x0, 0x0, 0x6f, 0xff, 0x7f, 0xff, 0x0, 0x0,
    0x0, 0x0, 0x1f, 0xff, 0xff, 0xfa, 0x0, 0x0,
    0x0, 0x0, 0xb, 0xff, 0xff, 0xf5, 0x0, 0x0,
    0x0, 0x0, 0x6, 0xff, 0xff, 0xf0, 0x0, 0x0,
    0x0, 0x0, 0x1, 0xff, 0xff, 0xa0, 0x0, 0x0,
    0x0, 0x0, 0x0, 0xbf, 0xff, 0x40, 0x0, 0x0,

    /* U+0077 "w" */
    0x4f, 0xff, 0x40, 0x0, 0x0, 0xaf, 0xfb, 0x0,
    0x0, 0x3, 0xff, 0xf5, 0xf, 0xff, 0x90, 0x0,
    0x0, 0xef, 0xff, 0x0, 0x0, 0x8, 0xff, 0xf0,
    0xa, 0xff, 0xd0, 0x0, 0x3, 0xff, 0xff, 0x40,
    0x0, 0xc, 0xff, 0xb0, 0x6, 0xff, 0xf2, 0x0,
    0x8, 0xff, 0xff, 0x90, 0x0, 0x1f, 0xff, 0x70,
    0x1, 0xff, 0xf7, 0x0, 0xc, 0xff, 0xff, 0xe0,
    0x0, 0x6f, 0xff, 0x20, 0x0, 0xcf, 0xfb, 0x0,
    0x1f, 0xff, 0xef, 0xf2, 0x0, 0xaf, 0xfd, 0x0,
    0x0, 0x8f, 0xff, 0x0, 0x6f, 0xfa, 0x9f, 0xf7,
    0x0, 0xff, 0xf9, 0x0, 0x0, 0x3f, 0xff, 0x50,
    0xbf, 0xf5, 0x4f, 0xfc, 0x4, 0xff, 0xf4, 0x0,
    0x0, 0xe, 0xff, 0x90, 0xff, 0xf0, 0xf, 0xff,
    0x18, 0xff, 0xf0, 0x0, 0x0, 0xa, 0xff, 0xe4,
    0xff, 0xb0, 0xa, 0xff, 0x5d, 0xff, 0xb0, 0x0,
    0x0, 0x5, 0xff, 0xfc, 0xff, 0x60, 0x5, 0xff,
    0xcf, 0xff, 0x60, 0x0, 0x0, 0x1, 0xff, 0xff,
    0xff, 0x10, 0x0, 0xff, 0xff, 0xff, 0x20, 0x0,
    0x0, 0x0, 0xcf, 0xff, 0xfc, 0x0, 0x0, 0xbf,
    0xff, 0xfd, 0x0, 0x0, 0x0, 0x0, 0x7f, 0xff,
    0xf7, 0x0, 0x0, 0x6f, 0xff, 0xf8, 0x0, 0x0,
    0x0, 0x0, 0x2f, 0xff, 0xf2, 0x0, 0x0, 0x1f,
    0xff, 0xf4, 0x0, 0x0, 0x0, 0x0, 0xe, 0xff,
    0xd0, 0x0, 0x0, 0xc, 0xff, 0xf0, 0x0, 0x0,
    0x0, 0x0, 0x9, 0xff, 0x80, 0x0, 0x0, 0x7,
    0xff, 0xa0, 0x0, 0x0,

    /* U+0078 "x" */
    0x3f, 0xff, 0xe1, 0x0, 0x0, 0x6, 0xff, 0xfc,
    0x0, 0x8f, 0xff, 0xb0, 0x0, 0x2, 0xff, 0xff,
    0x20, 0x0, 0xdf, 0xff, 0x50, 0x0, 0xbf, 0xff,
    0x70, 0x0, 0x3, 0xff, 0xfe, 0x10, 0x6f, 0xff,
    0xb0, 0x0, 0x0, 0x7, 0xff, 0xfb, 0x1f, 0xff,
    0xf1, 0x0, 0x0, 0x0, 0xc, 0xff, 0xfd, 0xff,
    0xf5, 0x0, 0x0, 0x0, 0x0, 0x2f, 0xff, 0xff,
    0xfa, 0x0, 0x0, 0x0, 0x0, 0x0, 0x6f, 0xff,
    0xfe, 0x10, 0x0, 0x0, 0x0, 0x0, 0x0, 0xef,
    0xff, 0x80, 0x0, 0x0, 0x0, 0x0, 0x0, 0x8f,
    0xff, 0xff, 0x20, 0x0, 0x0, 0x0, 0x0, 0x3f,
    0xff, 0xff, 0xfc, 0x0, 0x0, 0x0, 0x0, 0xd,
    0xff, 0xfb, 0xff, 0xf8, 0x0, 0x0, 0x0, 0x9,
    0xff, 0xf9, 0xe, 0xff, 0xf3, 0x0, 0x0, 0x4,
    0xff, 0xfd, 0x0, 0x4f, 0xff, 0xd0, 0x0, 0x1,
    0xef, 0xff, 0x30, 0x0, 0x9f, 0xff, 0x90, 0x0,
    0xaf, 0xff, 0x90, 0x0, 0x0, 0xef, 0xff, 0x40,
    0x5f, 0xff, 0xd0, 0x0, 0x0, 0x4, 0xff, 0xfe,
    0x10,

    /* U+0079 "y" */
    0x7f, 0xff, 0x40, 0x0, 0x0, 0x0, 0x2f, 0xff,
    0x71, 0xff, 0xfa, 0x0, 0x0, 0x0, 0x8, 0xff,
    0xf1, 0xa, 0xff, 0xf1, 0x0, 0x0, 0x0, 0xef,
    0xfb, 0x0, 0x4f, 0xff, 0x70, 0x0, 0x0, 0x4f,
    0xff, 0x50, 0x0, 0xdf, 0xfd, 0x0, 0x0, 0xa,
    0xff, 0xf0, 0x0, 0x7, 0xff, 0xf3, 0x0, 0x0,
    0xff, 0xf9, 0x0, 0x0, 0x1f, 0xff, 0x90, 0x0,
    0x6f, 0xff, 0x30, 0x0, 0x0, 0xaf, 0xff, 0x0,
    0xc, 0xff, 0xd0, 0x0, 0x0, 0x4, 0xff, 0xf5,
    0x1, 0xff, 0xf7, 0x0, 0x0, 0x0, 0xe, 0xff,
    0xb0, 0x7f, 0xff, 0x10, 0x0, 0x0, 0x0, 0x7f,
    0xff, 0x1d, 0xff, 0xb0, 0x0, 0x0, 0x0, 0x1,
    0xff, 0xfb, 0xff, 0xf5, 0x0, 0x0, 0x0, 0x0,
    0xb, 0xff, 0xff, 0xfe, 0x0, 0x0, 0x0, 0x0,
    0x0, 0x4f, 0xff, 0xff, 0x90, 0x0, 0x0, 0x0,
    0x0, 0x0, 0xef, 0xff, 0xf3, 0x0, 0x0, 0x0,
    0x0, 0x0, 0x8, 0xff, 0xfd, 0x0, 0x0, 0x0,
    0x0, 0x0, 0x0, 0x3f, 0xff, 0x70, 0x0, 0x0,
    0x0, 0x0, 0x0, 0x7, 0xff, 0xf1, 0x0, 0x0,
    0x0, 0x0, 0x0, 0x0, 0xdf, 0xfb, 0x0, 0x0,
    0x0, 0x0, 0x0, 0x0, 0x2f, 0xff, 0x50, 0x0,
    0x0, 0x0, 0x0, 0x0, 0x8, 0xff, 0xe0, 0x0,
    0x0, 0x0, 0x0, 0x0, 0x0, 0xef, 0xf9, 0x0,
    0x0, 0x0, 0x0, 0x0, 0x0, 0x3f, 0xff, 0x30,
    0x0, 0x0, 0x0, 0x0, 0x0, 0x9, 0xff, 0xd0,
    0x0, 0x0, 0x0, 0x0,

    /* U+007A "z" */
    0x8, 0xff, 0xff, 0xff, 0xff, 0xff, 0xff, 0xb0,
    0x8f, 0xff, 0xff, 0xff, 0xff, 0xff, 0xf3, 0x8,
    0xff, 0xff, 0xff, 0xff, 0xff, 0xf8, 0x0, 0x23,
    0x33, 0x33, 0x34, 0xff, 0xfd, 0x0, 0x0, 0x0,
    0x0, 0x0, 0xaf, 0xff, 0x30, 0x0, 0x0, 0x0,
    0x0, 0x4f, 0xff, 0x90, 0x0, 0x0, 0x0, 0x0,
    0xe, 0xff, 0xe0, 0x0, 0x0, 0x0, 0x0, 0x9,
    0xff, 0xf4, 0x0, 0x0, 0x0, 0x0, 0x3, 0xff,
    0xfa, 0x0, 0x0, 0x0, 0x0, 0x0, 0xdf, 0xfe,
    0x10, 0x0, 0x0, 0x0, 0x0, 0x8f, 0xff, 0x50,
    0x0, 0x0, 0x0, 0x0, 0x3f, 0xff, 0xb0, 0x0,
    0x0, 0x0, 0x0, 0xc, 0xff, 0xf1, 0x0, 0x0,
    0x0, 0x0, 0x7, 0xff, 0xf9, 0x33, 0x33, 0x33,
    0x31, 0x2, 0xff, 0xff, 0xff, 0xff, 0xff, 0xff,
    0x70, 0xcf, 0xff, 0xff, 0xff, 0xff, 0xff, 0xf7,
    0x5f, 0xff, 0xff, 0xff, 0xff, 0xff, 0xff, 0x70,

    /* U+007B "{" */
    0x0, 0x3, 0xbf, 0xff, 0x30, 0x2, 0xff, 0xff,
    0xf3, 0x0, 0xbf, 0xff, 0xff, 0x30, 0xf, 0xff,
    0xe8, 0x71, 0x0, 0xff, 0xf6, 0x0, 0x0, 0xf,
    0xff, 0x60, 0x0, 0x0, 0xff, 0xf6, 0x0, 0x0,
    0xf, 0xff, 0x60, 0x0, 0x0, 0xff, 0xf6, 0x0,
    0x0, 0xf, 0xff, 0x60, 0x0, 0x0, 0xff, 0xf6,
    0x0, 0x0, 0xf, 0xff, 0x60, 0x0, 0x0, 0xff,
    0xf6, 0x0, 0x0, 0xf, 0xff, 0x60, 0x0, 0x7,
    0xff, 0xf4, 0x0, 0x2, 0xff, 0xfe, 0x0, 0x0,
    0xbf, 0xff, 0x50, 0x0, 0xb, 0xff, 0xf4, 0x0,
    0x0, 0x3f, 0xff, 0xe0, 0x0, 0x0, 0x7f, 0xff,
    0x40, 0x0, 0x0, 0xff, 0xf6, 0x0, 0x0, 0xf,
    0xff, 0x60, 0x0, 0x0, 0xff, 0xf6, 0x0, 0x0,
    0xf, 0xff, 0x60, 0x0, 0x0, 0xff, 0xf6, 0x0,
    0x0, 0xf, 0xff, 0x60, 0x0, 0x0, 0xff, 0xf6,
    0x0, 0x0, 0xf, 0xff, 0x60, 0x0, 0x0, 0xff,
    0xf6, 0x0, 0x0, 0xf, 0xff, 0x60, 0x0, 0x0,
    0xff, 0xfe, 0x77, 0x10, 0xb, 0xff, 0xff, 0xf3,
    0x0, 0x3f, 0xff, 0xff, 0x30, 0x0, 0x3b, 0xff,
    0xf3,

    /* U+007C "|" */
    0x4f, 0xff, 0x54, 0xff, 0xf5, 0x4f, 0xff, 0x54,
    0xff, 0xf5, 0x4f, 0xff, 0x54, 0xff, 0xf5, 0x4f,
    0xff, 0x54, 0xff, 0xf5, 0x4f, 0xff, 0x54, 0xff,
    0xf5, 0x4f, 0xff, 0x54, 0xff, 0xf5, 0x4f, 0xff,
    0x54, 0xff, 0xf5, 0x4f, 0xff, 0x54, 0xff, 0xf5,
    0x4f, 0xff, 0x54, 0xff, 0xf5, 0x4f, 0xff, 0x54,
    0xff, 0xf5, 0x4f, 0xff, 0x54, 0xff, 0xf5,

    /* U+007D "}" */
    0xcf, 0xfd, 0x70, 0x0, 0xc, 0xff, 0xff, 0x90,
    0x0, 0xcf, 0xff, 0xff, 0x20, 0x5, 0x7a, 0xff,
    0xf6, 0x0, 0x0, 0xf, 0xff, 0x70, 0x0, 0x0,
    0xff, 0xf7, 0x0, 0x0, 0xf, 0xff, 0x70, 0x0,
    0x0, 0xff, 0xf7, 0x0, 0x0, 0xf, 0xff, 0x70,
    0x0, 0x0, 0xff, 0xf7, 0x0, 0x0, 0xf, 0xff,
    0x70, 0x0, 0x0, 0xff, 0xf7, 0x0, 0x0, 0xf,
    0xff, 0x70, 0x0, 0x0, 0xef, 0xf7, 0x0, 0x0,
    0xd, 0xff, 0xe0, 0x0, 0x0, 0x7f, 0xff, 0x90,
    0x0, 0x0, 0xdf, 0xff, 0x20, 0x0, 0xc, 0xff,
    0xf2, 0x0, 0x7, 0xff, 0xfa, 0x0, 0x0, 0xcf,
    0xfe, 0x10, 0x0, 0xe, 0xff, 0x70, 0x0, 0x0,
    0xff, 0xf7, 0x0, 0x0, 0xf, 0xff, 0x70, 0x0,
    0x0, 0xff, 0xf7, 0x0, 0x0, 0xf, 0xff, 0x70,
    0x0, 0x0, 0xff, 0xf7, 0x0, 0x0, 0xf, 0xff,
    0x70, 0x0, 0x0, 0xff, 0xf7, 0x0, 0x0, 0xf,
    0xff, 0x70, 0x0, 0x0, 0xff, 0xf7, 0x0, 0x57,
    0xaf, 0xff, 0x60, 0xc, 0xff, 0xff, 0xf2, 0x0,
    0xcf, 0xff, 0xf9, 0x0, 0xc, 0xff, 0xd7, 0x0,
    0x0,

    /* U+007E "~" */
    0x0, 0x7b, 0xb8, 0x20, 0x0, 0x0, 0x33, 0x30,
    0xb, 0xff, 0xff, 0xf8, 0x0, 0x2, 0xff, 0xf0,
    0x5f, 0xff, 0xff, 0xff, 0xd3, 0x4, 0xff, 0xf2,
    0x9f, 0xff, 0xff, 0xff, 0xff, 0xdf, 0xff, 0xf1,
    0xaf, 0xfd, 0x3, 0xcf, 0xff, 0xff, 0xff, 0xe0,
    0x9f, 0xfa, 0x0, 0x7, 0xff, 0xff, 0xff, 0x60,
    0x37, 0x75, 0x0, 0x0, 0x19, 0xef, 0xd6, 0x0,

    /* U+00B0 "°" */
    0x0, 0x2, 0xae, 0xfd, 0x80, 0x0, 0x0, 0x5f,
    0xff, 0xff, 0xfd, 0x10, 0x3, 0xff, 0xff, 0xff,
    0xff, 0xc0, 0xb, 0xff, 0xe5, 0x38, 0xff, 0xf5,
    0xf, 0xff, 0x30, 0x0, 0xaf, 0xf9, 0x1f, 0xff,
    0x0, 0x0, 0x6f, 0xfb, 0xf, 0xff, 0x30, 0x0,
    0xaf, 0xf9, 0xb, 0xff, 0xe5, 0x38, 0xff, 0xf5,
    0x3, 0xff, 0xff, 0xff, 0xff, 0xc0, 0x0, 0x6f,
    0xff, 0xff, 0xfd, 0x10, 0x0, 0x3, 0xae, 0xfd,
    0x80, 0x0,

    /* U+2022 "•" */
    0x0, 0x28, 0xa9, 0x30, 0x0, 0x5f, 0xff, 0xff,
    0x70, 0x2f, 0xff, 0xff, 0xff, 0x48, 0xff, 0xff,
    0xff, 0xfa, 0xbf, 0xff, 0xff, 0xff, 0xc9, 0xff,
    0xff, 0xff, 0xfb, 0x4f, 0xff, 0xff, 0xff, 0x60,
    0xaf, 0xff, 0xff, 0xc0, 0x0, 0x7d, 0xfe, 0x80,
    0x0
};


/*---------------------
 *  GLYPH DESCRIPTION
 *--------------------*/

static const lv_font_fmt_txt_glyph_dsc_t glyph_dsc[] = {
    {.bitmap_index = 0, .adv_w = 0, .box_w = 0, .box_h = 0, .ofs_x = 0, .ofs_y = 0} /* id = 0 reserved */,
    {.bitmap_index = 0, .adv_w = 96, .box_w = 0, .box_h = 0, .ofs_x = 0, .ofs_y = 0},
    {.bitmap_index = 0, .adv_w = 173, .box_w = 5, .box_h = 22, .ofs_x = 3, .ofs_y = 0},
    {.bitmap_index = 55, .adv_w = 224, .box_w = 11, .box_h = 6, .ofs_x = 1, .ofs_y = 16},
    {.bitmap_index = 88, .adv_w = 447, .box_w = 26, .box_h = 22, .ofs_x = 1, .ofs_y = 0},
    {.bitmap_index = 374, .adv_w = 301, .box_w = 17, .box_h = 29, .ofs_x = 1, .ofs_y = -3},
    {.bitmap_index = 621, .adv_w = 432, .box_w = 25, .box_h = 22, .ofs_x = 1, .ofs_y = 0},
    {.bitmap_index = 896, .adv_w = 321, .box_w = 19, .box_h = 22, .ofs_x = 1, .ofs_y = 0},
    {.bitmap_index = 1105, .adv_w = 125, .box_w = 5, .box_h = 6, .ofs_x = 1, .ofs_y = 16},
    {.bitmap_index = 1120, .adv_w = 217, .box_w = 9, .box_h = 33, .ofs_x = 4, .ofs_y = -6},
    {.bitmap_index = 1269, .adv_w = 217, .box_w = 9, .box_h = 33, .ofs_x = 1, .ofs_y = -6},
    {.bitmap_index = 1418, .adv_w = 223, .box_w = 13, .box_h = 11, .ofs_x = 0, .ofs_y = 11},
    {.bitmap_index = 1490, .adv_w = 274, .box_w = 15, .box_h = 14, .ofs_x = 1, .ofs_y = 4},
    {.bitmap_index = 1595, .adv_w = 146, .box_w = 5, .box_h = 9, .ofs_x = 1, .ofs_y = -5},
    {.bitmap_index = 1618, .adv_w = 202, .box_w = 10, .box_h = 3, .ofs_x = 1, .ofs_y = 8},
    {.bitmap_index = 1633, .adv_w = 146, .box_w = 5, .box_h = 4, .ofs_x = 2, .ofs_y = 0},
    {.bitmap_index = 1643, .adv_w = 208, .box_w = 11, .box_h = 22, .ofs_x = 1, .ofs_y = 0},
    {.bitmap_index = 1764, .adv_w = 316, .box_w = 16, .box_h = 22, .ofs_x = 2, .ofs_y = 0},
    {.bitmap_index = 1940, .adv_w = 210, .box_w = 9, .box_h = 22, .ofs_x = 1, .ofs_y = 0},
    {.bitmap_index = 2039, .adv_w = 286, .box_w = 16, .box_h = 22, .ofs_x = 1, .ofs_y = 0},
    {.bitmap_index = 2215, .adv_w = 279, .box_w = 15, .box_h = 22, .ofs_x = 1, .ofs_y = 0},
    {.bitmap_index = 2380, .adv_w = 292, .box_w = 16, .box_h = 22, .ofs_x = 1, .ofs_y = 0},
    {.bitmap_index = 2556, .adv_w = 281, .box_w = 16, .box_h = 22, .ofs_x = 1, .ofs_y = 0},
    {.bitmap_index = 2732, .adv_w = 298, .box_w = 16, .box_h = 22, .ofs_x = 2, .ofs_y = 0},
    {.bitmap_index = 2908, .adv_w = 256, .box_w = 14, .box_h = 22, .ofs_x = 1, .ofs_y = 0},
    {.bitmap_index = 3062, .adv_w = 294, .box_w = 16, .box_h = 22, .ofs_x = 1, .ofs_y = 0},
    {.bitmap_index = 3238, .adv_w = 298, .box_w = 16, .box_h = 22, .ofs_x = 1, .ofs_y = 0},
    {.bitmap_index = 3414, .adv_w = 164, .box_w = 5, .box_h = 13, .ofs_x = 3, .ofs_y = 2},
    {.bitmap_index = 3447, .adv_w = 165, .box_w = 4, .box_h = 22, .ofs_x = 3, .ofs_y = -5},
    {.bitmap_index = 3491, .adv_w = 306, .box_w = 10, .box_h = 15, .ofs_x = 4, .ofs_y = 2},
    {.bitmap_index = 3566, .adv_w = 360, .box_w = 16, .box_h = 9, .ofs_x = 3, .ofs_y = 7},
    {.bitmap_index = 3638, .adv_w = 306, .box_w = 10, .box_h = 15, .ofs_x = 5, .ofs_y = 2},
    {.bitmap_index = 3713, .adv_w = 265, .box_w = 15, .box_h = 22, .ofs_x = 1, .ofs_y = 0},
    {.bitmap_index = 3878, .adv_w = 438, .box_w = 24, .box_h = 23, .ofs_x = 2, .ofs_y = -3},
    {.bitmap_index = 4154, .adv_w = 322, .box_w = 20, .box_h = 22, .ofs_x = 0, .ofs_y = 0},
    {.bitmap_index = 4374, .adv_w = 303, .box_w = 17, .box_h = 22, .ofs_x = 2, .ofs_y = 0},
    {.bitmap_index = 4561, .adv_w = 354, .box_w = 21, .box_h = 22, .ofs_x = 0, .ofs_y = 0},
    {.bitmap_index = 4792, .adv_w = 336, .box_w = 18, .box_h = 22, .ofs_x = 2, .ofs_y = 0},
    {.bitmap_index = 4990, .adv_w = 281, .box_w = 15, .box_h = 22, .ofs_x = 2, .ofs_y = 0},
    {.bitmap_index = 5155, .adv_w = 251, .box_w = 14, .box_h = 22, .ofs_x = 2, .ofs_y = 0},
    {.bitmap_index = 5309, .adv_w = 351, .box_w = 22, .box_h = 22, .ofs_x = 0, .ofs_y = 0},
    {.bitmap_index = 5551, .adv_w = 346, .box_w = 18, .box_h = 22, .ofs_x = 2, .ofs_y = 0},
    {.bitmap_index = 5749, .adv_w = 135, .box_w = 5, .box_h = 22, .ofs_x = 2, .ofs_y = 0},
    {.bitmap_index = 5804, .adv_w = 240, .box_w = 13, .box_h = 22, .ofs_x = 0, .ofs_y = 0},
    {.bitmap_index = 5947, .adv_w = 311, .box_w = 18, .box_h = 22, .ofs_x = 2, .ofs_y = 0},
    {.bitmap_index = 6145, .adv_w = 256, .box_w = 14, .box_h = 22, .ofs_x = 2, .ofs_y = 0},
    {.bitmap_index = 6299, .adv_w = 410, .box_w = 22, .box_h = 22, .ofs_x = 2, .ofs_y = 0},
    {.bitmap_index = 6541, .adv_w = 345, .box_w = 18, .box_h = 22, .ofs_x = 2, .ofs_y = 0},
    {.bitmap_index = 6739, .adv_w = 360, .box_w = 22, .box_h = 22, .ofs_x = 0, .ofs_y = 0},
    {.bitmap_index = 6981, .adv_w = 306, .box_w = 17, .box_h = 22, .ofs_x = 2, .ofs_y = 0},
    {.bitmap_index = 7168, .adv_w = 360, .box_w = 22, .box_h = 22, .ofs_x = 0, .ofs_y = 0},
    {.bitmap_index = 7410, .adv_w = 317, .box_w = 17, .box_h = 22, .ofs_x = 2, .ofs_y = 0},
    {.bitmap_index = 7597, .adv_w = 316, .box_w = 18, .box_h = 22, .ofs_x = 1, .ofs_y = 0},
    {.bitmap_index = 7795, .adv_w = 291, .box_w = 18, .box_h = 22, .ofs_x = 0, .ofs_y = 0},
    {.bitmap_index = 7993, .adv_w = 346, .box_w = 18, .box_h = 22, .ofs_x = 2, .ofs_y = 0},
    {.bitmap_index = 8191, .adv_w = 307, .box_w = 20, .box_h = 22, .ofs_x = 0, .ofs_y = 0},
    {.bitmap_index = 8411, .adv_w = 468, .box_w = 29, .box_h = 22, .ofs_x = 0, .ofs_y = 0},
    {.bitmap_index = 8730, .adv_w = 315, .box_w = 20, .box_h = 22, .ofs_x = 0, .ofs_y = 0},
    {.bitmap_index = 8950, .adv_w = 294, .box_w = 19, .box_h = 22, .ofs_x = 0, .ofs_y = 0},
    {.bitmap_index = 9159, .adv_w = 318, .box_w = 18, .box_h = 22, .ofs_x = 1, .ofs_y = 0},
    {.bitmap_index = 9357, .adv_w = 203, .box_w = 7, .box_h = 34, .ofs_x = 4, .ofs_y = -6},
    {.bitmap_index = 9476, .adv_w = 208, .box_w = 11, .box_h = 22, .ofs_x = 1, .ofs_y = 0},
    {.bitmap_index = 9597, .adv_w = 203, .box_w = 8, .box_h = 34, .ofs_x = 1, .ofs_y = -6},
    {.bitmap_index = 9733, .adv_w = 327, .box_w = 15, .box_h = 11, .ofs_x = 3, .ofs_y = 12},
    {.bitmap_index = 9816, .adv_w = 317, .box_w = 20, .box_h = 3, .ofs_x = 0, .ofs_y = -4},
    {.bitmap_index = 9846, .adv_w = 258, .box_w = 6, .box_h = 6, .ofs_x = 4, .ofs_y = 24},
    {.bitmap_index = 9864, .adv_w = 276, .box_w = 15, .box_h = 17, .ofs_x = 1, .ofs_y = 0},
    {.bitmap_index = 9992, .adv_w = 296, .box_w = 16, .box_h = 22, .ofs_x = 2, .ofs_y = 0},
    {.bitmap_index = 10168, .adv_w = 276, .box_w = 16, .box_h = 17, .ofs_x = 1, .ofs_y = 0},
    {.bitmap_index = 10304, .adv_w = 296, .box_w = 16, .box_h = 22, .ofs_x = 1, .ofs_y = 0},
    {.bitmap_index = 10480, .adv_w = 289, .box_w = 17, .box_h = 17, .ofs_x = 1, .ofs_y = 0},
    {.bitmap_index = 10625, .adv_w = 181, .box_w = 12, .box_h = 22, .ofs_x = 0, .ofs_y = 0},
    {.bitmap_index = 10757, .adv_w = 296, .box_w = 16, .box_h = 24, .ofs_x = 1, .ofs_y = -7},
    {.bitmap_index = 10949, .adv_w = 300, .box_w = 15, .box_h = 22, .ofs_x = 2, .ofs_y = 0},
    {.bitmap_index = 11114, .adv_w = 135, .box_w = 5, .box_h = 22, .ofs_x = 2, .ofs_y = 0},
    {.bitmap_index = 11169, .adv_w = 138, .box_w = 8, .box_h = 29, .ofs_x = -1, .ofs_y = -7},
    {.bitmap_index = 11285, .adv_w = 258, .box_w = 15, .box_h = 22, .ofs_x = 2, .ofs_y = 0},
    {.bitmap_index = 11450, .adv_w = 135, .box_w = 5, .box_h = 22, .ofs_x = 2, .ofs_y = 0},
    {.bitmap_index = 11505, .adv_w = 432, .box_w = 24, .box_h = 17, .ofs_x = 2, .ofs_y = 0},
    {.bitmap_index = 11709, .adv_w = 300, .box_w = 15, .box_h = 17, .ofs_x = 2, .ofs_y = 0},
    {.bitmap_index = 11837, .adv_w = 297, .box_w = 17, .box_h = 17, .ofs_x = 1, .ofs_y = 0},
    {.bitmap_index = 11982, .adv_w = 296, .box_w = 16, .box_h = 24, .ofs_x = 2, .ofs_y = -7},
    {.bitmap_index = 12174, .adv_w = 296, .box_w = 16, .box_h = 24, .ofs_x = 1, .ofs_y = -7},
    {.bitmap_index = 12366, .adv_w = 192, .box_w = 10, .box_h = 17, .ofs_x = 2, .ofs_y = 0},
    {.bitmap_index = 12451, .adv_w = 260, .box_w = 15, .box_h = 17, .ofs_x = 1, .ofs_y = 0},
    {.bitmap_index = 12579, .adv_w = 208, .box_w = 12, .box_h = 22, .ofs_x = 0, .ofs_y = 0},
    {.bitmap_index = 12711, .adv_w = 300, .box_w = 16, .box_h = 17, .ofs_x = 1, .ofs_y = 0},
    {.bitmap_index = 12847, .adv_w = 265, .box_w = 16, .box_h = 17, .ofs_x = 0, .ofs_y = 0},
    {.bitmap_index = 12983, .adv_w = 385, .box_w = 24, .box_h = 17, .ofs_x = 0, .ofs_y = 0},
    {.bitmap_index = 13187, .adv_w = 266, .box_w = 17, .box_h = 17, .ofs_x = 0, .ofs_y = 0},
    {.bitmap_index = 13332, .adv_w = 269, .box_w = 17, .box_h = 24, .ofs_x = 0, .ofs_y = -7},
    {.bitmap_index = 13536, .adv_w = 256, .box_w = 15, .box_h = 17, .ofs_x = 0, .ofs_y = 0},
    {.bitmap_index = 13664, .adv_w = 216, .box_w = 9, .box_h = 34, .ofs_x = 4, .ofs_y = -6},
    {.bitmap_index = 13817, .adv_w = 144, .box_w = 5, .box_h = 22, .ofs_x = 2, .ofs_y = 0},
    {.bitmap_index = 13872, .adv_w = 216, .box_w = 9, .box_h = 34, .ofs_x = 1, .ofs_y = -6},
    {.bitmap_index = 14025, .adv_w = 344, .box_w = 16, .box_h = 7, .ofs_x = 3, .ofs_y = 6},
    {.bitmap_index = 14081, .adv_w = 216, .box_w = 12, .box_h = 11, .ofs_x = 0, .ofs_y = 11},
    {.bitmap_index = 14147, .adv_w = 338, .box_w = 9, .box_h = 9, .ofs_x = 6, .ofs_y = 5}
};

/*---------------------
 *  CHARACTER MAPPING
 *--------------------*/

static const uint16_t unicode_list_1[] = {
    0x0, 0x1f72
};

/*Collect the unicode lists and glyph_id offsets*/
static const lv_font_fmt_txt_cmap_t cmaps[] =
{
    {
        .range_start = 32, .range_length = 95, .glyph_id_start = 1,
        .unicode_list = NULL, .glyph_id_ofs_list = NULL, .list_length = 0, .type = LV_FONT_FMT_TXT_CMAP_FORMAT0_TINY
    },
    {
        .range_start = 176, .range_length = 8051, .glyph_id_start = 96,
        .unicode_list = unicode_list_1, .glyph_id_ofs_list = NULL, .list_length = 2, .type = LV_FONT_FMT_TXT_CMAP_SPARSE_TINY
    }
};

/*-----------------
 *    KERNING
 *----------------*/


/*Pair left and right glyphs for kerning*/
static const uint8_t kern_pair_glyph_ids[] =
{
    3, 13,
    3, 15,
    3, 68,
    3, 69,
    3, 70,
    3, 72,
    3, 80,
    3, 82,
    3, 84,
    5, 5,
    5, 10,
    5, 13,
    5, 15,
    5, 52,
    5, 55,
    5, 56,
    5, 57,
    5, 58,
    5, 62,
    5, 90,
    5, 94,
    8, 5,
    8, 8,
    8, 21,
    8, 34,
    8, 52,
    8, 66,
    8, 68,
    8, 69,
    8, 70,
    8, 72,
    8, 74,
    8, 77,
    8, 80,
    8, 82,
    8, 84,
    9, 5,
    9, 24,
    9, 36,
    9, 40,
    9, 48,
    9, 50,
    9, 52,
    9, 66,
    9, 68,
    9, 69,
    9, 70,
    9, 75,
    9, 80,
    9, 82,
    9, 84,
    9, 90,
    10, 87,
    10, 88,
    13, 18,
    14, 20,
    14, 21,
    14, 34,
    14, 43,
    14, 53,
    14, 55,
    14, 56,
    14, 57,
    14, 58,
    14, 89,
    15, 18,
    16, 16,
    16, 66,
    16, 68,
    16, 69,
    16, 70,
    16, 78,
    16, 79,
    16, 80,
    16, 81,
    16, 84,
    16, 89,
    18, 13,
    18, 15,
    19, 21,
    19, 34,
    21, 3,
    21, 8,
    21, 10,
    21, 13,
    21, 15,
    21, 21,
    21, 26,
    21, 34,
    21, 53,
    21, 55,
    21, 56,
    21, 57,
    21, 58,
    21, 62,
    21, 84,
    21, 87,
    21, 88,
    21, 89,
    21, 90,
    21, 91,
    21, 94,
    22, 19,
    23, 18,
    23, 26,
    24, 13,
    24, 14,
    24, 15,
    24, 21,
    24, 24,
    24, 34,
    26, 13,
    26, 15,
    26, 24,
    27, 16,
    34, 3,
    34, 5,
    34, 8,
    34, 14,
    34, 21,
    34, 34,
    34, 36,
    34, 40,
    34, 48,
    34, 50,
    34, 52,
    34, 53,
    34, 54,
    34, 55,
    34, 56,
    34, 58,
    34, 71,
    34, 85,
    34, 87,
    34, 88,
    34, 90,
    35, 13,
    35, 15,
    35, 53,
    35, 55,
    35, 56,
    35, 57,
    35, 58,
    36, 5,
    36, 10,
    36, 13,
    36, 15,
    36, 21,
    36, 34,
    36, 52,
    36, 55,
    36, 56,
    36, 57,
    36, 58,
    36, 62,
    36, 94,
    37, 10,
    37, 13,
    37, 15,
    37, 21,
    37, 34,
    37, 53,
    37, 55,
    37, 56,
    37, 57,
    37, 58,
    37, 59,
    37, 62,
    37, 94,
    38, 5,
    38, 36,
    38, 40,
    38, 48,
    38, 50,
    38, 52,
    39, 13,
    39, 15,
    39, 21,
    39, 34,
    39, 43,
    39, 66,
    39, 68,
    39, 69,
    39, 70,
    39, 80,
    39, 82,
    40, 13,
    40, 15,
    40, 21,
    40, 34,
    40, 53,
    40, 55,
    40, 56,
    40, 57,
    40, 58,
    42, 58,
    43, 13,
    43, 15,
    43, 21,
    43, 34,
    44, 1,
    44, 5,
    44, 14,
    44, 36,
    44, 40,
    44, 48,
    44, 50,
    44, 52,
    44, 68,
    44, 69,
    44, 70,
    44, 72,
    44, 80,
    44, 82,
    44, 84,
    44, 85,
    44, 86,
    44, 90,
    45, 1,
    45, 3,
    45, 8,
    45, 10,
    45, 14,
    45, 40,
    45, 48,
    45, 50,
    45, 53,
    45, 55,
    45, 56,
    45, 58,
    45, 62,
    45, 71,
    45, 85,
    45, 87,
    45, 88,
    45, 90,
    45, 94,
    48, 10,
    48, 13,
    48, 15,
    48, 21,
    48, 34,
    48, 53,
    48, 55,
    48, 56,
    48, 57,
    48, 58,
    48, 62,
    48, 89,
    48, 94,
    49, 10,
    49, 13,
    49, 15,
    49, 21,
    49, 34,
    49, 43,
    49, 57,
    49, 62,
    49, 66,
    49, 68,
    49, 69,
    49, 70,
    49, 71,
    49, 80,
    49, 94,
    50, 10,
    50, 13,
    50, 15,
    50, 21,
    50, 34,
    50, 53,
    50, 55,
    50, 56,
    50, 57,
    50, 58,
    50, 62,
    50, 89,
    50, 94,
    51, 36,
    51, 58,
    52, 5,
    52, 10,
    52, 13,
    52, 15,
    52, 52,
    52, 55,
    52, 56,
    52, 57,
    52, 58,
    52, 62,
    52, 90,
    52, 94,
    53, 1,
    53, 13,
    53, 14,
    53, 15,
    53, 21,
    53, 27,
    53, 28,
    53, 34,
    53, 43,
    53, 53,
    53, 58,
    53, 66,
    53, 68,
    53, 69,
    53, 70,
    53, 72,
    53, 78,
    53, 79,
    53, 80,
    53, 81,
    53, 82,
    53, 83,
    53, 84,
    53, 86,
    53, 87,
    53, 88,
    53, 89,
    53, 90,
    53, 91,
    54, 5,
    54, 13,
    54, 15,
    54, 21,
    54, 34,
    54, 52,
    55, 5,
    55, 13,
    55, 14,
    55, 15,
    55, 21,
    55, 27,
    55, 28,
    55, 34,
    55, 36,
    55, 40,
    55, 43,
    55, 48,
    55, 50,
    55, 52,
    55, 66,
    55, 68,
    55, 69,
    55, 70,
    55, 72,
    55, 74,
    55, 77,
    55, 78,
    55, 79,
    55, 80,
    55, 81,
    55, 82,
    55, 84,
    55, 86,
    55, 87,
    55, 88,
    55, 89,
    55, 91,
    56, 5,
    56, 13,
    56, 14,
    56, 15,
    56, 21,
    56, 27,
    56, 28,
    56, 34,
    56, 36,
    56, 40,
    56, 43,
    56, 48,
    56, 50,
    56, 52,
    56, 66,
    56, 68,
    56, 69,
    56, 70,
    56, 72,
    56, 74,
    56, 77,
    56, 78,
    56, 79,
    56, 80,
    56, 81,
    56, 82,
    56, 84,
    56, 86,
    56, 87,
    56, 88,
    56, 89,
    56, 91,
    57, 5,
    57, 14,
    57, 16,
    57, 36,
    57, 40,
    57, 48,
    57, 50,
    57, 52,
    57, 53,
    57, 68,
    57, 69,
    57, 70,
    57, 80,
    58, 1,
    58, 5,
    58, 13,
    58, 14,
    58, 15,
    58, 21,
    58, 27,
    58, 28,
    58, 34,
    58, 36,
    58, 40,
    58, 42,
    58, 43,
    58, 48,
    58, 50,
    58, 52,
    58, 53,
    58, 57,
    58, 58,
    58, 66,
    58, 67,
    58, 68,
    58, 69,
    58, 70,
    58, 72,
    58, 78,
    58, 79,
    58, 80,
    58, 81,
    58, 82,
    58, 83,
    58, 84,
    58, 86,
    58, 87,
    58, 88,
    58, 89,
    58, 90,
    58, 91,
    59, 53,
    59, 87,
    59, 88,
    60, 5,
    60, 24,
    60, 36,
    60, 40,
    60, 48,
    60, 50,
    60, 52,
    60, 66,
    60, 68,
    60, 69,
    60, 70,
    60, 75,
    60, 80,
    60, 82,
    60, 84,
    60, 90,
    62, 87,
    62, 88,
    66, 3,
    66, 8,
    66, 10,
    66, 53,
    66, 55,
    66, 56,
    66, 58,
    66, 62,
    66, 87,
    66, 88,
    66, 90,
    66, 94,
    67, 3,
    67, 8,
    67, 10,
    67, 13,
    67, 15,
    67, 21,
    67, 26,
    67, 34,
    67, 53,
    67, 55,
    67, 56,
    67, 57,
    67, 58,
    67, 62,
    67, 84,
    67, 87,
    67, 88,
    67, 89,
    67, 90,
    67, 91,
    67, 94,
    68, 3,
    68, 8,
    68, 10,
    68, 13,
    68, 15,
    68, 53,
    68, 55,
    68, 56,
    68, 58,
    68, 62,
    68, 66,
    68, 68,
    68, 69,
    68, 70,
    68, 74,
    68, 77,
    68, 80,
    68, 90,
    68, 94,
    69, 58,
    70, 9,
    70, 10,
    70, 13,
    70, 15,
    70, 53,
    70, 55,
    70, 56,
    70, 58,
    70, 60,
    70, 62,
    70, 66,
    70, 78,
    70, 79,
    70, 81,
    70, 87,
    70, 88,
    70, 89,
    70, 90,
    70, 92,
    70, 94,
    71, 8,
    71, 13,
    71, 15,
    71, 42,
    71, 53,
    71, 66,
    71, 67,
    71, 68,
    71, 69,
    71, 70,
    71, 73,
    71, 74,
    71, 76,
    71, 77,
    71, 80,
    72, 53,
    72, 58,
    73, 3,
    73, 8,
    73, 10,
    73, 53,
    73, 62,
    73, 94,
    74, 8,
    76, 14,
    76, 68,
    76, 69,
    76, 70,
    76, 80,
    76, 82,
    76, 84,
    77, 8,
    78, 3,
    78, 8,
    78, 10,
    78, 53,
    78, 58,
    78, 62,
    78, 68,
    78, 69,
    78, 70,
    78, 80,
    78, 90,
    78, 94,
    79, 3,
    79, 8,
    79, 10,
    79, 53,
    79, 58,
    79, 62,
    79, 68,
    79, 69,
    79, 70,
    79, 80,
    79, 90,
    79, 94,
    80, 3,
    80, 8,
    80, 10,
    80, 13,
    80, 15,
    80, 21,
    80, 26,
    80, 34,
    80, 53,
    80, 55,
    80, 56,
    80, 57,
    80, 58,
    80, 62,
    80, 84,
    80, 87,
    80, 88,
    80, 89,
    80, 90,
    80, 91,
    80, 94,
    81, 3,
    81, 8,
    81, 10,
    81, 13,
    81, 15,
    81, 21,
    81, 26,
    81, 34,
    81, 53,
    81, 55,
    81, 56,
    81, 57,
    81, 58,
    81, 62,
    81, 84,
    81, 87,
    81, 88,
    81, 89,
    81, 90,
    81, 91,
    81, 94,
    82, 58,
    83, 10,
    83, 13,
    83, 15,
    83, 58,
    83, 62,
    83, 66,
    83, 68,
    83, 69,
    83, 70,
    83, 72,
    83, 80,
    83, 84,
    83, 90,
    83, 94,
    84, 3,
    84, 8,
    84, 10,
    84, 53,
    84, 55,
    84, 56,
    84, 58,
    84, 62,
    84, 87,
    84, 88,
    84, 89,
    84, 90,
    84, 94,
    85, 58,
    85, 68,
    85, 69,
    85, 70,
    85, 80,
    85, 90,
    86, 58,
    87, 9,
    87, 10,
    87, 13,
    87, 15,
    87, 21,
    87, 34,
    87, 53,
    87, 58,
    87, 60,
    87, 62,
    87, 66,
    87, 68,
    87, 69,
    87, 70,
    87, 72,
    87, 80,
    87, 82,
    87, 84,
    87, 90,
    87, 92,
    87, 94,
    88, 9,
    88, 10,
    88, 13,
    88, 15,
    88, 21,
    88, 34,
    88, 53,
    88, 58,
    88, 60,
    88, 62,
    88, 66,
    88, 68,
    88, 69,
    88, 70,
    88, 72,
    88, 80,
    88, 82,
    88, 84,
    88, 90,
    88, 92,
    88, 94,
    89, 53,
    89, 58,
    89, 66,
    89, 68,
    89, 69,
    89, 70,
    89, 72,
    89, 80,
    89, 82,
    89, 87,
    89, 88,
    90, 13,
    90, 15,
    90, 21,
    90, 34,
    90, 53,
    90, 58,
    90, 66,
    90, 68,
    90, 69,
    90, 70,
    90, 71,
    90, 72,
    90, 80,
    90, 85,
    91, 53,
    91, 58,
    91, 66,
    91, 68,
    91, 69,
    91, 70,
    91, 80,
    91, 82,
    91, 90,
    92, 5,
    92, 24,
    92, 36,
    92, 40,
    92, 48,
    92, 50,
    92, 52,
    92, 66,
    92, 68,
    92, 69,
    92, 70,
    92, 75,
    92, 80,
    92, 82,
    92, 84,
    92, 90,
    94, 87,
    94, 88
};

/* Kerning between the respective left and right glyphs
 * 4.4 format which needs to scaled with `kern_scale`*/
static const int8_t kern_pair_values[] =
{
    -101, -101, -14, -14, -14, -14, -14, -14,
    -14, 7, -29, -12, -12, 7, -10, -10,
    -14, -14, -29, -5, -29, -24, 5, -58,
    -58, -24, -14, -41, -41, -41, -14, 14,
    14, -41, -14, -38, -5, 3, -5, -25,
    -25, -25, -5, -10, -19, -19, -19, 14,
    -19, -19, -19, -12, -3, -3, -58, -19,
    -6, -10, -14, -38, -22, -22, -24, -38,
    -10, -58, -67, -14, -24, -24, -24, -14,
    -14, -24, -14, -14, -10, -19, -19, -10,
    -10, -14, -14, -19, -10, -10, -6, -12,
    -6, -29, -14, -14, -10, -38, -19, -6,
    -10, -10, -8, -10, -10, -19, -12, -7,
    -12, -8, -2, -8, -19, 3, -19, -2,
    -2, -2, -38, -48, -10, -48, -19, 15,
    15, -10, -10, -10, -10, -10, -29, -10,
    -34, -34, -29, -12, -10, -19, -19, -24,
    -14, -14, -10, -14, -14, -14, -14, 14,
    -29, -24, -24, -10, -10, 14, -10, -10,
    -14, -14, -29, -29, -29, -24, -24, -10,
    -10, -10, -14, -14, -14, -14, -10, -29,
    -29, -3, -12, -14, -14, -14, -3, -55,
    -55, -5, -5, -20, -10, -7, -7, -7,
    -7, -10, -24, -24, -10, -10, -10, -14,
    -14, -14, -14, -19, -24, -24, -10, -10,
    -10, -14, -24, -12, -18, -18, -14, -14,
    -19, -19, -19, -14, -19, -17, -10, -15,
    -17, -22, -24, -58, -58, -14, -38, -10,
    -10, -10, -48, -38, -38, -48, -14, -10,
    -12, -17, -17, -24, -14, -29, -24, -24,
    -10, -10, -10, -14, -14, -24, -14, -29,
    -10, -29, -29, -77, -77, -24, -24, -20,
    -14, -29, -6, -4, -4, -4, 19, -4,
    -29, -29, -14, -14, -10, -10, -10, -14,
    -14, -14, -14, -29, -10, -29, -12, -7,
    7, -29, -12, -12, 7, -10, -10, -14,
    -14, -29, -5, -29, -14, -48, -48, -48,
    -10, -48, -43, -10, -38, 29, 14, -34,
    -38, -38, -38, -38, -24, -24, -38, -24,
    -38, -24, -29, -24, -29, -29, -34, -34,
    -29, -14, -10, -10, -14, -14, -14, -10,
    -29, -22, -29, -34, -24, -24, -34, -10,
    -10, -14, -10, -10, -10, -22, -29, -29,
    -29, -22, -10, -10, -14, -14, -29, -14,
    -22, -14, -14, -14, -14, -14, -10, -10,
    -29, -22, -29, -34, -24, -24, -34, -10,
    -10, -14, -10, -10, -10, -22, -29, -29,
    -29, -22, -10, -10, -14, -14, -29, -14,
    -22, -14, -14, -14, -14, -14, -10, -10,
    -14, 19, -14, -14, -14, -14, -10, 19,
    -10, -10, -10, -10, -19, -14, -67, -48,
    -67, -34, -17, -38, -34, -19, -19, -20,
    -38, -19, -19, -14, 14, -10, 15, -38,
    -20, -38, -38, -38, -38, -24, -24, -38,
    -24, -38, -19, -38, -19, -17, -17, -14,
    -17, -17, 19, -29, -29, -5, 3, -5,
    -25, -25, -25, -5, -10, -19, -19, -19,
    14, -19, -19, -19, -12, -3, -3, -10,
    -10, -10, -29, -14, -14, -29, -10, -10,
    -10, -14, -10, -10, -10, -19, -10, -10,
    -6, -12, -6, -29, -14, -14, -10, -38,
    -19, -6, -10, -10, -10, -18, -10, -19,
    -10, -10, -19, -10, -10, -29, -14, -14,
    -29, -19, -4, -7, -7, -7, -7, -7,
    -7, -10, -19, -19, -16, -19, -10, -10,
    -29, -14, -14, -29, -16, -19, -5, -7,
    -7, -7, -10, -10, -10, -5, -16, -19,
    14, -24, -24, 15, 29, -7, 15, -10,
    -10, -10, 15, 7, 15, 7, -10, -24,
    -24, -10, -10, -10, -29, -10, -10, -25,
    -14, -5, -5, -5, -5, -14, -5, -25,
    -10, -19, -10, -29, -34, -10, -4, -4,
    -4, -4, -10, -10, -10, -19, -10, -29,
    -34, -10, -4, -4, -4, -4, -10, -10,
    -14, -14, -19, -10, -10, -6, -12, -6,
    -29, -14, -14, -10, -38, -19, -6, -10,
    -10, -8, -10, -10, -19, -14, -14, -19,
    -10, -10, -6, -12, -6, -29, -14, -14,
    -10, -38, -19, -6, -10, -10, -8, -10,
    -10, -19, -19, -10, -38, -38, -10, -10,
    -6, -5, -5, -5, -10, -5, -10, -8,
    -10, -10, -10, -3, -24, -14, -14, -29,
    -3, -10, -10, -10, -10, -3, -10, -13,
    -13, -13, -13, -7, -19, -19, -10, -38,
    -38, -16, -16, -29, -17, -19, -10, -14,
    -10, -10, -10, -10, -10, -10, -10, -2,
    -19, -10, -19, -10, -38, -38, -16, -16,
    -29, -17, -19, -10, -14, -10, -10, -10,
    -10, -10, -10, -10, -2, -19, -10, -24,
    -14, -10, -10, -10, -10, -10, -10, -10,
    -5, -5, -38, -38, -12, -12, -19, -17,
    -10, -10, -10, -10, 19, -9, -10, 19,
    -24, -17, -14, -19, -19, -19, -19, -14,
    -6, -5, 3, -5, -25, -25, -25, -5,
    -10, -19, -19, -19, 14, -19, -19, -19,
    -12, -3, -3
};

/*Collect the kern pair's data in one place*/
static const lv_font_fmt_txt_kern_pair_t kern_pairs =
{
    .glyph_ids = kern_pair_glyph_ids,
    .values = kern_pair_values,
    .pair_cnt = 763,
    .glyph_ids_size = 0
};

/*--------------------
 *  ALL CUSTOM DATA
 *--------------------*/

#if LVGL_VERSION_MAJOR == 8
/*Store all the custom data of the font*/
static  lv_font_fmt_txt_glyph_cache_t cache;
#endif

#if LVGL_VERSION_MAJOR >= 8
static const lv_font_fmt_txt_dsc_t font_dsc = {
#else
static lv_font_fmt_txt_dsc_t font_dsc = {
#endif
    .glyph_bitmap = glyph_bitmap,
    .glyph_dsc = glyph_dsc,
    .cmaps = cmaps,
    .kern_dsc = &kern_pairs,
    .kern_scale = 16,
    .cmap_num = 2,
    .bpp = 4,
    .kern_classes = 0,
    .bitmap_format = 0,
#if LVGL_VERSION_MAJOR == 8
    .cache = &cache
#endif
};



/*-----------------
 *  PUBLIC FONT
 *----------------*/

/*Initialize a public general font descriptor*/
#if LVGL_VERSION_MAJOR >= 8
const lv_font_t lv_font_manrope_bold_30 = {
#else
lv_font_t lv_font_manrope_bold_30 = {
#endif
    .get_glyph_dsc = lv_font_get_glyph_dsc_fmt_txt,    /*Function pointer to get glyph's data*/
    .get_glyph_bitmap = lv_font_get_bitmap_fmt_txt,    /*Function pointer to get glyph's bitmap*/
    .line_height = 37,          /*The maximum line height required by the font*/
    .base_line = 7,             /*Baseline measured from the bottom of the line*/
#if !(LVGL_VERSION_MAJOR == 6 && LVGL_VERSION_MINOR == 0)
    .subpx = LV_FONT_SUBPX_NONE,
#endif
#if LV_VERSION_CHECK(7, 4, 0) || LVGL_VERSION_MAJOR >= 8
    .underline_position = -1,
    .underline_thickness = 1,
#endif
    .dsc = &font_dsc,          /*The custom font data. Will be accessed by `get_glyph_bitmap/dsc` */
#if LV_VERSION_CHECK(8, 2, 0) || LVGL_VERSION_MAJOR >= 9
    .fallback = NULL,
#endif
    .user_data = NULL,
};



#endif /*#if LV_FONT_MANROPE_BOLD_30*/

