/*******************************************************************************
 * Size: 42 px
 * Bpp: 4
 * Opts: --no-compress --no-prefilter --bpp 4 --size 42 --font /home/pc/d213-100ask/d211/source/artinchip/test-lvgl/aic_ui/font/InstrumentSans-Bold.ttf -r 0x20-0x7E,0xB0,0x2022 --format lvgl --lv-font-name lv_font_instrument_sans_bold_42 -o /home/pc/d213-100ask/d211/source/artinchip/test-lvgl/un260/font/lv_font_instrument_sans_bold_42.c
 ******************************************************************************/

#ifdef LV_LVGL_H_INCLUDE_SIMPLE
#include "lvgl.h"
#else
#include "lvgl/lvgl.h"
#endif

#ifndef LV_FONT_INSTRUMENT_SANS_BOLD_42
#define LV_FONT_INSTRUMENT_SANS_BOLD_42 1
#endif

#if LV_FONT_INSTRUMENT_SANS_BOLD_42

/*-----------------
 *    BITMAPS
 *----------------*/

/*Store the image of the glyphs*/
static LV_ATTRIBUTE_LARGE_CONST const uint8_t glyph_bitmap[] = {
    /* U+0020 " " */

    /* U+0021 "!" */
    0xf, 0xff, 0xff, 0xfe, 0xf, 0xff, 0xff, 0xfd,
    0xf, 0xff, 0xff, 0xfc, 0xe, 0xff, 0xff, 0xfb,
    0xd, 0xff, 0xff, 0xfb, 0xc, 0xff, 0xff, 0xfa,
    0xc, 0xff, 0xff, 0xf9, 0xb, 0xff, 0xff, 0xf8,
    0xa, 0xff, 0xff, 0xf8, 0x9, 0xff, 0xff, 0xf7,
    0x9, 0xff, 0xff, 0xf6, 0x8, 0xff, 0xff, 0xf5,
    0x7, 0xff, 0xff, 0xf5, 0x6, 0xff, 0xff, 0xf4,
    0x6, 0xff, 0xff, 0xf3, 0x5, 0xff, 0xff, 0xf2,
    0x4, 0xff, 0xff, 0xf2, 0x3, 0xff, 0xff, 0xf1,
    0x3, 0xff, 0xff, 0xf0, 0x1, 0xbb, 0xbb, 0xb0,
    0x0, 0x0, 0x0, 0x0, 0x0, 0x0, 0x0, 0x0,
    0x0, 0x0, 0x0, 0x0, 0x0, 0x0, 0x0, 0x0,
    0xf, 0xff, 0xff, 0xfe, 0xf, 0xff, 0xff, 0xfe,
    0xf, 0xff, 0xff, 0xfe, 0xf, 0xff, 0xff, 0xfe,
    0xf, 0xff, 0xff, 0xfe, 0xf, 0xff, 0xff, 0xfe,
    0xf, 0xff, 0xff, 0xfe,

    /* U+0022 "\"" */
    0x4, 0xcf, 0xd7, 0x0, 0x0, 0x4c, 0xfd, 0x70,
    0x3, 0xff, 0xff, 0xf7, 0x0, 0x4f, 0xff, 0xff,
    0x70, 0xbf, 0xff, 0xff, 0xf0, 0xb, 0xff, 0xff,
    0xfe, 0xe, 0xff, 0xff, 0xff, 0x20, 0xef, 0xff,
    0xff, 0xf1, 0xdf, 0xff, 0xff, 0xf1, 0xd, 0xff,
    0xff, 0xff, 0x1b, 0xff, 0xff, 0xff, 0x0, 0xbf,
    0xff, 0xff, 0xf0, 0x8f, 0xff, 0xff, 0xc0, 0x8,
    0xff, 0xff, 0xfb, 0x3, 0xff, 0xff, 0xf7, 0x0,
    0x4f, 0xff, 0xff, 0x70, 0xf, 0xff, 0xff, 0x30,
    0x0, 0xff, 0xff, 0xf3, 0x0, 0xaf, 0xff, 0xe0,
    0x0, 0xa, 0xff, 0xfe, 0x0, 0x5, 0xff, 0xf9,
    0x0, 0x0, 0x6f, 0xff, 0x90, 0x0, 0x1f, 0xff,
    0x50, 0x0, 0x1, 0xff, 0xf5, 0x0, 0x0, 0xcf,
    0xf0, 0x0, 0x0, 0xc, 0xff, 0x0, 0x0, 0x7,
    0xfb, 0x0, 0x0, 0x0, 0x7f, 0xb0, 0x0,

    /* U+0023 "#" */
    0x0, 0x0, 0x0, 0x0, 0xbf, 0xff, 0xfb, 0x0,
    0x0, 0xe, 0xff, 0xff, 0x80, 0x0, 0x0, 0x0,
    0x0, 0x0, 0xe, 0xff, 0xff, 0x90, 0x0, 0x0,
    0xff, 0xff, 0xf6, 0x0, 0x0, 0x0, 0x0, 0x0,
    0x0, 0xff, 0xff, 0xf6, 0x0, 0x0, 0x3f, 0xff,
    0xff, 0x40, 0x0, 0x0, 0x0, 0x0, 0x0, 0x2f,
    0xff, 0xff, 0x40, 0x0, 0x5, 0xff, 0xff, 0xf2,
    0x0, 0x0, 0x0, 0x0, 0x0, 0x4, 0xff, 0xff,
    0xf2, 0x0, 0x0, 0x7f, 0xff, 0xff, 0x0, 0x0,
    0x0, 0x0, 0x0, 0x0, 0x7f, 0xff, 0xff, 0x0,
    0x0, 0x9, 0xff, 0xff, 0xd0, 0x0, 0x0, 0x1,
    0x22, 0x22, 0x2a, 0xff, 0xff, 0xe2, 0x22, 0x22,
    0xcf, 0xff, 0xfc, 0x22, 0x22, 0x10, 0x9f, 0xff,
    0xff, 0xff, 0xff, 0xff, 0xff, 0xff, 0xff, 0xff,
    0xff, 0xff, 0xff, 0xf6, 0x9, 0xff, 0xff, 0xff,
    0xff, 0xff, 0xff, 0xff, 0xff, 0xff, 0xff, 0xff,
    0xff, 0xff, 0x60, 0x9f, 0xff, 0xff, 0xff, 0xff,
    0xff, 0xff, 0xff, 0xff, 0xff, 0xff, 0xff, 0xff,
    0xf6, 0x9, 0xff, 0xff, 0xff, 0xff, 0xff, 0xff,
    0xff, 0xff, 0xff, 0xff, 0xff, 0xff, 0xff, 0x60,
    0x9f, 0xff, 0xff, 0xff, 0xff, 0xff, 0xff, 0xff,
    0xff, 0xff, 0xff, 0xff, 0xff, 0xf6, 0x0, 0x0,
    0x0, 0x6f, 0xff, 0xff, 0x0, 0x0, 0x9, 0xff,
    0xff, 0xe0, 0x0, 0x0, 0x0, 0x0, 0x0, 0x9,
    0xff, 0xff, 0xe0, 0x0, 0x0, 0xbf, 0xff, 0xfb,
    0x0, 0x0, 0x0, 0x0, 0x0, 0x0, 0xbf, 0xff,
    0xfc, 0x0, 0x0, 0xe, 0xff, 0xff, 0x90, 0x0,
    0x0, 0x0, 0x0, 0x0, 0xd, 0xff, 0xff, 0x90,
    0x0, 0x0, 0xff, 0xff, 0xf7, 0x0, 0x0, 0x0,
    0x0, 0x0, 0x0, 0xff, 0xff, 0xf7, 0x0, 0x0,
    0x2f, 0xff, 0xff, 0x50, 0x0, 0x0, 0xa, 0xff,
    0xff, 0xff, 0xff, 0xff, 0xff, 0xff, 0xff, 0xff,
    0xff, 0xff, 0xff, 0xff, 0x50, 0xaf, 0xff, 0xff,
    0xff, 0xff, 0xff, 0xff, 0xff, 0xff, 0xff, 0xff,
    0xff, 0xff, 0xf5, 0xa, 0xff, 0xff, 0xff, 0xff,
    0xff, 0xff, 0xff, 0xff, 0xff, 0xff, 0xff, 0xff,
    0xff, 0x50, 0xaf, 0xff, 0xff, 0xff, 0xff, 0xff,
    0xff, 0xff, 0xff, 0xff, 0xff, 0xff, 0xff, 0xf5,
    0xa, 0xff, 0xff, 0xff, 0xff, 0xff, 0xff, 0xff,
    0xff, 0xff, 0xff, 0xff, 0xff, 0xff, 0x50, 0x12,
    0x22, 0x2d, 0xff, 0xff, 0xb2, 0x22, 0x23, 0xff,
    0xff, 0xf8, 0x22, 0x22, 0x20, 0x0, 0x0, 0x0,
    0xff, 0xff, 0xf7, 0x0, 0x0, 0x2f, 0xff, 0xff,
    0x50, 0x0, 0x0, 0x0, 0x0, 0x0, 0x1f, 0xff,
    0xff, 0x50, 0x0, 0x4, 0xff, 0xff, 0xf3, 0x0,
    0x0, 0x0, 0x0, 0x0, 0x3, 0xff, 0xff, 0xf3,
    0x0, 0x0, 0x6f, 0xff, 0xff, 0x0, 0x0, 0x0,
    0x0, 0x0, 0x0, 0x6f, 0xff, 0xff, 0x10, 0x0,
    0x8, 0xff, 0xff, 0xe0, 0x0, 0x0, 0x0, 0x0,
    0x0, 0x8, 0xff, 0xff, 0xe0, 0x0, 0x0, 0xbf,
    0xff, 0xfc, 0x0, 0x0, 0x0, 0x0, 0x0, 0x0,
    0xaf, 0xff, 0xfc, 0x0, 0x0, 0xd, 0xff, 0xff,
    0xa0, 0x0, 0x0, 0x0, 0x0, 0x0, 0xc, 0xff,
    0xff, 0xa0, 0x0, 0x0, 0xff, 0xff, 0xf7, 0x0,
    0x0, 0x0, 0x0,

    /* U+0024 "$" */
    0x0, 0x0, 0x0, 0x0, 0x0, 0x38, 0x88, 0x85,
    0x0, 0x0, 0x0, 0x0, 0x0, 0x0, 0x0, 0x0,
    0x0, 0x0, 0x7f, 0xff, 0xfa, 0x0, 0x0, 0x0,
    0x0, 0x0, 0x0, 0x0, 0x0, 0x0, 0x0, 0x7f,
    0xff, 0xfa, 0x0, 0x0, 0x0, 0x0, 0x0, 0x0,
    0x0, 0x0, 0x0, 0x0, 0x7f, 0xff, 0xfa, 0x0,
    0x0, 0x0, 0x0, 0x0, 0x0, 0x0, 0x0, 0x0,
    0x0, 0x7f, 0xff, 0xfa, 0x0, 0x0, 0x0, 0x0,
    0x0, 0x0, 0x0, 0x0, 0x0, 0x0, 0x7f, 0xff,
    0xfa, 0x0, 0x0, 0x0, 0x0, 0x0, 0x0, 0x0,
    0x0, 0x2, 0x7b, 0xef, 0xff, 0xff, 0xa7, 0x20,
    0x0, 0x0, 0x0, 0x0, 0x0, 0x4, 0xcf, 0xff,
    0xff, 0xff, 0xff, 0xff, 0xfb, 0x30, 0x0, 0x0,
    0x0, 0x0, 0x9f, 0xff, 0xff, 0xff, 0xff, 0xff,
    0xff, 0xff, 0xf7, 0x0, 0x0, 0x0, 0xa, 0xff,
    0xff, 0xff, 0xff, 0xff, 0xff, 0xff, 0xff, 0xff,
    0x90, 0x0, 0x0, 0x6f, 0xff, 0xff, 0xff, 0xeb,
    0xab, 0xdf, 0xff, 0xff, 0xff, 0xf6, 0x0, 0x0,
    0xdf, 0xff, 0xff, 0xd4, 0x0, 0x0, 0x1, 0x9f,
    0xff, 0xff, 0xfe, 0x0, 0x3, 0xff, 0xff, 0xff,
    0x10, 0x0, 0x0, 0x0, 0x5, 0xff, 0xff, 0xff,
    0x60, 0x6, 0xff, 0xff, 0xfc, 0x0, 0x0, 0x0,
    0x0, 0x0, 0xbf, 0xff, 0xff, 0xb0, 0x6, 0xff,
    0xff, 0xfe, 0x0, 0x0, 0x0, 0x0, 0x0, 0x4c,
    0xcc, 0xcc, 0xb0, 0x5, 0xff, 0xff, 0xff, 0x70,
    0x0, 0x0, 0x0, 0x0, 0x0, 0x0, 0x0, 0x0,
    0x2, 0xff, 0xff, 0xff, 0xfa, 0x40, 0x0, 0x0,
    0x0, 0x0, 0x0, 0x0, 0x0, 0x0, 0xdf, 0xff,
    0xff, 0xff, 0xfe, 0xa6, 0x20, 0x0, 0x0, 0x0,
    0x0, 0x0, 0x0, 0x4f, 0xff, 0xff, 0xff, 0xff,
    0xff, 0xfd, 0x95, 0x0, 0x0, 0x0, 0x0, 0x0,
    0x7, 0xff, 0xff, 0xff, 0xff, 0xff, 0xff, 0xff,
    0xfa, 0x40, 0x0, 0x0, 0x0, 0x0, 0x6f, 0xff,
    0xff, 0xff, 0xff, 0xff, 0xff, 0xff, 0xfb, 0x20,
    0x0, 0x0, 0x0, 0x1, 0x9f, 0xff, 0xff, 0xff,
    0xff, 0xff, 0xff, 0xff, 0xf4, 0x0, 0x0, 0x0,
    0x0, 0x0, 0x5a, 0xef, 0xff, 0xff, 0xff, 0xff,
    0xff, 0xff, 0x20, 0x0, 0x0, 0x0, 0x0, 0x0,
    0x3, 0x7b, 0xff, 0xff, 0xff, 0xff, 0xff, 0xb0,
    0x0, 0x0, 0x0, 0x0, 0x0, 0x0, 0x0, 0x4,
    0x9f, 0xff, 0xff, 0xff, 0xf1, 0x0, 0x0, 0x0,
    0x0, 0x0, 0x0, 0x0, 0x0, 0x1, 0xbf, 0xff,
    0xff, 0xf5, 0xcd, 0xdd, 0xdd, 0x40, 0x0, 0x0,
    0x0, 0x0, 0x0, 0x1f, 0xff, 0xff, 0xf7, 0xbf,
    0xff, 0xff, 0x90, 0x0, 0x0, 0x0, 0x0, 0x0,
    0xc, 0xff, 0xff, 0xf6, 0x7f, 0xff, 0xff, 0xf2,
    0x0, 0x0, 0x0, 0x0, 0x0, 0xd, 0xff, 0xff,
    0xf5, 0x1f, 0xff, 0xff, 0xfe, 0x30, 0x0, 0x0,
    0x0, 0x0, 0x4f, 0xff, 0xff, 0xf1, 0x8, 0xff,
    0xff, 0xff, 0xfa, 0x40, 0x0, 0x0, 0x28, 0xff,
    0xff, 0xff, 0xc0, 0x0, 0xdf, 0xff, 0xff, 0xff,
    0xff, 0xed, 0xde, 0xff, 0xff, 0xff, 0xff, 0x40,
    0x0, 0x1d, 0xff, 0xff, 0xff, 0xff, 0xff, 0xff,
    0xff, 0xff, 0xff, 0xf8, 0x0, 0x0, 0x1, 0xaf,
    0xff, 0xff, 0xff, 0xff, 0xff, 0xff, 0xff, 0xff,
    0x70, 0x0, 0x0, 0x0, 0x4, 0xcf, 0xff, 0xff,
    0xff, 0xff, 0xff, 0xff, 0xb3, 0x0, 0x0, 0x0,
    0x0, 0x0, 0x1, 0x6a, 0xef, 0xff, 0xff, 0xca,
    0x61, 0x0, 0x0, 0x0, 0x0, 0x0, 0x0, 0x0,
    0x0, 0x7f, 0xff, 0xfa, 0x0, 0x0, 0x0, 0x0,
    0x0, 0x0, 0x0, 0x0, 0x0, 0x0, 0x7f, 0xff,
    0xfa, 0x0, 0x0, 0x0, 0x0, 0x0, 0x0, 0x0,
    0x0, 0x0, 0x0, 0x7f, 0xff, 0xfa, 0x0, 0x0,
    0x0, 0x0, 0x0, 0x0, 0x0, 0x0, 0x0, 0x0,
    0x7f, 0xff, 0xfa, 0x0, 0x0, 0x0, 0x0, 0x0,

    /* U+0025 "%" */
    0x0, 0x1, 0x7c, 0xff, 0xeb, 0x50, 0x0, 0x0,
    0x0, 0x0, 0x0, 0x2, 0xff, 0xff, 0xb0, 0x0,
    0x4, 0xef, 0xff, 0xff, 0xff, 0xc1, 0x0, 0x0,
    0x0, 0x0, 0x0, 0xdf, 0xff, 0xe1, 0x0, 0x3,
    0xff, 0xff, 0xff, 0xff, 0xff, 0xc0, 0x0, 0x0,
    0x0, 0x0, 0x9f, 0xff, 0xf4, 0x0, 0x0, 0xcf,
    0xff, 0xfb, 0xad, 0xff, 0xff, 0x60, 0x0, 0x0,
    0x0, 0x5f, 0xff, 0xf8, 0x0, 0x0, 0x3f, 0xff,
    0xf3, 0x0, 0x8, 0xff, 0xfc, 0x0, 0x0, 0x0,
    0x2f, 0xff, 0xfc, 0x0, 0x0, 0x6, 0xff, 0xf8,
    0x0, 0x0, 0xe, 0xff, 0xf0, 0x0, 0x0, 0xc,
    0xff, 0xfe, 0x10, 0x0, 0x0, 0x8f, 0xff, 0x50,
    0x0, 0x0, 0xbf, 0xff, 0x10, 0x0, 0x8, 0xff,
    0xff, 0x40, 0x0, 0x0, 0x8, 0xff, 0xf5, 0x0,
    0x0, 0xb, 0xff, 0xf1, 0x0, 0x4, 0xff, 0xff,
    0x90, 0x0, 0x0, 0x0, 0x6f, 0xff, 0x80, 0x0,
    0x0, 0xef, 0xff, 0x0, 0x1, 0xef, 0xff, 0xc0,
    0x0, 0x0, 0x0, 0x2, 0xff, 0xff, 0x30, 0x0,
    0x9f, 0xff, 0xc0, 0x0, 0xbf, 0xff, 0xf2, 0x0,
    0x0, 0x0, 0x0, 0xc, 0xff, 0xff, 0xba, 0xef,
    0xff, 0xf5, 0x0, 0x7f, 0xff, 0xf5, 0x0, 0x0,
    0x0, 0x0, 0x0, 0x3f, 0xff, 0xff, 0xff, 0xff,
    0xfb, 0x0, 0x3f, 0xff, 0xf9, 0x0, 0x0, 0x0,
    0x0, 0x0, 0x0, 0x4e, 0xff, 0xff, 0xff, 0xfb,
    0x0, 0x1e, 0xff, 0xfd, 0x0, 0x0, 0x0, 0x0,
    0x0, 0x0, 0x0, 0x17, 0xcf, 0xfe, 0xa4, 0x0,
    0xb, 0xff, 0xff, 0x20, 0x0, 0x0, 0x0, 0x0,
    0x0, 0x0, 0x0, 0x0, 0x0, 0x0, 0x0, 0x7,
    0xff, 0xff, 0x60, 0x4, 0x8a, 0x96, 0x10, 0x0,
    0x0, 0x0, 0x0, 0x0, 0x0, 0x0, 0x3, 0xff,
    0xff, 0xa0, 0x4d, 0xff, 0xff, 0xff, 0x80, 0x0,
    0x0, 0x0, 0x0, 0x0, 0x0, 0x0, 0xdf, 0xff,
    0xe1, 0x5f, 0xff, 0xff, 0xff, 0xff, 0xb0, 0x0,
    0x0, 0x0, 0x0, 0x0, 0x0, 0xaf, 0xff, 0xf3,
    0x1f, 0xff, 0xff, 0xff, 0xff, 0xff, 0x70, 0x0,
    0x0, 0x0, 0x0, 0x0, 0x6f, 0xff, 0xf7, 0x8,
    0xff, 0xfe, 0x40, 0x2b, 0xff, 0xfe, 0x0, 0x0,
    0x0, 0x0, 0x0, 0x2f, 0xff, 0xfb, 0x0, 0xdf,
    0xff, 0x30, 0x0, 0xd, 0xff, 0xf3, 0x0, 0x0,
    0x0, 0x0, 0xd, 0xff, 0xfe, 0x10, 0xf, 0xff,
    0xd0, 0x0, 0x0, 0x7f, 0xff, 0x60, 0x0, 0x0,
    0x0, 0x9, 0xff, 0xff, 0x40, 0x2, 0xff, 0xfb,
    0x0, 0x0, 0x5, 0xff, 0xf8, 0x0, 0x0, 0x0,
    0x5, 0xff, 0xff, 0x80, 0x0, 0x2f, 0xff, 0xb0,
    0x0, 0x0, 0x4f, 0xff, 0x80, 0x0, 0x0, 0x2,
    0xef, 0xff, 0xc0, 0x0, 0x1, 0xff, 0xfc, 0x0,
    0x0, 0x6, 0xff, 0xf7, 0x0, 0x0, 0x0, 0xcf,
    0xff, 0xe2, 0x0, 0x0, 0xe, 0xff, 0xf1, 0x0,
    0x0, 0xbf, 0xff, 0x40, 0x0, 0x0, 0x8f, 0xff,
    0xf5, 0x0, 0x0, 0x0, 0xaf, 0xff, 0xb0, 0x0,
    0x6f, 0xff, 0xf1, 0x0, 0x0, 0x4f, 0xff, 0xf9,
    0x0, 0x0, 0x0, 0x3, 0xff, 0xff, 0xea, 0xcf,
    0xff, 0xf9, 0x0, 0x0, 0x1e, 0xff, 0xfd, 0x0,
    0x0, 0x0, 0x0, 0x8, 0xff, 0xff, 0xff, 0xff,
    0xfe, 0x10, 0x0, 0xb, 0xff, 0xff, 0x20, 0x0,
    0x0, 0x0, 0x0, 0x9, 0xff, 0xff, 0xff, 0xfd,
    0x20, 0x0, 0x7, 0xff, 0xff, 0x60, 0x0, 0x0,
    0x0, 0x0, 0x0, 0x3, 0xae, 0xff, 0xc6, 0x0,
    0x0,

    /* U+0026 "&" */
    0x0, 0x0, 0x0, 0x0, 0x2, 0x8c, 0xef, 0xfe,
    0xb7, 0x10, 0x0, 0x0, 0x0, 0x0, 0x0, 0x0,
    0x0, 0x0, 0x0, 0x0, 0x1a, 0xff, 0xff, 0xff,
    0xff, 0xff, 0x80, 0x0, 0x0, 0x0, 0x0, 0x0,
    0x0, 0x0, 0x0, 0x0, 0x1d, 0xff, 0xff, 0xff,
    0xff, 0xff, 0xff, 0xc0, 0x0, 0x0, 0x0, 0x0,
    0x0, 0x0, 0x0, 0x0, 0xc, 0xff, 0xff, 0xff,
    0xff, 0xff, 0xff, 0xff, 0xa0, 0x0, 0x0, 0x0,
    0x0, 0x0, 0x0, 0x0, 0x5, 0xff, 0xff, 0xff,
    0xa5, 0x59, 0xff, 0xff, 0xff, 0x30, 0x0, 0x0,
    0x0, 0x0, 0x0, 0x0, 0x0, 0xbf, 0xff, 0xff,
    0x80, 0x0, 0x4, 0xff, 0xff, 0xf8, 0x0, 0x0,
    0x0, 0x0, 0x0, 0x0, 0x0, 0xd, 0xff, 0xff,
    0xf1, 0x0, 0x0, 0xd, 0xff, 0xff, 0xa0, 0x0,
    0x0, 0x0, 0x0, 0x0, 0x0, 0x0, 0xdf, 0xff,
    0xff, 0x0, 0x0, 0x0, 0xdf, 0xff, 0xfa, 0x0,
    0x0, 0x0, 0x0, 0x0, 0x0, 0x0, 0xb, 0xff,
    0xff, 0xf5, 0x0, 0x0, 0x3f, 0xff, 0xff, 0x80,
    0x0, 0x0, 0x0, 0x0, 0x0, 0x0, 0x0, 0x6f,
    0xff, 0xff, 0xd0, 0x0, 0x1d, 0xff, 0xff, 0xf2,
    0x0, 0x0, 0x0, 0x0, 0x0, 0x0, 0x0, 0x0,
    0xef, 0xff, 0xff, 0xb0, 0x6e, 0xff, 0xff, 0xf9,
    0x0, 0x0, 0x0, 0x0, 0x0, 0x0, 0x0, 0x0,
    0x4, 0xff, 0xff, 0xff, 0xff, 0xff, 0xff, 0xfc,
    0x0, 0x0, 0x0, 0x0, 0x0, 0x0, 0x0, 0x0,
    0x0, 0x9, 0xff, 0xff, 0xff, 0xff, 0xff, 0xfb,
    0x10, 0x0, 0x0, 0x0, 0x0, 0x0, 0x0, 0x0,
    0x0, 0x2a, 0xff, 0xff, 0xff, 0xff, 0xff, 0xe6,
    0x0, 0x0, 0x5, 0x66, 0x66, 0x60, 0x0, 0x0,
    0x0, 0x7f, 0xff, 0xff, 0xff, 0xff, 0xff, 0xc0,
    0x0, 0x0, 0x0, 0xef, 0xff, 0xff, 0x0, 0x0,
    0x0, 0xaf, 0xff, 0xff, 0xff, 0xff, 0xff, 0xff,
    0x80, 0x0, 0x0, 0xf, 0xff, 0xff, 0xe0, 0x0,
    0x0, 0xaf, 0xff, 0xff, 0xfe, 0x6b, 0xff, 0xff,
    0xff, 0x80, 0x0, 0x2, 0xff, 0xff, 0xfc, 0x0,
    0x0, 0x4f, 0xff, 0xff, 0xfa, 0x0, 0xc, 0xff,
    0xff, 0xff, 0x90, 0x0, 0x5f, 0xff, 0xff, 0x90,
    0x0, 0xb, 0xff, 0xff, 0xfb, 0x0, 0x0, 0xc,
    0xff, 0xff, 0xff, 0x90, 0xa, 0xff, 0xff, 0xf5,
    0x0, 0x0, 0xff, 0xff, 0xff, 0x40, 0x0, 0x0,
    0x1d, 0xff, 0xff, 0xff, 0x91, 0xff, 0xff, 0xff,
    0x0, 0x0, 0x3f, 0xff, 0xff, 0xf1, 0x0, 0x0,
    0x0, 0x1d, 0xff, 0xff, 0xff, 0xef, 0xff, 0xff,
    0x80, 0x0, 0x3, 0xff, 0xff, 0xff, 0x20, 0x0,
    0x0, 0x0, 0x1d, 0xff, 0xff, 0xff, 0xff, 0xff,
    0xf1, 0x0, 0x0, 0x2f, 0xff, 0xff, 0xf8, 0x0,
    0x0, 0x0, 0x0, 0x2e, 0xff, 0xff, 0xff, 0xff,
    0xf7, 0x0, 0x0, 0x0, 0xff, 0xff, 0xff, 0xf7,
    0x0, 0x0, 0x0, 0x0, 0x2e, 0xff, 0xff, 0xff,
    0xfc, 0x0, 0x0, 0x0, 0x9, 0xff, 0xff, 0xff,
    0xfd, 0x74, 0x32, 0x35, 0x8d, 0xff, 0xff, 0xff,
    0xff, 0xa0, 0x0, 0x0, 0x0, 0x1e, 0xff, 0xff,
    0xff, 0xff, 0xff, 0xff, 0xff, 0xff, 0xff, 0xff,
    0xff, 0xff, 0xa0, 0x0, 0x0, 0x0, 0x3f, 0xff,
    0xff, 0xff, 0xff, 0xff, 0xff, 0xff, 0xff, 0xff,
    0xff, 0xff, 0xff, 0xa0, 0x0, 0x0, 0x0, 0x2d,
    0xff, 0xff, 0xff, 0xff, 0xff, 0xff, 0xff, 0xff,
    0xef, 0xff, 0xff, 0xff, 0xb0, 0x0, 0x0, 0x0,
    0x7, 0xef, 0xff, 0xff, 0xff, 0xff, 0xff, 0xfd,
    0x70, 0x4f, 0xff, 0xff, 0xff, 0xb0, 0x0, 0x0,
    0x0, 0x0, 0x48, 0xbd, 0xff, 0xfe, 0xda, 0x72,
    0x0, 0x0, 0x4f, 0xff, 0xff, 0xff, 0xb0,

    /* U+0027 "'" */
    0x4, 0xcf, 0xd7, 0x0, 0x3f, 0xff, 0xff, 0x70,
    0xbf, 0xff, 0xff, 0xf0, 0xef, 0xff, 0xff, 0xf2,
    0xdf, 0xff, 0xff, 0xf1, 0xbf, 0xff, 0xff, 0xf0,
    0x8f, 0xff, 0xff, 0xc0, 0x3f, 0xff, 0xff, 0x70,
    0xf, 0xff, 0xff, 0x30, 0xa, 0xff, 0xfe, 0x0,
    0x5, 0xff, 0xf9, 0x0, 0x1, 0xff, 0xf5, 0x0,
    0x0, 0xcf, 0xf0, 0x0, 0x0, 0x7f, 0xb0, 0x0,

    /* U+0028 "(" */
    0x0, 0x0, 0x0, 0x0, 0x5, 0x66, 0x66, 0x61,
    0x0, 0x0, 0x0, 0x0, 0x9f, 0xff, 0xff, 0x90,
    0x0, 0x0, 0x0, 0x8, 0xff, 0xff, 0xf9, 0x0,
    0x0, 0x0, 0x0, 0x6f, 0xff, 0xff, 0xb0, 0x0,
    0x0, 0x0, 0x3, 0xff, 0xff, 0xfe, 0x10, 0x0,
    0x0, 0x0, 0xd, 0xff, 0xff, 0xf3, 0x0, 0x0,
    0x0, 0x0, 0x8f, 0xff, 0xff, 0x90, 0x0, 0x0,
    0x0, 0x2, 0xff, 0xff, 0xfe, 0x0, 0x0, 0x0,
    0x0, 0x9, 0xff, 0xff, 0xf6, 0x0, 0x0, 0x0,
    0x0, 0x1f, 0xff, 0xff, 0xe0, 0x0, 0x0, 0x0,
    0x0, 0x7f, 0xff, 0xff, 0x80, 0x0, 0x0, 0x0,
    0x0, 0xdf, 0xff, 0xff, 0x20, 0x0, 0x0, 0x0,
    0x2, 0xff, 0xff, 0xfd, 0x0, 0x0, 0x0, 0x0,
    0x6, 0xff, 0xff, 0xf9, 0x0, 0x0, 0x0, 0x0,
    0xa, 0xff, 0xff, 0xf6, 0x0, 0x0, 0x0, 0x0,
    0xc, 0xff, 0xff, 0xf3, 0x0, 0x0, 0x0, 0x0,
    0xe, 0xff, 0xff, 0xf1, 0x0, 0x0, 0x0, 0x0,
    0xf, 0xff, 0xff, 0xf0, 0x0, 0x0, 0x0, 0x0,
    0xf, 0xff, 0xff, 0xf0, 0x0, 0x0, 0x0, 0x0,
    0xf, 0xff, 0xff, 0xf0, 0x0, 0x0, 0x0, 0x0,
    0xf, 0xff, 0xff, 0xf0, 0x0, 0x0, 0x0, 0x0,
    0xe, 0xff, 0xff, 0xf2, 0x0, 0x0, 0x0, 0x0,
    0xc, 0xff, 0xff, 0xf4, 0x0, 0x0, 0x0, 0x0,
    0x9, 0xff, 0xff, 0xf7, 0x0, 0x0, 0x0, 0x0,
    0x5, 0xff, 0xff, 0xfb, 0x0, 0x0, 0x0, 0x0,
    0x1, 0xff, 0xff, 0xff, 0x0, 0x0, 0x0, 0x0,
    0x0, 0xbf, 0xff, 0xff, 0x50, 0x0, 0x0, 0x0,
    0x0, 0x6f, 0xff, 0xff, 0xb0, 0x0, 0x0, 0x0,
    0x0, 0xe, 0xff, 0xff, 0xf2, 0x0, 0x0, 0x0,
    0x0, 0x7, 0xff, 0xff, 0xfa, 0x0, 0x0, 0x0,
    0x0, 0x0, 0xef, 0xff, 0xff, 0x30, 0x0, 0x0,
    0x0, 0x0, 0x5f, 0xff, 0xff, 0xd0, 0x0, 0x0,
    0x0, 0x0, 0xa, 0xff, 0xff, 0xf8, 0x0, 0x0,
    0x0, 0x0, 0x1, 0xdf, 0xff, 0xff, 0x40, 0x0,
    0x0, 0x0, 0x0, 0x2f, 0xff, 0xff, 0xf2, 0x0,
    0x0, 0x0, 0x0, 0x4, 0xff, 0xff, 0xfe, 0x10,
    0x0, 0x0, 0x0, 0x0, 0x4f, 0xff, 0xff, 0xd1,

    /* U+0029 ")" */
    0x5, 0x66, 0x66, 0x50, 0x0, 0x0, 0x0, 0x0,
    0x6, 0xff, 0xff, 0xfb, 0x0, 0x0, 0x0, 0x0,
    0x0, 0x8f, 0xff, 0xff, 0xb0, 0x0, 0x0, 0x0,
    0x0, 0xa, 0xff, 0xff, 0xf9, 0x0, 0x0, 0x0,
    0x0, 0x0, 0xdf, 0xff, 0xff, 0x60, 0x0, 0x0,
    0x0, 0x0, 0x2f, 0xff, 0xff, 0xf2, 0x0, 0x0,
    0x0, 0x0, 0x7, 0xff, 0xff, 0xfb, 0x0, 0x0,
    0x0, 0x0, 0x0, 0xdf, 0xff, 0xff, 0x50, 0x0,
    0x0, 0x0, 0x0, 0x5f, 0xff, 0xff, 0xd0, 0x0,
    0x0, 0x0, 0x0, 0xd, 0xff, 0xff, 0xf4, 0x0,
    0x0, 0x0, 0x0, 0x6, 0xff, 0xff, 0xfa, 0x0,
    0x0, 0x0, 0x0, 0x1, 0xff, 0xff, 0xff, 0x0,
    0x0, 0x0, 0x0, 0x0, 0xbf, 0xff, 0xff, 0x50,
    0x0, 0x0, 0x0, 0x0, 0x7f, 0xff, 0xff, 0x90,
    0x0, 0x0, 0x0, 0x0, 0x4f, 0xff, 0xff, 0xc0,
    0x0, 0x0, 0x0, 0x0, 0x1f, 0xff, 0xff, 0xf0,
    0x0, 0x0, 0x0, 0x0, 0xf, 0xff, 0xff, 0xf1,
    0x0, 0x0, 0x0, 0x0, 0xe, 0xff, 0xff, 0xf2,
    0x0, 0x0, 0x0, 0x0, 0xd, 0xff, 0xff, 0xf3,
    0x0, 0x0, 0x0, 0x0, 0xd, 0xff, 0xff, 0xf3,
    0x0, 0x0, 0x0, 0x0, 0xe, 0xff, 0xff, 0xf2,
    0x0, 0x0, 0x0, 0x0, 0xf, 0xff, 0xff, 0xf0,
    0x0, 0x0, 0x0, 0x0, 0x2f, 0xff, 0xff, 0xe0,
    0x0, 0x0, 0x0, 0x0, 0x5f, 0xff, 0xff, 0xb0,
    0x0, 0x0, 0x0, 0x0, 0x8f, 0xff, 0xff, 0x70,
    0x0, 0x0, 0x0, 0x0, 0xdf, 0xff, 0xff, 0x30,
    0x0, 0x0, 0x0, 0x2, 0xff, 0xff, 0xfd, 0x0,
    0x0, 0x0, 0x0, 0x8, 0xff, 0xff, 0xf7, 0x0,
    0x0, 0x0, 0x0, 0xe, 0xff, 0xff, 0xf1, 0x0,
    0x0, 0x0, 0x0, 0x7f, 0xff, 0xff, 0x90, 0x0,
    0x0, 0x0, 0x1, 0xff, 0xff, 0xff, 0x10, 0x0,
    0x0, 0x0, 0xa, 0xff, 0xff, 0xf7, 0x0, 0x0,
    0x0, 0x0, 0x5f, 0xff, 0xff, 0xc0, 0x0, 0x0,
    0x0, 0x2, 0xff, 0xff, 0xfe, 0x10, 0x0, 0x0,
    0x0, 0x1d, 0xff, 0xff, 0xf4, 0x0, 0x0, 0x0,
    0x0, 0xcf, 0xff, 0xff, 0x50, 0x0, 0x0, 0x0,
    0xc, 0xff, 0xff, 0xf6, 0x0, 0x0, 0x0, 0x0,

    /* U+002A "*" */
    0x0, 0x0, 0x0, 0x11, 0x11, 0x10, 0x0, 0x0,
    0x0, 0x0, 0x4, 0xff, 0xff, 0xd0, 0x0, 0x0,
    0x0, 0x8, 0x0, 0xff, 0xff, 0x80, 0x35, 0x0,
    0x0, 0x6f, 0xb0, 0xbf, 0xff, 0x44, 0xfe, 0x10,
    0x1, 0xef, 0xfc, 0x8f, 0xff, 0x5f, 0xff, 0x90,
    0x9, 0xff, 0xff, 0xff, 0xff, 0xff, 0xff, 0xf2,
    0x1e, 0xff, 0xff, 0xff, 0xff, 0xff, 0xff, 0xf8,
    0x0, 0x37, 0xbf, 0xff, 0xff, 0xfe, 0x95, 0x10,
    0x0, 0x49, 0xdf, 0xff, 0xff, 0xff, 0xb7, 0x20,
    0x1f, 0xff, 0xff, 0xff, 0xff, 0xff, 0xff, 0xf9,
    0x8, 0xff, 0xff, 0xef, 0xff, 0xff, 0xff, 0xf2,
    0x0, 0xef, 0xfb, 0x8f, 0xff, 0x4f, 0xff, 0x80,
    0x0, 0x6f, 0xb0, 0xcf, 0xff, 0x53, 0xee, 0x0,
    0x0, 0x7, 0x0, 0xff, 0xff, 0x90, 0x25, 0x0,
    0x0, 0x0, 0x4, 0xff, 0xff, 0xd0, 0x0, 0x0,

    /* U+002B "+" */
    0x0, 0x0, 0x0, 0x6, 0x88, 0x87, 0x0, 0x0,
    0x0, 0x0, 0x0, 0x0, 0x0, 0xc, 0xff, 0xff,
    0x0, 0x0, 0x0, 0x0, 0x0, 0x0, 0x0, 0xc,
    0xff, 0xff, 0x0, 0x0, 0x0, 0x0, 0x0, 0x0,
    0x0, 0xc, 0xff, 0xff, 0x0, 0x0, 0x0, 0x0,
    0x0, 0x0, 0x0, 0xc, 0xff, 0xff, 0x0, 0x0,
    0x0, 0x0, 0x0, 0x0, 0x0, 0xc, 0xff, 0xff,
    0x0, 0x0, 0x0, 0x0, 0x0, 0x0, 0x0, 0xc,
    0xff, 0xff, 0x0, 0x0, 0x0, 0x0, 0x0, 0x0,
    0x0, 0xc, 0xff, 0xff, 0x0, 0x0, 0x0, 0x0,
    0x89, 0x99, 0x99, 0x9e, 0xff, 0xff, 0x99, 0x99,
    0x99, 0x90, 0xef, 0xff, 0xff, 0xff, 0xff, 0xff,
    0xff, 0xff, 0xff, 0xf0, 0xef, 0xff, 0xff, 0xff,
    0xff, 0xff, 0xff, 0xff, 0xff, 0xf0, 0xef, 0xff,
    0xff, 0xff, 0xff, 0xff, 0xff, 0xff, 0xff, 0xf0,
    0xef, 0xff, 0xff, 0xff, 0xff, 0xff, 0xff, 0xff,
    0xff, 0xf0, 0x0, 0x0, 0x0, 0xc, 0xff, 0xff,
    0x0, 0x0, 0x0, 0x0, 0x0, 0x0, 0x0, 0xc,
    0xff, 0xff, 0x0, 0x0, 0x0, 0x0, 0x0, 0x0,
    0x0, 0xc, 0xff, 0xff, 0x0, 0x0, 0x0, 0x0,
    0x0, 0x0, 0x0, 0xc, 0xff, 0xff, 0x0, 0x0,
    0x0, 0x0, 0x0, 0x0, 0x0, 0xc, 0xff, 0xff,
    0x0, 0x0, 0x0, 0x0, 0x0, 0x0, 0x0, 0xc,
    0xff, 0xff, 0x0, 0x0, 0x0, 0x0, 0x0, 0x0,
    0x0, 0xc, 0xff, 0xff, 0x0, 0x0, 0x0, 0x0,
    0x0, 0x0, 0x0, 0xc, 0xff, 0xff, 0x0, 0x0,
    0x0, 0x0,

    /* U+002C "," */
    0x7f, 0xff, 0xff, 0xf7, 0x7f, 0xff, 0xff, 0xf7,
    0x7f, 0xff, 0xff, 0xf7, 0x7f, 0xff, 0xff, 0xf7,
    0x7f, 0xff, 0xff, 0xf7, 0x7f, 0xff, 0xff, 0xf7,
    0x7f, 0xff, 0xff, 0xf5, 0x0, 0x5, 0xff, 0xf3,
    0x0, 0x8, 0xff, 0xe0, 0x0, 0x1e, 0xff, 0x80,
    0x5, 0xdf, 0xff, 0x10, 0x6f, 0xff, 0xf4, 0x0,
    0x6f, 0xfe, 0x40, 0x0, 0x6d, 0x70, 0x0, 0x0,
    0x0, 0x0, 0x0, 0x0,

    /* U+002D "-" */
    0x1, 0x11, 0x11, 0x11, 0x11, 0x11, 0x11, 0x11,
    0x7f, 0xff, 0xff, 0xff, 0xff, 0xff, 0xff, 0xfe,
    0x7f, 0xff, 0xff, 0xff, 0xff, 0xff, 0xff, 0xfe,
    0x7f, 0xff, 0xff, 0xff, 0xff, 0xff, 0xff, 0xfe,
    0x7f, 0xff, 0xff, 0xff, 0xff, 0xff, 0xff, 0xfe,
    0x7f, 0xff, 0xff, 0xff, 0xff, 0xff, 0xff, 0xfe,

    /* U+002E "." */
    0x7f, 0xff, 0xff, 0xf7, 0x7f, 0xff, 0xff, 0xf7,
    0x7f, 0xff, 0xff, 0xf7, 0x7f, 0xff, 0xff, 0xf7,
    0x7f, 0xff, 0xff, 0xf7, 0x7f, 0xff, 0xff, 0xf7,
    0x7f, 0xff, 0xff, 0xf7,

    /* U+002F "/" */
    0x0, 0x0, 0x0, 0x0, 0x0, 0xf, 0xff, 0xff,
    0x70, 0x0, 0x0, 0x0, 0x0, 0x4, 0xff, 0xff,
    0xf2, 0x0, 0x0, 0x0, 0x0, 0x0, 0x9f, 0xff,
    0xfd, 0x0, 0x0, 0x0, 0x0, 0x0, 0xe, 0xff,
    0xff, 0x80, 0x0, 0x0, 0x0, 0x0, 0x3, 0xff,
    0xff, 0xf3, 0x0, 0x0, 0x0, 0x0, 0x0, 0x8f,
    0xff, 0xfe, 0x0, 0x0, 0x0, 0x0, 0x0, 0xd,
    0xff, 0xff, 0xa0, 0x0, 0x0, 0x0, 0x0, 0x2,
    0xff, 0xff, 0xf5, 0x0, 0x0, 0x0, 0x0, 0x0,
    0x7f, 0xff, 0xff, 0x0, 0x0, 0x0, 0x0, 0x0,
    0xc, 0xff, 0xff, 0xb0, 0x0, 0x0, 0x0, 0x0,
    0x1, 0xff, 0xff, 0xf6, 0x0, 0x0, 0x0, 0x0,
    0x0, 0x5f, 0xff, 0xff, 0x10, 0x0, 0x0, 0x0,
    0x0, 0xa, 0xff, 0xff, 0xc0, 0x0, 0x0, 0x0,
    0x0, 0x0, 0xff, 0xff, 0xf7, 0x0, 0x0, 0x0,
    0x0, 0x0, 0x4f, 0xff, 0xff, 0x20, 0x0, 0x0,
    0x0, 0x0, 0x9, 0xff, 0xff, 0xd0, 0x0, 0x0,
    0x0, 0x0, 0x0, 0xef, 0xff, 0xf8, 0x0, 0x0,
    0x0, 0x0, 0x0, 0x3f, 0xff, 0xff, 0x30, 0x0,
    0x0, 0x0, 0x0, 0x8, 0xff, 0xff, 0xe0, 0x0,
    0x0, 0x0, 0x0, 0x0, 0xdf, 0xff, 0xf9, 0x0,
    0x0, 0x0, 0x0, 0x0, 0x2f, 0xff, 0xff, 0x40,
    0x0, 0x0, 0x0, 0x0, 0x7, 0xff, 0xff, 0xf0,
    0x0, 0x0, 0x0, 0x0, 0x0, 0xcf, 0xff, 0xfa,
    0x0, 0x0, 0x0, 0x0, 0x0, 0x1f, 0xff, 0xff,
    0x60, 0x0, 0x0, 0x0, 0x0, 0x6, 0xff, 0xff,
    0xf1, 0x0, 0x0, 0x0, 0x0, 0x0, 0xbf, 0xff,
    0xfc, 0x0, 0x0, 0x0, 0x0, 0x0, 0xf, 0xff,
    0xff, 0x70, 0x0, 0x0, 0x0, 0x0, 0x5, 0xff,
    0xff, 0xf2, 0x0, 0x0, 0x0, 0x0, 0x0, 0xaf,
    0xff, 0xfd, 0x0, 0x0, 0x0, 0x0, 0x0, 0xe,
    0xff, 0xff, 0x80, 0x0, 0x0, 0x0, 0x0, 0x4,
    0xff, 0xff, 0xf3, 0x0, 0x0, 0x0, 0x0, 0x0,
    0x8f, 0xff, 0xfe, 0x0, 0x0, 0x0, 0x0, 0x0,
    0xd, 0xff, 0xff, 0x90, 0x0, 0x0, 0x0, 0x0,
    0x2, 0xff, 0xff, 0xf4, 0x0, 0x0, 0x0, 0x0,
    0x0, 0x7f, 0xff, 0xff, 0x0, 0x0, 0x0, 0x0,
    0x0, 0xc, 0xff, 0xff, 0xa0, 0x0, 0x0, 0x0,
    0x0, 0x0,

    /* U+0030 "0" */
    0x0, 0x0, 0x0, 0x0, 0x17, 0xbe, 0xff, 0xfd,
    0xa5, 0x0, 0x0, 0x0, 0x0, 0x0, 0x0, 0x0,
    0x1, 0xaf, 0xff, 0xff, 0xff, 0xff, 0xfe, 0x70,
    0x0, 0x0, 0x0, 0x0, 0x0, 0x5, 0xff, 0xff,
    0xff, 0xff, 0xff, 0xff, 0xff, 0xc2, 0x0, 0x0,
    0x0, 0x0, 0x7, 0xff, 0xff, 0xff, 0xff, 0xff,
    0xff, 0xff, 0xff, 0xe2, 0x0, 0x0, 0x0, 0x5,
    0xff, 0xff, 0xff, 0xff, 0xff, 0xff, 0xff, 0xff,
    0xff, 0xe1, 0x0, 0x0, 0x2, 0xff, 0xff, 0xff,
    0xff, 0xb7, 0x68, 0xdf, 0xff, 0xff, 0xff, 0xc0,
    0x0, 0x0, 0xbf, 0xff, 0xff, 0xfe, 0x20, 0x0,
    0x0, 0x6f, 0xff, 0xff, 0xff, 0x60, 0x0, 0x3f,
    0xff, 0xff, 0xff, 0x20, 0x0, 0x0, 0x0, 0x6f,
    0xff, 0xff, 0xfe, 0x0, 0xa, 0xff, 0xff, 0xff,
    0x60, 0x0, 0x0, 0x0, 0x0, 0xcf, 0xff, 0xff,
    0xf5, 0x0, 0xff, 0xff, 0xff, 0xf0, 0x0, 0x0,
    0x0, 0x0, 0x5, 0xff, 0xff, 0xff, 0xa0, 0x4f,
    0xff, 0xff, 0xfa, 0x0, 0x0, 0x0, 0x0, 0x0,
    0xf, 0xff, 0xff, 0xfe, 0x7, 0xff, 0xff, 0xff,
    0x60, 0x0, 0x0, 0x0, 0x0, 0x0, 0xbf, 0xff,
    0xff, 0xf1, 0x9f, 0xff, 0xff, 0xf3, 0x0, 0x0,
    0x0, 0x0, 0x0, 0x9, 0xff, 0xff, 0xff, 0x4b,
    0xff, 0xff, 0xff, 0x10, 0x0, 0x0, 0x0, 0x0,
    0x0, 0x7f, 0xff, 0xff, 0xf5, 0xbf, 0xff, 0xff,
    0xf1, 0x0, 0x0, 0x0, 0x0, 0x0, 0x7, 0xff,
    0xff, 0xff, 0x6b, 0xff, 0xff, 0xff, 0x10, 0x0,
    0x0, 0x0, 0x0, 0x0, 0x7f, 0xff, 0xff, 0xf6,
    0xaf, 0xff, 0xff, 0xf2, 0x0, 0x0, 0x0, 0x0,
    0x0, 0x8, 0xff, 0xff, 0xff, 0x59, 0xff, 0xff,
    0xff, 0x40, 0x0, 0x0, 0x0, 0x0, 0x0, 0x9f,
    0xff, 0xff, 0xf3, 0x6f, 0xff, 0xff, 0xf6, 0x0,
    0x0, 0x0, 0x0, 0x0, 0xc, 0xff, 0xff, 0xff,
    0x13, 0xff, 0xff, 0xff, 0xa0, 0x0, 0x0, 0x0,
    0x0, 0x1, 0xff, 0xff, 0xff, 0xd0, 0xe, 0xff,
    0xff, 0xff, 0x0, 0x0, 0x0, 0x0, 0x0, 0x6f,
    0xff, 0xff, 0xf9, 0x0, 0x9f, 0xff, 0xff, 0xf7,
    0x0, 0x0, 0x0, 0x0, 0xd, 0xff, 0xff, 0xff,
    0x40, 0x2, 0xff, 0xff, 0xff, 0xf2, 0x0, 0x0,
    0x0, 0x8, 0xff, 0xff, 0xff, 0xd0, 0x0, 0xa,
    0xff, 0xff, 0xff, 0xe3, 0x0, 0x0, 0x7, 0xff,
    0xff, 0xff, 0xf4, 0x0, 0x0, 0x1e, 0xff, 0xff,
    0xff, 0xfb, 0x76, 0x8d, 0xff, 0xff, 0xff, 0xfa,
    0x0, 0x0, 0x0, 0x4f, 0xff, 0xff, 0xff, 0xff,
    0xff, 0xff, 0xff, 0xff, 0xfd, 0x10, 0x0, 0x0,
    0x0, 0x6f, 0xff, 0xff, 0xff, 0xff, 0xff, 0xff,
    0xff, 0xfe, 0x20, 0x0, 0x0, 0x0, 0x0, 0x4e,
    0xff, 0xff, 0xff, 0xff, 0xff, 0xff, 0xfc, 0x10,
    0x0, 0x0, 0x0, 0x0, 0x0, 0x19, 0xff, 0xff,
    0xff, 0xff, 0xff, 0xe6, 0x0, 0x0, 0x0, 0x0,
    0x0, 0x0, 0x0, 0x1, 0x6b, 0xdf, 0xff, 0xda,
    0x50, 0x0, 0x0, 0x0, 0x0,

    /* U+0031 "1" */
    0x0, 0x0, 0x0, 0x0, 0xaf, 0xff, 0xff, 0x10,
    0x0, 0x0, 0x0, 0x7f, 0xff, 0xff, 0xf1, 0x0,
    0x0, 0x0, 0x8f, 0xff, 0xff, 0xff, 0x10, 0x0,
    0x3, 0xcf, 0xff, 0xff, 0xff, 0xf1, 0x0, 0x4a,
    0xff, 0xff, 0xff, 0xff, 0xff, 0x16, 0xef, 0xff,
    0xff, 0xff, 0xff, 0xff, 0xf1, 0x9f, 0xff, 0xff,
    0xff, 0xff, 0xff, 0xff, 0x19, 0xff, 0xff, 0xff,
    0xdf, 0xff, 0xff, 0xf1, 0x9f, 0xff, 0xff, 0xa4,
    0xff, 0xff, 0xff, 0x19, 0xff, 0xff, 0x70, 0x3f,
    0xff, 0xff, 0xf1, 0x9f, 0xf9, 0x10, 0x3, 0xff,
    0xff, 0xff, 0x14, 0x40, 0x0, 0x0, 0x3f, 0xff,
    0xff, 0xf1, 0x0, 0x0, 0x0, 0x3, 0xff, 0xff,
    0xff, 0x10, 0x0, 0x0, 0x0, 0x3f, 0xff, 0xff,
    0xf1, 0x0, 0x0, 0x0, 0x3, 0xff, 0xff, 0xff,
    0x10, 0x0, 0x0, 0x0, 0x3f, 0xff, 0xff, 0xf1,
    0x0, 0x0, 0x0, 0x3, 0xff, 0xff, 0xff, 0x10,
    0x0, 0x0, 0x0, 0x3f, 0xff, 0xff, 0xf1, 0x0,
    0x0, 0x0, 0x3, 0xff, 0xff, 0xff, 0x10, 0x0,
    0x0, 0x0, 0x3f, 0xff, 0xff, 0xf1, 0x0, 0x0,
    0x0, 0x3, 0xff, 0xff, 0xff, 0x10, 0x0, 0x0,
    0x0, 0x3f, 0xff, 0xff, 0xf1, 0x0, 0x0, 0x0,
    0x3, 0xff, 0xff, 0xff, 0x10, 0x0, 0x0, 0x0,
    0x3f, 0xff, 0xff, 0xf1, 0x0, 0x0, 0x0, 0x3,
    0xff, 0xff, 0xff, 0x10, 0x0, 0x0, 0x0, 0x3f,
    0xff, 0xff, 0xf1, 0x0, 0x0, 0x0, 0x3, 0xff,
    0xff, 0xff, 0x10, 0x0, 0x0, 0x0, 0x3f, 0xff,
    0xff, 0xf1, 0x0, 0x0, 0x0, 0x3, 0xff, 0xff,
    0xff, 0x10, 0x0, 0x0, 0x0, 0x3f, 0xff, 0xff,
    0xf1,

    /* U+0032 "2" */
    0x0, 0x0, 0x0, 0x5, 0x9c, 0xef, 0xfe, 0xd9,
    0x50, 0x0, 0x0, 0x0, 0x0, 0x0, 0x6e, 0xff,
    0xff, 0xff, 0xff, 0xff, 0xe6, 0x0, 0x0, 0x0,
    0x1, 0xbf, 0xff, 0xff, 0xff, 0xff, 0xff, 0xff,
    0xfa, 0x0, 0x0, 0x0, 0xdf, 0xff, 0xff, 0xff,
    0xff, 0xff, 0xff, 0xff, 0xfa, 0x0, 0x0, 0xaf,
    0xff, 0xff, 0xff, 0xff, 0xff, 0xff, 0xff, 0xff,
    0xf4, 0x0, 0x3f, 0xff, 0xff, 0xff, 0x82, 0x0,
    0x5d, 0xff, 0xff, 0xff, 0xc0, 0xa, 0xff, 0xff,
    0xff, 0x50, 0x0, 0x0, 0x1f, 0xff, 0xff, 0xff,
    0x10, 0xff, 0xff, 0xff, 0xb0, 0x0, 0x0, 0x0,
    0xaf, 0xff, 0xff, 0xf4, 0x2f, 0xff, 0xff, 0xf5,
    0x0, 0x0, 0x0, 0x7, 0xff, 0xff, 0xff, 0x50,
    0x11, 0x11, 0x11, 0x0, 0x0, 0x0, 0x0, 0x8f,
    0xff, 0xff, 0xf6, 0x0, 0x0, 0x0, 0x0, 0x0,
    0x0, 0x0, 0xb, 0xff, 0xff, 0xff, 0x40, 0x0,
    0x0, 0x0, 0x0, 0x0, 0x0, 0x1, 0xff, 0xff,
    0xff, 0xf2, 0x0, 0x0, 0x0, 0x0, 0x0, 0x0,
    0x0, 0x9f, 0xff, 0xff, 0xfe, 0x0, 0x0, 0x0,
    0x0, 0x0, 0x0, 0x0, 0x4f, 0xff, 0xff, 0xff,
    0x80, 0x0, 0x0, 0x0, 0x0, 0x0, 0x0, 0x2e,
    0xff, 0xff, 0xff, 0xf1, 0x0, 0x0, 0x0, 0x0,
    0x0, 0x0, 0x1d, 0xff, 0xff, 0xff, 0xf8, 0x0,
    0x0, 0x0, 0x0, 0x0, 0x0, 0x1d, 0xff, 0xff,
    0xff, 0xfc, 0x0, 0x0, 0x0, 0x0, 0x0, 0x0,
    0x2d, 0xff, 0xff, 0xff, 0xfe, 0x10, 0x0, 0x0,
    0x0, 0x0, 0x0, 0x3e, 0xff, 0xff, 0xff, 0xff,
    0x30, 0x0, 0x0, 0x0, 0x0, 0x0, 0x4f, 0xff,
    0xff, 0xff, 0xff, 0x30, 0x0, 0x0, 0x0, 0x0,
    0x0, 0x7f, 0xff, 0xff, 0xff, 0xfe, 0x30, 0x0,
    0x0, 0x0, 0x0, 0x0, 0xaf, 0xff, 0xff, 0xff,
    0xfd, 0x20, 0x0, 0x0, 0x0, 0x0, 0x1, 0xcf,
    0xff, 0xff, 0xff, 0xfc, 0x10, 0x0, 0x0, 0x0,
    0x0, 0x3, 0xef, 0xff, 0xff, 0xff, 0xf9, 0x0,
    0x0, 0x0, 0x0, 0x0, 0x6, 0xff, 0xff, 0xff,
    0xff, 0xf6, 0x0, 0x0, 0x0, 0x0, 0x0, 0x0,
    0xff, 0xff, 0xff, 0xff, 0xff, 0xff, 0xff, 0xff,
    0xff, 0xff, 0xff, 0xf, 0xff, 0xff, 0xff, 0xff,
    0xff, 0xff, 0xff, 0xff, 0xff, 0xff, 0xf0, 0xff,
    0xff, 0xff, 0xff, 0xff, 0xff, 0xff, 0xff, 0xff,
    0xff, 0xff, 0xf, 0xff, 0xff, 0xff, 0xff, 0xff,
    0xff, 0xff, 0xff, 0xff, 0xff, 0xf0, 0xff, 0xff,
    0xff, 0xff, 0xff, 0xff, 0xff, 0xff, 0xff, 0xff,
    0xff,

    /* U+0033 "3" */
    0x0, 0x0, 0x0, 0x3, 0x8c, 0xef, 0xff, 0xeb,
    0x83, 0x0, 0x0, 0x0, 0x0, 0x0, 0x4, 0xdf,
    0xff, 0xff, 0xff, 0xff, 0xff, 0xc4, 0x0, 0x0,
    0x0, 0x0, 0x9f, 0xff, 0xff, 0xff, 0xff, 0xff,
    0xff, 0xff, 0x70, 0x0, 0x0, 0xa, 0xff, 0xff,
    0xff, 0xff, 0xff, 0xff, 0xff, 0xff, 0xf6, 0x0,
    0x0, 0x6f, 0xff, 0xff, 0xff, 0xff, 0xff, 0xff,
    0xff, 0xff, 0xff, 0x10, 0x0, 0xef, 0xff, 0xff,
    0xfa, 0x30, 0x1, 0x7f, 0xff, 0xff, 0xff, 0x60,
    0x5, 0xff, 0xff, 0xff, 0x80, 0x0, 0x0, 0x7,
    0xff, 0xff, 0xff, 0x90, 0xa, 0xff, 0xff, 0xfe,
    0x0, 0x0, 0x0, 0x2, 0xff, 0xff, 0xff, 0xa0,
    0x5, 0x77, 0x77, 0x74, 0x0, 0x0, 0x0, 0x3,
    0xff, 0xff, 0xff, 0x90, 0x0, 0x0, 0x0, 0x0,
    0x0, 0x0, 0x0, 0x9, 0xff, 0xff, 0xff, 0x50,
    0x0, 0x0, 0x0, 0x0, 0x0, 0x0, 0x2, 0xaf,
    0xff, 0xff, 0xfe, 0x0, 0x0, 0x0, 0x0, 0x0,
    0x5e, 0xee, 0xff, 0xff, 0xff, 0xff, 0xf3, 0x0,
    0x0, 0x0, 0x0, 0x0, 0x5f, 0xff, 0xff, 0xff,
    0xff, 0xfe, 0x40, 0x0, 0x0, 0x0, 0x0, 0x0,
    0x5f, 0xff, 0xff, 0xff, 0xff, 0xf4, 0x0, 0x0,
    0x0, 0x0, 0x0, 0x0, 0x5f, 0xff, 0xff, 0xff,
    0xff, 0xff, 0x90, 0x0, 0x0, 0x0, 0x0, 0x0,
    0x5f, 0xff, 0xff, 0xff, 0xff, 0xff, 0xf9, 0x0,
    0x0, 0x0, 0x0, 0x0, 0x0, 0x0, 0x14, 0xaf,
    0xff, 0xff, 0xff, 0x40, 0x0, 0x0, 0x0, 0x0,
    0x0, 0x0, 0x0, 0x6, 0xff, 0xff, 0xff, 0xc0,
    0x0, 0x0, 0x0, 0x0, 0x0, 0x0, 0x0, 0x0,
    0xdf, 0xff, 0xff, 0xf1, 0x3, 0x33, 0x33, 0x30,
    0x0, 0x0, 0x0, 0x0, 0x8f, 0xff, 0xff, 0xf5,
    0x1f, 0xff, 0xff, 0xf6, 0x0, 0x0, 0x0, 0x0,
    0x6f, 0xff, 0xff, 0xf6, 0xe, 0xff, 0xff, 0xfa,
    0x0, 0x0, 0x0, 0x0, 0x7f, 0xff, 0xff, 0xf6,
    0xa, 0xff, 0xff, 0xff, 0x10, 0x0, 0x0, 0x0,
    0xbf, 0xff, 0xff, 0xf5, 0x5, 0xff, 0xff, 0xff,
    0xa0, 0x0, 0x0, 0x5, 0xff, 0xff, 0xff, 0xf1,
    0x0, 0xdf, 0xff, 0xff, 0xfb, 0x40, 0x2, 0x8f,
    0xff, 0xff, 0xff, 0xb0, 0x0, 0x4f, 0xff, 0xff,
    0xff, 0xff, 0xff, 0xff, 0xff, 0xff, 0xff, 0x30,
    0x0, 0x6, 0xff, 0xff, 0xff, 0xff, 0xff, 0xff,
    0xff, 0xff, 0xf7, 0x0, 0x0, 0x0, 0x6f, 0xff,
    0xff, 0xff, 0xff, 0xff, 0xff, 0xff, 0x70, 0x0,
    0x0, 0x0, 0x2, 0xbf, 0xff, 0xff, 0xff, 0xff,
    0xff, 0xb3, 0x0, 0x0, 0x0, 0x0, 0x0, 0x2,
    0x7b, 0xdf, 0xff, 0xeb, 0x72, 0x0, 0x0, 0x0,

    /* U+0034 "4" */
    0x0, 0x0, 0x0, 0x0, 0x0, 0x0, 0x0, 0x8f,
    0xff, 0xff, 0xf4, 0x0, 0x0, 0x0, 0x0, 0x0,
    0x0, 0x0, 0x0, 0x4f, 0xff, 0xff, 0xff, 0x40,
    0x0, 0x0, 0x0, 0x0, 0x0, 0x0, 0x0, 0x2f,
    0xff, 0xff, 0xff, 0xf4, 0x0, 0x0, 0x0, 0x0,
    0x0, 0x0, 0x0, 0xd, 0xff, 0xff, 0xff, 0xff,
    0x40, 0x0, 0x0, 0x0, 0x0, 0x0, 0x0, 0xa,
    0xff, 0xff, 0xff, 0xff, 0xf4, 0x0, 0x0, 0x0,
    0x0, 0x0, 0x0, 0x6, 0xff, 0xff, 0xff, 0xff,
    0xff, 0x40, 0x0, 0x0, 0x0, 0x0, 0x0, 0x3,
    0xff, 0xff, 0xff, 0xff, 0xff, 0xf4, 0x0, 0x0,
    0x0, 0x0, 0x0, 0x1, 0xef, 0xff, 0xff, 0xff,
    0xff, 0xff, 0x40, 0x0, 0x0, 0x0, 0x0, 0x0,
    0xcf, 0xff, 0xff, 0xff, 0xff, 0xff, 0xf4, 0x0,
    0x0, 0x0, 0x0, 0x0, 0x8f, 0xff, 0xff, 0xf6,
    0xff, 0xff, 0xff, 0x40, 0x0, 0x0, 0x0, 0x0,
    0x5f, 0xff, 0xff, 0xfa, 0xf, 0xff, 0xff, 0xf4,
    0x0, 0x0, 0x0, 0x0, 0x2f, 0xff, 0xff, 0xfd,
    0x0, 0xff, 0xff, 0xff, 0x40, 0x0, 0x0, 0x0,
    0xd, 0xff, 0xff, 0xff, 0x20, 0xf, 0xff, 0xff,
    0xf4, 0x0, 0x0, 0x0, 0xa, 0xff, 0xff, 0xff,
    0x50, 0x0, 0xff, 0xff, 0xff, 0x40, 0x0, 0x0,
    0x7, 0xff, 0xff, 0xff, 0x80, 0x0, 0xf, 0xff,
    0xff, 0xf4, 0x0, 0x0, 0x4, 0xff, 0xff, 0xff,
    0xc0, 0x0, 0x0, 0xff, 0xff, 0xff, 0x40, 0x0,
    0x1, 0xef, 0xff, 0xff, 0xe1, 0x0, 0x0, 0xf,
    0xff, 0xff, 0xf4, 0x0, 0x0, 0xcf, 0xff, 0xff,
    0xf4, 0x0, 0x0, 0x0, 0xff, 0xff, 0xff, 0x40,
    0x0, 0x9f, 0xff, 0xff, 0xf7, 0x0, 0x0, 0x0,
    0xf, 0xff, 0xff, 0xf4, 0x0, 0xf, 0xff, 0xff,
    0xff, 0xff, 0xff, 0xff, 0xff, 0xff, 0xff, 0xff,
    0xff, 0xf4, 0xff, 0xff, 0xff, 0xff, 0xff, 0xff,
    0xff, 0xff, 0xff, 0xff, 0xff, 0xff, 0x4f, 0xff,
    0xff, 0xff, 0xff, 0xff, 0xff, 0xff, 0xff, 0xff,
    0xff, 0xff, 0xf4, 0xff, 0xff, 0xff, 0xff, 0xff,
    0xff, 0xff, 0xff, 0xff, 0xff, 0xff, 0xff, 0x4f,
    0xff, 0xff, 0xff, 0xff, 0xff, 0xff, 0xff, 0xff,
    0xff, 0xff, 0xff, 0xf4, 0x0, 0x0, 0x0, 0x0,
    0x0, 0x0, 0x0, 0x4f, 0xff, 0xff, 0xf4, 0x0,
    0x0, 0x0, 0x0, 0x0, 0x0, 0x0, 0x0, 0x4,
    0xff, 0xff, 0xff, 0x40, 0x0, 0x0, 0x0, 0x0,
    0x0, 0x0, 0x0, 0x0, 0x4f, 0xff, 0xff, 0xf4,
    0x0, 0x0, 0x0, 0x0, 0x0, 0x0, 0x0, 0x0,
    0x4, 0xff, 0xff, 0xff, 0x40, 0x0, 0x0, 0x0,
    0x0, 0x0, 0x0, 0x0, 0x0, 0x4f, 0xff, 0xff,
    0xf4, 0x0, 0x0, 0x0, 0x0, 0x0, 0x0, 0x0,
    0x0, 0x4, 0xff, 0xff, 0xff, 0x40, 0x0,

    /* U+0035 "5" */
    0x0, 0xe, 0xff, 0xff, 0xff, 0xff, 0xff, 0xff,
    0xff, 0xff, 0x80, 0x0, 0x0, 0xff, 0xff, 0xff,
    0xff, 0xff, 0xff, 0xff, 0xff, 0xf8, 0x0, 0x0,
    0x1f, 0xff, 0xff, 0xff, 0xff, 0xff, 0xff, 0xff,
    0xff, 0x80, 0x0, 0x2, 0xff, 0xff, 0xff, 0xff,
    0xff, 0xff, 0xff, 0xff, 0xf8, 0x0, 0x0, 0x4f,
    0xff, 0xff, 0xff, 0xff, 0xff, 0xff, 0xff, 0xff,
    0x80, 0x0, 0x5, 0xff, 0xff, 0xfc, 0x0, 0x0,
    0x0, 0x0, 0x0, 0x0, 0x0, 0x0, 0x7f, 0xff,
    0xff, 0xb0, 0x0, 0x0, 0x0, 0x0, 0x0, 0x0,
    0x0, 0x8, 0xff, 0xff, 0xf9, 0x0, 0x0, 0x0,
    0x0, 0x0, 0x0, 0x0, 0x0, 0xaf, 0xff, 0xff,
    0x80, 0x0, 0x0, 0x0, 0x0, 0x0, 0x0, 0x0,
    0xc, 0xff, 0xff, 0xf7, 0x26, 0x9a, 0x98, 0x40,
    0x0, 0x0, 0x0, 0x0, 0xdf, 0xff, 0xff, 0xdf,
    0xff, 0xff, 0xff, 0xf8, 0x0, 0x0, 0x0, 0xf,
    0xff, 0xff, 0xff, 0xff, 0xff, 0xff, 0xff, 0xfd,
    0x20, 0x0, 0x0, 0xff, 0xff, 0xff, 0xff, 0xff,
    0xff, 0xff, 0xff, 0xfe, 0x10, 0x0, 0x2f, 0xff,
    0xff, 0xff, 0xff, 0xff, 0xff, 0xff, 0xff, 0xfb,
    0x0, 0x3, 0xff, 0xff, 0xff, 0xe6, 0x10, 0x29,
    0xff, 0xff, 0xff, 0xf5, 0x0, 0x5f, 0xff, 0xff,
    0xe1, 0x0, 0x0, 0x8, 0xff, 0xff, 0xff, 0xb0,
    0x1, 0x44, 0x44, 0x42, 0x0, 0x0, 0x0, 0xe,
    0xff, 0xff, 0xff, 0x0, 0x0, 0x0, 0x0, 0x0,
    0x0, 0x0, 0x0, 0xaf, 0xff, 0xff, 0xf3, 0x0,
    0x0, 0x0, 0x0, 0x0, 0x0, 0x0, 0x8, 0xff,
    0xff, 0xff, 0x50, 0x0, 0x0, 0x0, 0x0, 0x0,
    0x0, 0x0, 0x7f, 0xff, 0xff, 0xf6, 0x22, 0x22,
    0x22, 0x10, 0x0, 0x0, 0x0, 0x8, 0xff, 0xff,
    0xff, 0x5d, 0xff, 0xff, 0xf9, 0x0, 0x0, 0x0,
    0x0, 0xaf, 0xff, 0xff, 0xf4, 0x9f, 0xff, 0xff,
    0xe1, 0x0, 0x0, 0x0, 0xe, 0xff, 0xff, 0xff,
    0x14, 0xff, 0xff, 0xff, 0xb0, 0x0, 0x0, 0x8,
    0xff, 0xff, 0xff, 0xc0, 0xc, 0xff, 0xff, 0xff,
    0xc4, 0x0, 0x2a, 0xff, 0xff, 0xff, 0xf5, 0x0,
    0x3f, 0xff, 0xff, 0xff, 0xff, 0xff, 0xff, 0xff,
    0xff, 0xfc, 0x0, 0x0, 0x6f, 0xff, 0xff, 0xff,
    0xff, 0xff, 0xff, 0xff, 0xfe, 0x20, 0x0, 0x0,
    0x6f, 0xff, 0xff, 0xff, 0xff, 0xff, 0xff, 0xfd,
    0x20, 0x0, 0x0, 0x0, 0x2b, 0xff, 0xff, 0xff,
    0xff, 0xff, 0xf8, 0x0, 0x0, 0x0, 0x0, 0x0,
    0x2, 0x8b, 0xef, 0xff, 0xda, 0x61, 0x0, 0x0,
    0x0,

    /* U+0036 "6" */
    0x0, 0x0, 0x0, 0x0, 0x38, 0xce, 0xff, 0xfd,
    0xa5, 0x0, 0x0, 0x0, 0x0, 0x0, 0x0, 0x3,
    0xcf, 0xff, 0xff, 0xff, 0xff, 0xfe, 0x60, 0x0,
    0x0, 0x0, 0x0, 0x8, 0xff, 0xff, 0xff, 0xff,
    0xff, 0xff, 0xff, 0xb0, 0x0, 0x0, 0x0, 0x9,
    0xff, 0xff, 0xff, 0xff, 0xff, 0xff, 0xff, 0xff,
    0xc0, 0x0, 0x0, 0x7, 0xff, 0xff, 0xff, 0xff,
    0xff, 0xff, 0xff, 0xff, 0xff, 0x70, 0x0, 0x3,
    0xff, 0xff, 0xff, 0xf8, 0x20, 0x2, 0x8f, 0xff,
    0xff, 0xff, 0x0, 0x0, 0xcf, 0xff, 0xff, 0xf3,
    0x0, 0x0, 0x0, 0x4f, 0xff, 0xff, 0xf6, 0x0,
    0x3f, 0xff, 0xff, 0xf6, 0x0, 0x0, 0x0, 0x0,
    0xcf, 0xff, 0xff, 0x90, 0xa, 0xff, 0xff, 0xfe,
    0x0, 0x0, 0x0, 0x0, 0x0, 0x0, 0x0, 0x0,
    0x0, 0xef, 0xff, 0xff, 0x90, 0x0, 0x0, 0x0,
    0x0, 0x0, 0x0, 0x0, 0x0, 0x3f, 0xff, 0xff,
    0xf5, 0x0, 0x28, 0xcd, 0xed, 0xb7, 0x20, 0x0,
    0x0, 0x6, 0xff, 0xff, 0xff, 0x21, 0xaf, 0xff,
    0xff, 0xff, 0xff, 0xa1, 0x0, 0x0, 0x8f, 0xff,
    0xff, 0xf3, 0xef, 0xff, 0xff, 0xff, 0xff, 0xff,
    0xe3, 0x0, 0xa, 0xff, 0xff, 0xff, 0xdf, 0xff,
    0xff, 0xff, 0xff, 0xff, 0xff, 0xe2, 0x0, 0xbf,
    0xff, 0xff, 0xff, 0xff, 0xff, 0xff, 0xff, 0xff,
    0xff, 0xff, 0xc0, 0xb, 0xff, 0xff, 0xff, 0xff,
    0x93, 0x0, 0x27, 0xef, 0xff, 0xff, 0xff, 0x40,
    0xbf, 0xff, 0xff, 0xff, 0x40, 0x0, 0x0, 0x1,
    0xdf, 0xff, 0xff, 0xfa, 0xa, 0xff, 0xff, 0xff,
    0x80, 0x0, 0x0, 0x0, 0x3, 0xff, 0xff, 0xff,
    0xe0, 0x9f, 0xff, 0xff, 0xf2, 0x0, 0x0, 0x0,
    0x0, 0xd, 0xff, 0xff, 0xff, 0x16, 0xff, 0xff,
    0xff, 0x0, 0x0, 0x0, 0x0, 0x0, 0xbf, 0xff,
    0xff, 0xf2, 0x3f, 0xff, 0xff, 0xf0, 0x0, 0x0,
    0x0, 0x0, 0xb, 0xff, 0xff, 0xff, 0x20, 0xff,
    0xff, 0xff, 0x30, 0x0, 0x0, 0x0, 0x0, 0xdf,
    0xff, 0xff, 0xf0, 0xa, 0xff, 0xff, 0xfa, 0x0,
    0x0, 0x0, 0x0, 0x3f, 0xff, 0xff, 0xfd, 0x0,
    0x3f, 0xff, 0xff, 0xf7, 0x0, 0x0, 0x0, 0x1d,
    0xff, 0xff, 0xff, 0x90, 0x0, 0xbf, 0xff, 0xff,
    0xfb, 0x40, 0x1, 0x6e, 0xff, 0xff, 0xff, 0xf2,
    0x0, 0x2, 0xef, 0xff, 0xff, 0xff, 0xff, 0xff,
    0xff, 0xff, 0xff, 0xf9, 0x0, 0x0, 0x4, 0xff,
    0xff, 0xff, 0xff, 0xff, 0xff, 0xff, 0xff, 0xfc,
    0x0, 0x0, 0x0, 0x4, 0xef, 0xff, 0xff, 0xff,
    0xff, 0xff, 0xff, 0xfb, 0x0, 0x0, 0x0, 0x0,
    0x1, 0x9f, 0xff, 0xff, 0xff, 0xff, 0xff, 0xd5,
    0x0, 0x0, 0x0, 0x0, 0x0, 0x0, 0x16, 0xad,
    0xff, 0xfe, 0xc9, 0x40, 0x0, 0x0, 0x0,

    /* U+0037 "7" */
    0xff, 0xff, 0xff, 0xff, 0xff, 0xff, 0xff, 0xff,
    0xff, 0xff, 0xff, 0x5f, 0xff, 0xff, 0xff, 0xff,
    0xff, 0xff, 0xff, 0xff, 0xff, 0xff, 0xf5, 0xff,
    0xff, 0xff, 0xff, 0xff, 0xff, 0xff, 0xff, 0xff,
    0xff, 0xff, 0x5f, 0xff, 0xff, 0xff, 0xff, 0xff,
    0xff, 0xff, 0xff, 0xff, 0xff, 0xf5, 0xff, 0xff,
    0xff, 0xff, 0xff, 0xff, 0xff, 0xff, 0xff, 0xff,
    0xff, 0x40, 0x0, 0x0, 0x0, 0x0, 0x0, 0x0,
    0x0, 0xcf, 0xff, 0xff, 0xb0, 0x0, 0x0, 0x0,
    0x0, 0x0, 0x0, 0x0, 0x8f, 0xff, 0xff, 0xf1,
    0x0, 0x0, 0x0, 0x0, 0x0, 0x0, 0x0, 0x4f,
    0xff, 0xff, 0xf6, 0x0, 0x0, 0x0, 0x0, 0x0,
    0x0, 0x0, 0xe, 0xff, 0xff, 0xfb, 0x0, 0x0,
    0x0, 0x0, 0x0, 0x0, 0x0, 0x9, 0xff, 0xff,
    0xff, 0x20, 0x0, 0x0, 0x0, 0x0, 0x0, 0x0,
    0x3, 0xff, 0xff, 0xff, 0x80, 0x0, 0x0, 0x0,
    0x0, 0x0, 0x0, 0x0, 0xcf, 0xff, 0xff, 0xe1,
    0x0, 0x0, 0x0, 0x0, 0x0, 0x0, 0x0, 0x5f,
    0xff, 0xff, 0xf7, 0x0, 0x0, 0x0, 0x0, 0x0,
    0x0, 0x0, 0xd, 0xff, 0xff, 0xfe, 0x0, 0x0,
    0x0, 0x0, 0x0, 0x0, 0x0, 0x5, 0xff, 0xff,
    0xff, 0x70, 0x0, 0x0, 0x0, 0x0, 0x0, 0x0,
    0x0, 0xdf, 0xff, 0xff, 0xf0, 0x0, 0x0, 0x0,
    0x0, 0x0, 0x0, 0x0, 0x4f, 0xff, 0xff, 0xf8,
    0x0, 0x0, 0x0, 0x0, 0x0, 0x0, 0x0, 0xb,
    0xff, 0xff, 0xff, 0x20, 0x0, 0x0, 0x0, 0x0,
    0x0, 0x0, 0x1, 0xff, 0xff, 0xff, 0xc0, 0x0,
    0x0, 0x0, 0x0, 0x0, 0x0, 0x0, 0x7f, 0xff,
    0xff, 0xf6, 0x0, 0x0, 0x0, 0x0, 0x0, 0x0,
    0x0, 0xc, 0xff, 0xff, 0xff, 0x10, 0x0, 0x0,
    0x0, 0x0, 0x0, 0x0, 0x1, 0xff, 0xff, 0xff,
    0xc0, 0x0, 0x0, 0x0, 0x0, 0x0, 0x0, 0x0,
    0x6f, 0xff, 0xff, 0xf7, 0x0, 0x0, 0x0, 0x0,
    0x0, 0x0, 0x0, 0xa, 0xff, 0xff, 0xff, 0x30,
    0x0, 0x0, 0x0, 0x0, 0x0, 0x0, 0x0, 0xef,
    0xff, 0xff, 0xf0, 0x0, 0x0, 0x0, 0x0, 0x0,
    0x0, 0x0, 0x1f, 0xff, 0xff, 0xfc, 0x0, 0x0,
    0x0, 0x0, 0x0, 0x0, 0x0, 0x4, 0xff, 0xff,
    0xff, 0xa0, 0x0, 0x0, 0x0, 0x0, 0x0, 0x0,
    0x0, 0x6f, 0xff, 0xff, 0xf7, 0x0, 0x0, 0x0,
    0x0, 0x0, 0x0, 0x0, 0x9, 0xff, 0xff, 0xff,
    0x50, 0x0, 0x0, 0x0, 0x0, 0x0, 0x0, 0x0,
    0xaf, 0xff, 0xff, 0xf3, 0x0, 0x0, 0x0, 0x0,
    0x0,

    /* U+0038 "8" */
    0x0, 0x0, 0x0, 0x38, 0xbd, 0xff, 0xfe, 0xc9,
    0x50, 0x0, 0x0, 0x0, 0x0, 0x0, 0x4c, 0xff,
    0xff, 0xff, 0xff, 0xff, 0xff, 0x80, 0x0, 0x0,
    0x0, 0x9, 0xff, 0xff, 0xff, 0xff, 0xff, 0xff,
    0xff, 0xfd, 0x20, 0x0, 0x0, 0x9f, 0xff, 0xff,
    0xff, 0xff, 0xff, 0xff, 0xff, 0xff, 0xe1, 0x0,
    0x3, 0xff, 0xff, 0xff, 0xff, 0xff, 0xff, 0xff,
    0xff, 0xff, 0xfa, 0x0, 0xa, 0xff, 0xff, 0xff,
    0xf7, 0x10, 0x4, 0xcf, 0xff, 0xff, 0xff, 0x10,
    0xe, 0xff, 0xff, 0xff, 0x50, 0x0, 0x0, 0xd,
    0xff, 0xff, 0xff, 0x50, 0xf, 0xff, 0xff, 0xfe,
    0x0, 0x0, 0x0, 0x7, 0xff, 0xff, 0xff, 0x60,
    0xe, 0xff, 0xff, 0xfd, 0x0, 0x0, 0x0, 0x6,
    0xff, 0xff, 0xff, 0x60, 0xb, 0xff, 0xff, 0xff,
    0x10, 0x0, 0x0, 0xa, 0xff, 0xff, 0xff, 0x20,
    0x5, 0xff, 0xff, 0xff, 0xc1, 0x0, 0x0, 0x6f,
    0xff, 0xff, 0xfc, 0x0, 0x0, 0xaf, 0xff, 0xff,
    0xff, 0xb9, 0xad, 0xff, 0xff, 0xff, 0xf2, 0x0,
    0x0, 0x9, 0xff, 0xff, 0xff, 0xff, 0xff, 0xff,
    0xff, 0xfd, 0x30, 0x0, 0x0, 0x0, 0x5f, 0xff,
    0xff, 0xff, 0xff, 0xff, 0xff, 0xb0, 0x0, 0x0,
    0x0, 0xa, 0xff, 0xff, 0xff, 0xff, 0xff, 0xff,
    0xff, 0xfe, 0x30, 0x0, 0x0, 0xcf, 0xff, 0xff,
    0xff, 0xff, 0xff, 0xff, 0xff, 0xff, 0xf4, 0x0,
    0x9, 0xff, 0xff, 0xff, 0xe6, 0x20, 0x4, 0xbf,
    0xff, 0xff, 0xff, 0x10, 0x2f, 0xff, 0xff, 0xfe,
    0x10, 0x0, 0x0, 0x9, 0xff, 0xff, 0xff, 0x90,
    0x7f, 0xff, 0xff, 0xf6, 0x0, 0x0, 0x0, 0x0,
    0xef, 0xff, 0xff, 0xe0, 0xbf, 0xff, 0xff, 0xf1,
    0x0, 0x0, 0x0, 0x0, 0xaf, 0xff, 0xff, 0xf2,
    0xcf, 0xff, 0xff, 0xf0, 0x0, 0x0, 0x0, 0x0,
    0x9f, 0xff, 0xff, 0xf4, 0xcf, 0xff, 0xff, 0xf1,
    0x0, 0x0, 0x0, 0x0, 0xaf, 0xff, 0xff, 0xf4,
    0xbf, 0xff, 0xff, 0xf6, 0x0, 0x0, 0x0, 0x0,
    0xef, 0xff, 0xff, 0xf2, 0x7f, 0xff, 0xff, 0xfe,
    0x10, 0x0, 0x0, 0x8, 0xff, 0xff, 0xff, 0xe0,
    0x1f, 0xff, 0xff, 0xff, 0xe6, 0x10, 0x3, 0xaf,
    0xff, 0xff, 0xff, 0x80, 0x7, 0xff, 0xff, 0xff,
    0xff, 0xff, 0xff, 0xff, 0xff, 0xff, 0xfe, 0x10,
    0x0, 0xaf, 0xff, 0xff, 0xff, 0xff, 0xff, 0xff,
    0xff, 0xff, 0xf3, 0x0, 0x0, 0x9, 0xff, 0xff,
    0xff, 0xff, 0xff, 0xff, 0xff, 0xfe, 0x30, 0x0,
    0x0, 0x0, 0x3c, 0xff, 0xff, 0xff, 0xff, 0xff,
    0xff, 0x81, 0x0, 0x0, 0x0, 0x0, 0x0, 0x27,
    0xbd, 0xff, 0xfe, 0xc9, 0x50, 0x0, 0x0, 0x0,

    /* U+0039 "9" */
    0x0, 0x0, 0x0, 0x48, 0xce, 0xff, 0xfd, 0xb7,
    0x20, 0x0, 0x0, 0x0, 0x0, 0x0, 0x6d, 0xff,
    0xff, 0xff, 0xff, 0xff, 0xfb, 0x20, 0x0, 0x0,
    0x0, 0x1b, 0xff, 0xff, 0xff, 0xff, 0xff, 0xff,
    0xff, 0xf6, 0x0, 0x0, 0x1, 0xdf, 0xff, 0xff,
    0xff, 0xff, 0xff, 0xff, 0xff, 0xff, 0x70, 0x0,
    0xa, 0xff, 0xff, 0xff, 0xff, 0xff, 0xff, 0xff,
    0xff, 0xff, 0xf4, 0x0, 0x3f, 0xff, 0xff, 0xff,
    0xf7, 0x20, 0x2, 0x8f, 0xff, 0xff, 0xfe, 0x0,
    0x9f, 0xff, 0xff, 0xff, 0x20, 0x0, 0x0, 0x4,
    0xff, 0xff, 0xff, 0x60, 0xdf, 0xff, 0xff, 0xf7,
    0x0, 0x0, 0x0, 0x0, 0xaf, 0xff, 0xff, 0xd0,
    0xff, 0xff, 0xff, 0xf3, 0x0, 0x0, 0x0, 0x0,
    0x6f, 0xff, 0xff, 0xf2, 0xff, 0xff, 0xff, 0xf2,
    0x0, 0x0, 0x0, 0x0, 0x5f, 0xff, 0xff, 0xf6,
    0xef, 0xff, 0xff, 0xf6, 0x0, 0x0, 0x0, 0x0,
    0x8f, 0xff, 0xff, 0xf9, 0xaf, 0xff, 0xff, 0xfe,
    0x10, 0x0, 0x0, 0x2, 0xff, 0xff, 0xff, 0xfc,
    0x5f, 0xff, 0xff, 0xff, 0xe6, 0x10, 0x1, 0x5e,
    0xff, 0xff, 0xff, 0xfd, 0xd, 0xff, 0xff, 0xff,
    0xff, 0xfe, 0xef, 0xff, 0xff, 0xff, 0xff, 0xfe,
    0x3, 0xff, 0xff, 0xff, 0xff, 0xff, 0xff, 0xff,
    0xff, 0xff, 0xff, 0xff, 0x0, 0x4f, 0xff, 0xff,
    0xff, 0xff, 0xff, 0xff, 0xaf, 0xff, 0xff, 0xfe,
    0x0, 0x2, 0xbf, 0xff, 0xff, 0xff, 0xff, 0xe5,
    0x3f, 0xff, 0xff, 0xfe, 0x0, 0x0, 0x3, 0x8c,
    0xef, 0xfe, 0xb6, 0x0, 0x4f, 0xff, 0xff, 0xfc,
    0x0, 0x0, 0x0, 0x0, 0x0, 0x0, 0x0, 0x0,
    0x6f, 0xff, 0xff, 0xfa, 0x0, 0x0, 0x0, 0x0,
    0x0, 0x0, 0x0, 0x0, 0x8f, 0xff, 0xff, 0xf7,
    0x37, 0x77, 0x77, 0x60, 0x0, 0x0, 0x0, 0x0,
    0xbf, 0xff, 0xff, 0xf4, 0x5f, 0xff, 0xff, 0xf0,
    0x0, 0x0, 0x0, 0x0, 0xef, 0xff, 0xff, 0xf0,
    0x2f, 0xff, 0xff, 0xf5, 0x0, 0x0, 0x0, 0x5,
    0xff, 0xff, 0xff, 0x90, 0xd, 0xff, 0xff, 0xfd,
    0x10, 0x0, 0x0, 0x1e, 0xff, 0xff, 0xff, 0x20,
    0x6, 0xff, 0xff, 0xff, 0xd5, 0x10, 0x15, 0xdf,
    0xff, 0xff, 0xf9, 0x0, 0x0, 0xdf, 0xff, 0xff,
    0xff, 0xff, 0xff, 0xff, 0xff, 0xff, 0xd1, 0x0,
    0x0, 0x2f, 0xff, 0xff, 0xff, 0xff, 0xff, 0xff,
    0xff, 0xfe, 0x20, 0x0, 0x0, 0x3, 0xef, 0xff,
    0xff, 0xff, 0xff, 0xff, 0xff, 0xd2, 0x0, 0x0,
    0x0, 0x0, 0x1a, 0xff, 0xff, 0xff, 0xff, 0xff,
    0xf8, 0x0, 0x0, 0x0, 0x0, 0x0, 0x0, 0x28,
    0xbe, 0xff, 0xfd, 0xa6, 0x0, 0x0, 0x0, 0x0,

    /* U+003A ":" */
    0x7f, 0xff, 0xff, 0xf7, 0x7f, 0xff, 0xff, 0xf7,
    0x7f, 0xff, 0xff, 0xf7, 0x7f, 0xff, 0xff, 0xf7,
    0x7f, 0xff, 0xff, 0xf7, 0x7f, 0xff, 0xff, 0xf7,
    0x7f, 0xff, 0xff, 0xf7, 0x0, 0x0, 0x0, 0x0,
    0x0, 0x0, 0x0, 0x0, 0x0, 0x0, 0x0, 0x0,
    0x0, 0x0, 0x0, 0x0, 0x0, 0x0, 0x0, 0x0,
    0x0, 0x0, 0x0, 0x0, 0x0, 0x0, 0x0, 0x0,
    0x7f, 0xff, 0xff, 0xf7, 0x7f, 0xff, 0xff, 0xf7,
    0x7f, 0xff, 0xff, 0xf7, 0x7f, 0xff, 0xff, 0xf7,
    0x7f, 0xff, 0xff, 0xf7, 0x7f, 0xff, 0xff, 0xf7,
    0x7f, 0xff, 0xff, 0xf7,

    /* U+003B ";" */
    0x7f, 0xff, 0xff, 0xf7, 0x7f, 0xff, 0xff, 0xf7,
    0x7f, 0xff, 0xff, 0xf7, 0x7f, 0xff, 0xff, 0xf7,
    0x7f, 0xff, 0xff, 0xf7, 0x7f, 0xff, 0xff, 0xf7,
    0x7f, 0xff, 0xff, 0xf7, 0x0, 0x0, 0x0, 0x0,
    0x0, 0x0, 0x0, 0x0, 0x0, 0x0, 0x0, 0x0,
    0x0, 0x0, 0x0, 0x0, 0x0, 0x0, 0x0, 0x0,
    0x0, 0x0, 0x0, 0x0, 0x0, 0x0, 0x0, 0x0,
    0x7f, 0xff, 0xff, 0xf7, 0x7f, 0xff, 0xff, 0xf7,
    0x7f, 0xff, 0xff, 0xf7, 0x7f, 0xff, 0xff, 0xf7,
    0x7f, 0xff, 0xff, 0xf7, 0x7f, 0xff, 0xff, 0xf7,
    0x7f, 0xff, 0xff, 0xf5, 0x0, 0x5, 0xff, 0xf3,
    0x0, 0x8, 0xff, 0xe0, 0x0, 0x1e, 0xff, 0x80,
    0x5, 0xdf, 0xff, 0x10, 0x6f, 0xff, 0xf4, 0x0,
    0x6f, 0xfe, 0x40, 0x0, 0x6d, 0x70, 0x0, 0x0,
    0x0, 0x0, 0x0, 0x0,

    /* U+003C "<" */
    0x0, 0x0, 0x0, 0x0, 0x0, 0x0, 0x0, 0x0,
    0x0, 0x50, 0x0, 0x0, 0x0, 0x0, 0x0, 0x0,
    0x0, 0x5, 0xaf, 0xf0, 0x0, 0x0, 0x0, 0x0,
    0x0, 0x0, 0x5a, 0xff, 0xff, 0xf0, 0x0, 0x0,
    0x0, 0x0, 0x5, 0xaf, 0xff, 0xff, 0xff, 0xf0,
    0x0, 0x0, 0x0, 0x5a, 0xff, 0xff, 0xff, 0xff,
    0xff, 0xf0, 0x0, 0x5, 0xaf, 0xff, 0xff, 0xff,
    0xff, 0xff, 0xfd, 0x80, 0x4a, 0xff, 0xff, 0xff,
    0xff, 0xff, 0xff, 0xc7, 0x20, 0x0, 0xef, 0xff,
    0xff, 0xff, 0xff, 0xfb, 0x61, 0x0, 0x0, 0x0,
    0xef, 0xff, 0xff, 0xff, 0xa5, 0x10, 0x0, 0x0,
    0x0, 0x0, 0xef, 0xff, 0xff, 0xe6, 0x10, 0x0,
    0x0, 0x0, 0x0, 0x0, 0xef, 0xff, 0xff, 0xff,
    0xfb, 0x61, 0x0, 0x0, 0x0, 0x0, 0xdf, 0xff,
    0xff, 0xff, 0xff, 0xff, 0xc7, 0x20, 0x0, 0x0,
    0x4, 0x9e, 0xff, 0xff, 0xff, 0xff, 0xff, 0xfd,
    0x83, 0x0, 0x0, 0x0, 0x49, 0xef, 0xff, 0xff,
    0xff, 0xff, 0xff, 0xe0, 0x0, 0x0, 0x0, 0x4,
    0x9e, 0xff, 0xff, 0xff, 0xff, 0xf0, 0x0, 0x0,
    0x0, 0x0, 0x0, 0x49, 0xef, 0xff, 0xff, 0xf0,
    0x0, 0x0, 0x0, 0x0, 0x0, 0x0, 0x4, 0x9e,
    0xff, 0xf0, 0x0, 0x0, 0x0, 0x0, 0x0, 0x0,
    0x0, 0x0, 0x4a, 0xe0, 0x0, 0x0, 0x0, 0x0,
    0x0, 0x0, 0x0, 0x0, 0x0, 0x0,

    /* U+003D "=" */
    0xef, 0xff, 0xff, 0xff, 0xff, 0xff, 0xff, 0xff,
    0xff, 0xf0, 0xef, 0xff, 0xff, 0xff, 0xff, 0xff,
    0xff, 0xff, 0xff, 0xf0, 0xef, 0xff, 0xff, 0xff,
    0xff, 0xff, 0xff, 0xff, 0xff, 0xf0, 0xef, 0xff,
    0xff, 0xff, 0xff, 0xff, 0xff, 0xff, 0xff, 0xf0,
    0x89, 0x99, 0x99, 0x99, 0x99, 0x99, 0x99, 0x99,
    0x99, 0x90, 0x0, 0x0, 0x0, 0x0, 0x0, 0x0,
    0x0, 0x0, 0x0, 0x0, 0x0, 0x0, 0x0, 0x0,
    0x0, 0x0, 0x0, 0x0, 0x0, 0x0, 0x0, 0x0,
    0x0, 0x0, 0x0, 0x0, 0x0, 0x0, 0x0, 0x0,
    0x89, 0x99, 0x99, 0x99, 0x99, 0x99, 0x99, 0x99,
    0x99, 0x90, 0xef, 0xff, 0xff, 0xff, 0xff, 0xff,
    0xff, 0xff, 0xff, 0xf0, 0xef, 0xff, 0xff, 0xff,
    0xff, 0xff, 0xff, 0xff, 0xff, 0xf0, 0xef, 0xff,
    0xff, 0xff, 0xff, 0xff, 0xff, 0xff, 0xff, 0xf0,
    0xef, 0xff, 0xff, 0xff, 0xff, 0xff, 0xff, 0xff,
    0xff, 0xf0,

    /* U+003E ">" */
    0x51, 0x0, 0x0, 0x0, 0x0, 0x0, 0x0, 0x0,
    0x0, 0x0, 0xef, 0xb6, 0x10, 0x0, 0x0, 0x0,
    0x0, 0x0, 0x0, 0x0, 0xef, 0xff, 0xfb, 0x61,
    0x0, 0x0, 0x0, 0x0, 0x0, 0x0, 0xef, 0xff,
    0xff, 0xff, 0xb6, 0x10, 0x0, 0x0, 0x0, 0x0,
    0xef, 0xff, 0xff, 0xff, 0xff, 0xfb, 0x61, 0x0,
    0x0, 0x0, 0x6c, 0xff, 0xff, 0xff, 0xff, 0xff,
    0xff, 0xb6, 0x10, 0x0, 0x0, 0x16, 0xbf, 0xff,
    0xff, 0xff, 0xff, 0xff, 0xfb, 0x50, 0x0, 0x0,
    0x1, 0x5a, 0xff, 0xff, 0xff, 0xff, 0xff, 0xf0,
    0x0, 0x0, 0x0, 0x0, 0x4, 0xae, 0xff, 0xff,
    0xff, 0xf0, 0x0, 0x0, 0x0, 0x0, 0x0, 0x5,
    0xdf, 0xff, 0xff, 0xf0, 0x0, 0x0, 0x0, 0x1,
    0x6b, 0xff, 0xff, 0xff, 0xff, 0xf0, 0x0, 0x0,
    0x16, 0xbf, 0xff, 0xff, 0xff, 0xff, 0xff, 0xf0,
    0x2, 0x7c, 0xff, 0xff, 0xff, 0xff, 0xff, 0xff,
    0xa5, 0x0, 0xcf, 0xff, 0xff, 0xff, 0xff, 0xff,
    0xfa, 0x50, 0x0, 0x0, 0xef, 0xff, 0xff, 0xff,
    0xff, 0xa5, 0x0, 0x0, 0x0, 0x0, 0xef, 0xff,
    0xff, 0xfa, 0x50, 0x0, 0x0, 0x0, 0x0, 0x0,
    0xef, 0xff, 0xa5, 0x0, 0x0, 0x0, 0x0, 0x0,
    0x0, 0x0, 0xda, 0x50, 0x0, 0x0, 0x0, 0x0,
    0x0, 0x0, 0x0, 0x0, 0x0, 0x0, 0x0, 0x0,
    0x0, 0x0, 0x0, 0x0, 0x0, 0x0,

    /* U+003F "?" */
    0x0, 0x0, 0x0, 0x5, 0x9c, 0xef, 0xfe, 0xc9,
    0x50, 0x0, 0x0, 0x0, 0x0, 0x0, 0x7e, 0xff,
    0xff, 0xff, 0xff, 0xff, 0xf7, 0x0, 0x0, 0x0,
    0x2, 0xdf, 0xff, 0xff, 0xff, 0xff, 0xff, 0xff,
    0xfd, 0x10, 0x0, 0x2, 0xef, 0xff, 0xff, 0xff,
    0xff, 0xff, 0xff, 0xff, 0xfd, 0x0, 0x0, 0xdf,
    0xff, 0xff, 0xff, 0xff, 0xff, 0xff, 0xff, 0xff,
    0xf9, 0x0, 0x8f, 0xff, 0xff, 0xfd, 0x62, 0x0,
    0x39, 0xff, 0xff, 0xff, 0xf1, 0x1f, 0xff, 0xff,
    0xfb, 0x0, 0x0, 0x0, 0x7, 0xff, 0xff, 0xff,
    0x56, 0xff, 0xff, 0xfe, 0x10, 0x0, 0x0, 0x0,
    0x1f, 0xff, 0xff, 0xf8, 0xaf, 0xff, 0xff, 0x80,
    0x0, 0x0, 0x0, 0x0, 0xff, 0xff, 0xff, 0x84,
    0x55, 0x55, 0x52, 0x0, 0x0, 0x0, 0x0, 0x3f,
    0xff, 0xff, 0xf7, 0x0, 0x0, 0x0, 0x0, 0x0,
    0x0, 0x0, 0xc, 0xff, 0xff, 0xff, 0x40, 0x0,
    0x0, 0x0, 0x0, 0x0, 0x0, 0x1b, 0xff, 0xff,
    0xff, 0xd0, 0x0, 0x0, 0x0, 0x0, 0x0, 0x0,
    0x2d, 0xff, 0xff, 0xff, 0xf5, 0x0, 0x0, 0x0,
    0x0, 0x0, 0x0, 0x4f, 0xff, 0xff, 0xff, 0xf8,
    0x0, 0x0, 0x0, 0x0, 0x0, 0x0, 0x4f, 0xff,
    0xff, 0xff, 0xf7, 0x0, 0x0, 0x0, 0x0, 0x0,
    0x0, 0x1e, 0xff, 0xff, 0xff, 0xf5, 0x0, 0x0,
    0x0, 0x0, 0x0, 0x0, 0x9, 0xff, 0xff, 0xff,
    0xd2, 0x0, 0x0, 0x0, 0x0, 0x0, 0x0, 0x0,
    0xef, 0xff, 0xff, 0xe1, 0x0, 0x0, 0x0, 0x0,
    0x0, 0x0, 0x0, 0x2f, 0xff, 0xff, 0xf4, 0x0,
    0x0, 0x0, 0x0, 0x0, 0x0, 0x0, 0x4, 0xff,
    0xff, 0xfe, 0x0, 0x0, 0x0, 0x0, 0x0, 0x0,
    0x0, 0x0, 0x15, 0x55, 0x55, 0x40, 0x0, 0x0,
    0x0, 0x0, 0x0, 0x0, 0x0, 0x0, 0x0, 0x0,
    0x0, 0x0, 0x0, 0x0, 0x0, 0x0, 0x0, 0x0,
    0x0, 0x0, 0x0, 0x0, 0x0, 0x0, 0x0, 0x0,
    0x0, 0x0, 0x0, 0x0, 0x0, 0x0, 0x0, 0x0,
    0x0, 0x0, 0x0, 0x0, 0x0, 0x0, 0x0, 0x0,
    0x0, 0x0, 0x0, 0x0, 0x0, 0x0, 0x0, 0x0,
    0x0, 0x0, 0x0, 0xa, 0xff, 0xff, 0xff, 0x30,
    0x0, 0x0, 0x0, 0x0, 0x0, 0x0, 0x0, 0xaf,
    0xff, 0xff, 0xf4, 0x0, 0x0, 0x0, 0x0, 0x0,
    0x0, 0x0, 0xa, 0xff, 0xff, 0xff, 0x40, 0x0,
    0x0, 0x0, 0x0, 0x0, 0x0, 0x0, 0xaf, 0xff,
    0xff, 0xf4, 0x0, 0x0, 0x0, 0x0, 0x0, 0x0,
    0x0, 0xa, 0xff, 0xff, 0xff, 0x40, 0x0, 0x0,
    0x0, 0x0, 0x0, 0x0, 0x0, 0xaf, 0xff, 0xff,
    0xf4, 0x0, 0x0, 0x0, 0x0, 0x0, 0x0, 0x0,
    0xa, 0xff, 0xff, 0xff, 0x40, 0x0, 0x0, 0x0,

    /* U+0040 "@" */
    0x0, 0x0, 0x0, 0x0, 0x0, 0x0, 0x26, 0x9b,
    0xde, 0xff, 0xfe, 0xdb, 0x83, 0x0, 0x0, 0x0,
    0x0, 0x0, 0x0, 0x0, 0x0, 0x0, 0x17, 0xdf,
    0xff, 0xff, 0xff, 0xff, 0xff, 0xff, 0xfe, 0x81,
    0x0, 0x0, 0x0, 0x0, 0x0, 0x0, 0x1, 0x9f,
    0xff, 0xff, 0xff, 0xff, 0xff, 0xff, 0xff, 0xff,
    0xff, 0xf8, 0x0, 0x0, 0x0, 0x0, 0x0, 0x5,
    0xef, 0xff, 0xff, 0xff, 0xff, 0xed, 0xde, 0xff,
    0xff, 0xff, 0xff, 0xfc, 0x10, 0x0, 0x0, 0x0,
    0x8, 0xff, 0xff, 0xff, 0xe9, 0x52, 0x0, 0x0,
    0x0, 0x13, 0x7d, 0xff, 0xff, 0xfd, 0x10, 0x0,
    0x0, 0x9, 0xff, 0xff, 0xfc, 0x40, 0x4, 0x67,
    0x62, 0x0, 0x0, 0x0, 0x4, 0xdf, 0xff, 0xfb,
    0x0, 0x0, 0x7, 0xff, 0xff, 0xf5, 0x0, 0x6e,
    0xff, 0xff, 0xfb, 0x0, 0x0, 0x0, 0x1, 0xcf,
    0xff, 0xf4, 0x0, 0x3, 0xff, 0xff, 0xe2, 0x0,
    0xbf, 0xff, 0xff, 0xff, 0xfb, 0x4f, 0xff, 0xff,
    0x21, 0xef, 0xff, 0xc0, 0x0, 0xcf, 0xff, 0xf2,
    0x0, 0xbf, 0xff, 0xff, 0xff, 0xff, 0xfb, 0xff,
    0xff, 0xe0, 0x5, 0xff, 0xff, 0x10, 0x4f, 0xff,
    0xf5, 0x0, 0x8f, 0xff, 0xff, 0xff, 0xff, 0xff,
    0xff, 0xff, 0xfa, 0x0, 0xf, 0xff, 0xf4, 0xb,
    0xff, 0xfc, 0x0, 0x2f, 0xff, 0xff, 0xf6, 0x10,
    0x5f, 0xff, 0xff, 0xff, 0x60, 0x0, 0xcf, 0xff,
    0x61, 0xff, 0xff, 0x50, 0x9, 0xff, 0xff, 0xf3,
    0x0, 0x0, 0x7f, 0xff, 0xff, 0xf1, 0x0, 0xb,
    0xff, 0xf7, 0x4f, 0xff, 0xf0, 0x0, 0xef, 0xff,
    0xfa, 0x0, 0x0, 0x2, 0xff, 0xff, 0xfd, 0x0,
    0x0, 0xbf, 0xff, 0x68, 0xff, 0xfb, 0x0, 0x3f,
    0xff, 0xff, 0x50, 0x0, 0x0, 0x1f, 0xff, 0xff,
    0x90, 0x0, 0xd, 0xff, 0xf3, 0xaf, 0xff, 0x90,
    0x5, 0xff, 0xff, 0xf2, 0x0, 0x0, 0x1, 0xff,
    0xff, 0xf5, 0x0, 0x1, 0xff, 0xff, 0xb, 0xff,
    0xf7, 0x0, 0x6f, 0xff, 0xff, 0x30, 0x0, 0x0,
    0x5f, 0xff, 0xff, 0x10, 0x0, 0x5f, 0xff, 0xb0,
    0xbf, 0xff, 0x70, 0x6, 0xff, 0xff, 0xf6, 0x0,
    0x0, 0xc, 0xff, 0xff, 0xd0, 0x0, 0xd, 0xff,
    0xf4, 0xb, 0xff, 0xf8, 0x0, 0x5f, 0xff, 0xff,
    0xe1, 0x0, 0x8, 0xff, 0xff, 0xfa, 0x0, 0x7,
    0xff, 0xfc, 0x0, 0x9f, 0xff, 0xa0, 0x1, 0xff,
    0xff, 0xff, 0xe9, 0x8d, 0xff, 0xff, 0xff, 0xc0,
    0x7, 0xff, 0xff, 0x20, 0x6, 0xff, 0xfe, 0x0,
    0xb, 0xff, 0xff, 0xff, 0xff, 0xff, 0xbf, 0xff,
    0xff, 0xef, 0xff, 0xff, 0x50, 0x0, 0x2f, 0xff,
    0xf5, 0x0, 0x3f, 0xff, 0xff, 0xff, 0xff, 0xa1,
    0xff, 0xff, 0xff, 0xff, 0xff, 0x50, 0x0, 0x0,
    0xcf, 0xff, 0xe0, 0x0, 0x5f, 0xff, 0xff, 0xff,
    0x90, 0x8, 0xff, 0xff, 0xff, 0xfd, 0x30, 0x0,
    0x0, 0x4, 0xff, 0xff, 0xb0, 0x0, 0x2a, 0xef,
    0xeb, 0x40, 0x0, 0x5, 0xcf, 0xfe, 0xa5, 0x0,
    0x0, 0x0, 0x0, 0xb, 0xff, 0xff, 0xb1, 0x0,
    0x0, 0x0, 0x0, 0x0, 0x0, 0x0, 0x0, 0x0,
    0x0, 0x0, 0x0, 0x0, 0x0, 0x1e, 0xff, 0xff,
    0xe6, 0x0, 0x0, 0x0, 0x0, 0x0, 0x0, 0x0,
    0x44, 0x0, 0x0, 0x0, 0x0, 0x0, 0x0, 0x2e,
    0xff, 0xff, 0xfe, 0x94, 0x10, 0x0, 0x0, 0x2,
    0x6a, 0xef, 0xd0, 0x0, 0x0, 0x0, 0x0, 0x0,
    0x0, 0x1c, 0xff, 0xff, 0xff, 0xff, 0xfe, 0xdd,
    0xef, 0xff, 0xff, 0xff, 0x30, 0x0, 0x0, 0x0,
    0x0, 0x0, 0x0, 0x7, 0xff, 0xff, 0xff, 0xff,
    0xff, 0xff, 0xff, 0xff, 0xff, 0xf9, 0x0, 0x0,
    0x0, 0x0, 0x0, 0x0, 0x0, 0x1, 0x7d, 0xff,
    0xff, 0xff, 0xff, 0xff, 0xff, 0xff, 0xf9, 0x30,
    0x0, 0x0, 0x0, 0x0, 0x0, 0x0, 0x0, 0x0,
    0x2, 0x69, 0xce, 0xff, 0xff, 0xec, 0xa7, 0x30,
    0x0, 0x0, 0x0, 0x0, 0x0,

    /* U+0041 "A" */
    0x0, 0x0, 0x0, 0x0, 0x0, 0x5f, 0xff, 0xff,
    0xff, 0x30, 0x0, 0x0, 0x0, 0x0, 0x0, 0x0,
    0x0, 0x0, 0x0, 0xb, 0xff, 0xff, 0xff, 0xf9,
    0x0, 0x0, 0x0, 0x0, 0x0, 0x0, 0x0, 0x0,
    0x0, 0x1, 0xff, 0xff, 0xff, 0xff, 0xf0, 0x0,
    0x0, 0x0, 0x0, 0x0, 0x0, 0x0, 0x0, 0x0,
    0x6f, 0xff, 0xff, 0xff, 0xff, 0x50, 0x0, 0x0,
    0x0, 0x0, 0x0, 0x0, 0x0, 0x0, 0xc, 0xff,
    0xff, 0xff, 0xff, 0xfb, 0x0, 0x0, 0x0, 0x0,
    0x0, 0x0, 0x0, 0x0, 0x2, 0xff, 0xff, 0xff,
    0xff, 0xff, 0xf1, 0x0, 0x0, 0x0, 0x0, 0x0,
    0x0, 0x0, 0x0, 0x8f, 0xff, 0xff, 0xcf, 0xff,
    0xff, 0x60, 0x0, 0x0, 0x0, 0x0, 0x0, 0x0,
    0x0, 0xd, 0xff, 0xff, 0xe4, 0xff, 0xff, 0xfc,
    0x0, 0x0, 0x0, 0x0, 0x0, 0x0, 0x0, 0x3,
    0xff, 0xff, 0xf9, 0xe, 0xff, 0xff, 0xf2, 0x0,
    0x0, 0x0, 0x0, 0x0, 0x0, 0x0, 0x9f, 0xff,
    0xff, 0x30, 0x9f, 0xff, 0xff, 0x70, 0x0, 0x0,
    0x0, 0x0, 0x0, 0x0, 0xe, 0xff, 0xff, 0xe0,
    0x4, 0xff, 0xff, 0xfd, 0x0, 0x0, 0x0, 0x0,
    0x0, 0x0, 0x4, 0xff, 0xff, 0xf9, 0x0, 0xe,
    0xff, 0xff, 0xf3, 0x0, 0x0, 0x0, 0x0, 0x0,
    0x0, 0xaf, 0xff, 0xff, 0x30, 0x0, 0x9f, 0xff,
    0xff, 0x90, 0x0, 0x0, 0x0, 0x0, 0x0, 0x1f,
    0xff, 0xff, 0xe0, 0x0, 0x4, 0xff, 0xff, 0xfe,
    0x0, 0x0, 0x0, 0x0, 0x0, 0x6, 0xff, 0xff,
    0xf9, 0x0, 0x0, 0xe, 0xff, 0xff, 0xf4, 0x0,
    0x0, 0x0, 0x0, 0x0, 0xcf, 0xff, 0xff, 0x40,
    0x0, 0x0, 0x9f, 0xff, 0xff, 0xa0, 0x0, 0x0,
    0x0, 0x0, 0x1f, 0xff, 0xff, 0xe0, 0x0, 0x0,
    0x4, 0xff, 0xff, 0xff, 0x0, 0x0, 0x0, 0x0,
    0x7, 0xff, 0xff, 0xf9, 0x0, 0x0, 0x0, 0xe,
    0xff, 0xff, 0xf6, 0x0, 0x0, 0x0, 0x0, 0xdf,
    0xff, 0xff, 0xff, 0xff, 0xff, 0xff, 0xff, 0xff,
    0xff, 0xc0, 0x0, 0x0, 0x0, 0x3f, 0xff, 0xff,
    0xff, 0xff, 0xff, 0xff, 0xff, 0xff, 0xff, 0xff,
    0x10, 0x0, 0x0, 0x8, 0xff, 0xff, 0xff, 0xff,
    0xff, 0xff, 0xff, 0xff, 0xff, 0xff, 0xf7, 0x0,
    0x0, 0x0, 0xef, 0xff, 0xff, 0xff, 0xff, 0xff,
    0xff, 0xff, 0xff, 0xff, 0xff, 0xd0, 0x0, 0x0,
    0x4f, 0xff, 0xff, 0xff, 0xff, 0xff, 0xff, 0xff,
    0xff, 0xff, 0xff, 0xff, 0x30, 0x0, 0xa, 0xff,
    0xff, 0xf9, 0x11, 0x11, 0x11, 0x11, 0x11, 0x1f,
    0xff, 0xff, 0xf8, 0x0, 0x0, 0xff, 0xff, 0xff,
    0x40, 0x0, 0x0, 0x0, 0x0, 0x0, 0xaf, 0xff,
    0xff, 0xe0, 0x0, 0x5f, 0xff, 0xff, 0xe0, 0x0,
    0x0, 0x0, 0x0, 0x0, 0x4, 0xff, 0xff, 0xff,
    0x40, 0xb, 0xff, 0xff, 0xf9, 0x0, 0x0, 0x0,
    0x0, 0x0, 0x0, 0xf, 0xff, 0xff, 0xfa, 0x1,
    0xff, 0xff, 0xff, 0x40, 0x0, 0x0, 0x0, 0x0,
    0x0, 0x0, 0xaf, 0xff, 0xff, 0xf0, 0x7f, 0xff,
    0xff, 0xe0, 0x0, 0x0, 0x0, 0x0, 0x0, 0x0,
    0x4, 0xff, 0xff, 0xff, 0x5c, 0xff, 0xff, 0xf9,
    0x0, 0x0, 0x0, 0x0, 0x0, 0x0, 0x0, 0xf,
    0xff, 0xff, 0xfb,

    /* U+0042 "B" */
    0xef, 0xff, 0xff, 0xff, 0xff, 0xff, 0xff, 0xfe,
    0xc9, 0x40, 0x0, 0x0, 0xef, 0xff, 0xff, 0xff,
    0xff, 0xff, 0xff, 0xff, 0xff, 0xfc, 0x30, 0x0,
    0xef, 0xff, 0xff, 0xff, 0xff, 0xff, 0xff, 0xff,
    0xff, 0xff, 0xf4, 0x0, 0xef, 0xff, 0xff, 0xff,
    0xff, 0xff, 0xff, 0xff, 0xff, 0xff, 0xff, 0x20,
    0xef, 0xff, 0xff, 0xda, 0xaa, 0xaa, 0xab, 0xef,
    0xff, 0xff, 0xff, 0xa0, 0xef, 0xff, 0xff, 0x90,
    0x0, 0x0, 0x0, 0x7, 0xff, 0xff, 0xff, 0xf0,
    0xef, 0xff, 0xff, 0x90, 0x0, 0x0, 0x0, 0x0,
    0xaf, 0xff, 0xff, 0xf1, 0xef, 0xff, 0xff, 0x90,
    0x0, 0x0, 0x0, 0x0, 0x6f, 0xff, 0xff, 0xf2,
    0xef, 0xff, 0xff, 0x90, 0x0, 0x0, 0x0, 0x0,
    0x5f, 0xff, 0xff, 0xf0, 0xef, 0xff, 0xff, 0x90,
    0x0, 0x0, 0x0, 0x0, 0x7f, 0xff, 0xff, 0xc0,
    0xef, 0xff, 0xff, 0x90, 0x0, 0x0, 0x0, 0x0,
    0xdf, 0xff, 0xff, 0x50, 0xef, 0xff, 0xff, 0x90,
    0x0, 0x0, 0x1, 0x4c, 0xff, 0xff, 0xf9, 0x0,
    0xef, 0xff, 0xff, 0xff, 0xff, 0xff, 0xff, 0xff,
    0xff, 0xff, 0x70, 0x0, 0xef, 0xff, 0xff, 0xff,
    0xff, 0xff, 0xff, 0xff, 0xff, 0xd2, 0x0, 0x0,
    0xef, 0xff, 0xff, 0xff, 0xff, 0xff, 0xff, 0xff,
    0xff, 0xff, 0x70, 0x0, 0xef, 0xff, 0xff, 0xff,
    0xff, 0xff, 0xff, 0xff, 0xff, 0xff, 0xfa, 0x0,
    0xef, 0xff, 0xff, 0xda, 0xaa, 0xaa, 0xaa, 0xdf,
    0xff, 0xff, 0xff, 0x70, 0xef, 0xff, 0xff, 0x90,
    0x0, 0x0, 0x0, 0x4, 0xef, 0xff, 0xff, 0xf2,
    0xef, 0xff, 0xff, 0x90, 0x0, 0x0, 0x0, 0x0,
    0x3f, 0xff, 0xff, 0xf8, 0xef, 0xff, 0xff, 0x90,
    0x0, 0x0, 0x0, 0x0, 0xc, 0xff, 0xff, 0xfc,
    0xef, 0xff, 0xff, 0x90, 0x0, 0x0, 0x0, 0x0,
    0x9, 0xff, 0xff, 0xff, 0xef, 0xff, 0xff, 0x90,
    0x0, 0x0, 0x0, 0x0, 0x9, 0xff, 0xff, 0xff,
    0xef, 0xff, 0xff, 0x90, 0x0, 0x0, 0x0, 0x0,
    0xb, 0xff, 0xff, 0xff, 0xef, 0xff, 0xff, 0x90,
    0x0, 0x0, 0x0, 0x0, 0x2f, 0xff, 0xff, 0xfc,
    0xef, 0xff, 0xff, 0x90, 0x0, 0x0, 0x0, 0x2,
    0xdf, 0xff, 0xff, 0xf8, 0xef, 0xff, 0xff, 0xda,
    0xaa, 0xaa, 0xaa, 0xcf, 0xff, 0xff, 0xff, 0xf2,
    0xef, 0xff, 0xff, 0xff, 0xff, 0xff, 0xff, 0xff,
    0xff, 0xff, 0xff, 0x70, 0xef, 0xff, 0xff, 0xff,
    0xff, 0xff, 0xff, 0xff, 0xff, 0xff, 0xf9, 0x0,
    0xef, 0xff, 0xff, 0xff, 0xff, 0xff, 0xff, 0xff,
    0xff, 0xff, 0x60, 0x0, 0xef, 0xff, 0xff, 0xff,
    0xff, 0xff, 0xff, 0xff, 0xeb, 0x61, 0x0, 0x0,

    /* U+0043 "C" */
    0x0, 0x0, 0x0, 0x0, 0x0, 0x59, 0xce, 0xff,
    0xfe, 0xb8, 0x30, 0x0, 0x0, 0x0, 0x0, 0x0,
    0x0, 0x0, 0x1, 0x8f, 0xff, 0xff, 0xff, 0xff,
    0xff, 0xfd, 0x60, 0x0, 0x0, 0x0, 0x0, 0x0,
    0x0, 0x7f, 0xff, 0xff, 0xff, 0xff, 0xff, 0xff,
    0xff, 0xfd, 0x30, 0x0, 0x0, 0x0, 0x0, 0xb,
    0xff, 0xff, 0xff, 0xff, 0xff, 0xff, 0xff, 0xff,
    0xff, 0xf5, 0x0, 0x0, 0x0, 0x0, 0xcf, 0xff,
    0xff, 0xff, 0xff, 0xff, 0xff, 0xff, 0xff, 0xff,
    0xff, 0x50, 0x0, 0x0, 0xa, 0xff, 0xff, 0xff,
    0xff, 0x95, 0x32, 0x36, 0xaf, 0xff, 0xff, 0xff,
    0xf3, 0x0, 0x0, 0x6f, 0xff, 0xff, 0xff, 0x91,
    0x0, 0x0, 0x0, 0x2, 0xcf, 0xff, 0xff, 0xfc,
    0x0, 0x0, 0xef, 0xff, 0xff, 0xf6, 0x0, 0x0,
    0x0, 0x0, 0x0, 0xb, 0xff, 0xff, 0xff, 0x50,
    0x7, 0xff, 0xff, 0xff, 0x90, 0x0, 0x0, 0x0,
    0x0, 0x0, 0x0, 0xef, 0xff, 0xff, 0xb0, 0xd,
    0xff, 0xff, 0xfe, 0x0, 0x0, 0x0, 0x0, 0x0,
    0x0, 0x0, 0x6f, 0xff, 0xff, 0xf0, 0x2f, 0xff,
    0xff, 0xf8, 0x0, 0x0, 0x0, 0x0, 0x0, 0x0,
    0x0, 0x1f, 0xff, 0xff, 0xf4, 0x6f, 0xff, 0xff,
    0xf3, 0x0, 0x0, 0x0, 0x0, 0x0, 0x0, 0x0,
    0x5, 0x55, 0x55, 0x52, 0x9f, 0xff, 0xff, 0xf0,
    0x0, 0x0, 0x0, 0x0, 0x0, 0x0, 0x0, 0x0,
    0x0, 0x0, 0x0, 0xaf, 0xff, 0xff, 0xd0, 0x0,
    0x0, 0x0, 0x0, 0x0, 0x0, 0x0, 0x0, 0x0,
    0x0, 0x0, 0xbf, 0xff, 0xff, 0xd0, 0x0, 0x0,
    0x0, 0x0, 0x0, 0x0, 0x0, 0x0, 0x0, 0x0,
    0x0, 0xbf, 0xff, 0xff, 0xd0, 0x0, 0x0, 0x0,
    0x0, 0x0, 0x0, 0x0, 0x0, 0x0, 0x0, 0x0,
    0xaf, 0xff, 0xff, 0xe0, 0x0, 0x0, 0x0, 0x0,
    0x0, 0x0, 0x0, 0x0, 0x0, 0x0, 0x0, 0x8f,
    0xff, 0xff, 0xf0, 0x0, 0x0, 0x0, 0x0, 0x0,
    0x0, 0x0, 0x0, 0x0, 0x0, 0x0, 0x5f, 0xff,
    0xff, 0xf4, 0x0, 0x0, 0x0, 0x0, 0x0, 0x0,
    0x0, 0x4, 0x55, 0x55, 0x52, 0x1f, 0xff, 0xff,
    0xfa, 0x0, 0x0, 0x0, 0x0, 0x0, 0x0, 0x0,
    0x1f, 0xff, 0xff, 0xf5, 0xc, 0xff, 0xff, 0xff,
    0x20, 0x0, 0x0, 0x0, 0x0, 0x0, 0x0, 0x7f,
    0xff, 0xff, 0xf1, 0x5, 0xff, 0xff, 0xff, 0xb0,
    0x0, 0x0, 0x0, 0x0, 0x0, 0x1, 0xef, 0xff,
    0xff, 0xc0, 0x0, 0xdf, 0xff, 0xff, 0xf9, 0x0,
    0x0, 0x0, 0x0, 0x0, 0xb, 0xff, 0xff, 0xff,
    0x50, 0x0, 0x4f, 0xff, 0xff, 0xff, 0xb1, 0x0,
    0x0, 0x0, 0x2, 0xcf, 0xff, 0xff, 0xfc, 0x0,
    0x0, 0x8, 0xff, 0xff, 0xff, 0xff, 0xa6, 0x32,
    0x36, 0xaf, 0xff, 0xff, 0xff, 0xf2, 0x0, 0x0,
    0x0, 0xaf, 0xff, 0xff, 0xff, 0xff, 0xff, 0xff,
    0xff, 0xff, 0xff, 0xff, 0x50, 0x0, 0x0, 0x0,
    0x9, 0xff, 0xff, 0xff, 0xff, 0xff, 0xff, 0xff,
    0xff, 0xff, 0xf5, 0x0, 0x0, 0x0, 0x0, 0x0,
    0x5e, 0xff, 0xff, 0xff, 0xff, 0xff, 0xff, 0xff,
    0xfd, 0x30, 0x0, 0x0, 0x0, 0x0, 0x0, 0x0,
    0x7e, 0xff, 0xff, 0xff, 0xff, 0xff, 0xfd, 0x60,
    0x0, 0x0, 0x0, 0x0, 0x0, 0x0, 0x0, 0x0,
    0x48, 0xce, 0xff, 0xfe, 0xb8, 0x30, 0x0, 0x0,
    0x0, 0x0,

    /* U+0044 "D" */
    0xef, 0xff, 0xff, 0xff, 0xff, 0xff, 0xfe, 0xdb,
    0x84, 0x0, 0x0, 0x0, 0x0, 0x0, 0xe, 0xff,
    0xff, 0xff, 0xff, 0xff, 0xff, 0xff, 0xff, 0xff,
    0xa3, 0x0, 0x0, 0x0, 0x0, 0xef, 0xff, 0xff,
    0xff, 0xff, 0xff, 0xff, 0xff, 0xff, 0xff, 0xfb,
    0x20, 0x0, 0x0, 0xe, 0xff, 0xff, 0xff, 0xff,
    0xff, 0xff, 0xff, 0xff, 0xff, 0xff, 0xff, 0x50,
    0x0, 0x0, 0xef, 0xff, 0xff, 0xff, 0xff, 0xff,
    0xff, 0xff, 0xff, 0xff, 0xff, 0xff, 0x60, 0x0,
    0xe, 0xff, 0xff, 0xf9, 0x11, 0x11, 0x11, 0x35,
    0x9e, 0xff, 0xff, 0xff, 0xff, 0x50, 0x0, 0xef,
    0xff, 0xff, 0x90, 0x0, 0x0, 0x0, 0x0, 0x6,
    0xff, 0xff, 0xff, 0xff, 0x20, 0xe, 0xff, 0xff,
    0xf9, 0x0, 0x0, 0x0, 0x0, 0x0, 0x2, 0xdf,
    0xff, 0xff, 0xfb, 0x0, 0xef, 0xff, 0xff, 0x90,
    0x0, 0x0, 0x0, 0x0, 0x0, 0x2, 0xef, 0xff,
    0xff, 0xf3, 0xe, 0xff, 0xff, 0xf9, 0x0, 0x0,
    0x0, 0x0, 0x0, 0x0, 0x6, 0xff, 0xff, 0xff,
    0x90, 0xef, 0xff, 0xff, 0x90, 0x0, 0x0, 0x0,
    0x0, 0x0, 0x0, 0xd, 0xff, 0xff, 0xfe, 0xe,
    0xff, 0xff, 0xf9, 0x0, 0x0, 0x0, 0x0, 0x0,
    0x0, 0x0, 0x8f, 0xff, 0xff, 0xf2, 0xef, 0xff,
    0xff, 0x90, 0x0, 0x0, 0x0, 0x0, 0x0, 0x0,
    0x4, 0xff, 0xff, 0xff, 0x5e, 0xff, 0xff, 0xf9,
    0x0, 0x0, 0x0, 0x0, 0x0, 0x0, 0x0, 0x2f,
    0xff, 0xff, 0xf6, 0xef, 0xff, 0xff, 0x90, 0x0,
    0x0, 0x0, 0x0, 0x0, 0x0, 0x1, 0xff, 0xff,
    0xff, 0x7e, 0xff, 0xff, 0xf9, 0x0, 0x0, 0x0,
    0x0, 0x0, 0x0, 0x0, 0x1f, 0xff, 0xff, 0xf7,
    0xef, 0xff, 0xff, 0x90, 0x0, 0x0, 0x0, 0x0,
    0x0, 0x0, 0x2, 0xff, 0xff, 0xff, 0x6e, 0xff,
    0xff, 0xf9, 0x0, 0x0, 0x0, 0x0, 0x0, 0x0,
    0x0, 0x5f, 0xff, 0xff, 0xf4, 0xef, 0xff, 0xff,
    0x90, 0x0, 0x0, 0x0, 0x0, 0x0, 0x0, 0x9,
    0xff, 0xff, 0xff, 0x1e, 0xff, 0xff, 0xf9, 0x0,
    0x0, 0x0, 0x0, 0x0, 0x0, 0x0, 0xff, 0xff,
    0xff, 0xd0, 0xef, 0xff, 0xff, 0x90, 0x0, 0x0,
    0x0, 0x0, 0x0, 0x0, 0x8f, 0xff, 0xff, 0xf8,
    0xe, 0xff, 0xff, 0xf9, 0x0, 0x0, 0x0, 0x0,
    0x0, 0x0, 0x3f, 0xff, 0xff, 0xff, 0x20, 0xef,
    0xff, 0xff, 0x90, 0x0, 0x0, 0x0, 0x0, 0x0,
    0x3f, 0xff, 0xff, 0xff, 0x90, 0xe, 0xff, 0xff,
    0xf9, 0x0, 0x0, 0x0, 0x0, 0x0, 0x8f, 0xff,
    0xff, 0xff, 0xe1, 0x0, 0xef, 0xff, 0xff, 0x91,
    0x11, 0x11, 0x13, 0x5a, 0xff, 0xff, 0xff, 0xff,
    0xf4, 0x0, 0xe, 0xff, 0xff, 0xff, 0xff, 0xff,
    0xff, 0xff, 0xff, 0xff, 0xff, 0xff, 0xf5, 0x0,
    0x0, 0xef, 0xff, 0xff, 0xff, 0xff, 0xff, 0xff,
    0xff, 0xff, 0xff, 0xff, 0xe3, 0x0, 0x0, 0xe,
    0xff, 0xff, 0xff, 0xff, 0xff, 0xff, 0xff, 0xff,
    0xff, 0xff, 0xa1, 0x0, 0x0, 0x0, 0xef, 0xff,
    0xff, 0xff, 0xff, 0xff, 0xff, 0xff, 0xff, 0xf9,
    0x20, 0x0, 0x0, 0x0, 0xe, 0xff, 0xff, 0xff,
    0xff, 0xff, 0xff, 0xed, 0xb8, 0x40, 0x0, 0x0,
    0x0, 0x0, 0x0,

    /* U+0045 "E" */
    0xef, 0xff, 0xff, 0xff, 0xff, 0xff, 0xff, 0xff,
    0xff, 0xff, 0xff, 0x1e, 0xff, 0xff, 0xff, 0xff,
    0xff, 0xff, 0xff, 0xff, 0xff, 0xff, 0xf1, 0xef,
    0xff, 0xff, 0xff, 0xff, 0xff, 0xff, 0xff, 0xff,
    0xff, 0xff, 0x1e, 0xff, 0xff, 0xff, 0xff, 0xff,
    0xff, 0xff, 0xff, 0xff, 0xff, 0xf1, 0xef, 0xff,
    0xff, 0xff, 0xff, 0xff, 0xff, 0xff, 0xff, 0xff,
    0xff, 0x1e, 0xff, 0xff, 0xf9, 0x0, 0x0, 0x0,
    0x0, 0x0, 0x0, 0x0, 0x0, 0xef, 0xff, 0xff,
    0x90, 0x0, 0x0, 0x0, 0x0, 0x0, 0x0, 0x0,
    0xe, 0xff, 0xff, 0xf9, 0x0, 0x0, 0x0, 0x0,
    0x0, 0x0, 0x0, 0x0, 0xef, 0xff, 0xff, 0x90,
    0x0, 0x0, 0x0, 0x0, 0x0, 0x0, 0x0, 0xe,
    0xff, 0xff, 0xf9, 0x0, 0x0, 0x0, 0x0, 0x0,
    0x0, 0x0, 0x0, 0xef, 0xff, 0xff, 0x90, 0x0,
    0x0, 0x0, 0x0, 0x0, 0x0, 0x0, 0xe, 0xff,
    0xff, 0xf9, 0x0, 0x0, 0x0, 0x0, 0x0, 0x0,
    0x0, 0x0, 0xef, 0xff, 0xff, 0xff, 0xff, 0xff,
    0xff, 0xff, 0xff, 0xff, 0xf2, 0xe, 0xff, 0xff,
    0xff, 0xff, 0xff, 0xff, 0xff, 0xff, 0xff, 0xff,
    0x20, 0xef, 0xff, 0xff, 0xff, 0xff, 0xff, 0xff,
    0xff, 0xff, 0xff, 0xf2, 0xe, 0xff, 0xff, 0xff,
    0xff, 0xff, 0xff, 0xff, 0xff, 0xff, 0xff, 0x20,
    0xef, 0xff, 0xff, 0xfe, 0xee, 0xee, 0xee, 0xee,
    0xee, 0xee, 0xe2, 0xe, 0xff, 0xff, 0xf9, 0x0,
    0x0, 0x0, 0x0, 0x0, 0x0, 0x0, 0x0, 0xef,
    0xff, 0xff, 0x90, 0x0, 0x0, 0x0, 0x0, 0x0,
    0x0, 0x0, 0xe, 0xff, 0xff, 0xf9, 0x0, 0x0,
    0x0, 0x0, 0x0, 0x0, 0x0, 0x0, 0xef, 0xff,
    0xff, 0x90, 0x0, 0x0, 0x0, 0x0, 0x0, 0x0,
    0x0, 0xe, 0xff, 0xff, 0xf9, 0x0, 0x0, 0x0,
    0x0, 0x0, 0x0, 0x0, 0x0, 0xef, 0xff, 0xff,
    0x90, 0x0, 0x0, 0x0, 0x0, 0x0, 0x0, 0x0,
    0xe, 0xff, 0xff, 0xf9, 0x0, 0x0, 0x0, 0x0,
    0x0, 0x0, 0x0, 0x0, 0xef, 0xff, 0xff, 0x90,
    0x0, 0x0, 0x0, 0x0, 0x0, 0x0, 0x0, 0xe,
    0xff, 0xff, 0xff, 0xff, 0xff, 0xff, 0xff, 0xff,
    0xff, 0xff, 0xf9, 0xef, 0xff, 0xff, 0xff, 0xff,
    0xff, 0xff, 0xff, 0xff, 0xff, 0xff, 0x9e, 0xff,
    0xff, 0xff, 0xff, 0xff, 0xff, 0xff, 0xff, 0xff,
    0xff, 0xf9, 0xef, 0xff, 0xff, 0xff, 0xff, 0xff,
    0xff, 0xff, 0xff, 0xff, 0xff, 0x9e, 0xff, 0xff,
    0xff, 0xff, 0xff, 0xff, 0xff, 0xff, 0xff, 0xff,
    0xf9,

    /* U+0046 "F" */
    0xef, 0xff, 0xff, 0xff, 0xff, 0xff, 0xff, 0xff,
    0xff, 0xff, 0xf7, 0xef, 0xff, 0xff, 0xff, 0xff,
    0xff, 0xff, 0xff, 0xff, 0xff, 0xf7, 0xef, 0xff,
    0xff, 0xff, 0xff, 0xff, 0xff, 0xff, 0xff, 0xff,
    0xf7, 0xef, 0xff, 0xff, 0xff, 0xff, 0xff, 0xff,
    0xff, 0xff, 0xff, 0xf7, 0xef, 0xff, 0xff, 0xff,
    0xff, 0xff, 0xff, 0xff, 0xff, 0xff, 0xf6, 0xef,
    0xff, 0xff, 0x90, 0x0, 0x0, 0x0, 0x0, 0x0,
    0x0, 0x0, 0xef, 0xff, 0xff, 0x90, 0x0, 0x0,
    0x0, 0x0, 0x0, 0x0, 0x0, 0xef, 0xff, 0xff,
    0x90, 0x0, 0x0, 0x0, 0x0, 0x0, 0x0, 0x0,
    0xef, 0xff, 0xff, 0x90, 0x0, 0x0, 0x0, 0x0,
    0x0, 0x0, 0x0, 0xef, 0xff, 0xff, 0x90, 0x0,
    0x0, 0x0, 0x0, 0x0, 0x0, 0x0, 0xef, 0xff,
    0xff, 0x90, 0x0, 0x0, 0x0, 0x0, 0x0, 0x0,
    0x0, 0xef, 0xff, 0xff, 0x90, 0x0, 0x0, 0x0,
    0x0, 0x0, 0x0, 0x0, 0xef, 0xff, 0xff, 0x90,
    0x0, 0x0, 0x0, 0x0, 0x0, 0x0, 0x0, 0xef,
    0xff, 0xff, 0xff, 0xff, 0xff, 0xff, 0xff, 0xff,
    0xff, 0x70, 0xef, 0xff, 0xff, 0xff, 0xff, 0xff,
    0xff, 0xff, 0xff, 0xff, 0x70, 0xef, 0xff, 0xff,
    0xff, 0xff, 0xff, 0xff, 0xff, 0xff, 0xff, 0x70,
    0xef, 0xff, 0xff, 0xff, 0xff, 0xff, 0xff, 0xff,
    0xff, 0xff, 0x70, 0xef, 0xff, 0xff, 0xff, 0xff,
    0xff, 0xff, 0xff, 0xff, 0xff, 0x70, 0xef, 0xff,
    0xff, 0x90, 0x0, 0x0, 0x0, 0x0, 0x0, 0x0,
    0x0, 0xef, 0xff, 0xff, 0x90, 0x0, 0x0, 0x0,
    0x0, 0x0, 0x0, 0x0, 0xef, 0xff, 0xff, 0x90,
    0x0, 0x0, 0x0, 0x0, 0x0, 0x0, 0x0, 0xef,
    0xff, 0xff, 0x90, 0x0, 0x0, 0x0, 0x0, 0x0,
    0x0, 0x0, 0xef, 0xff, 0xff, 0x90, 0x0, 0x0,
    0x0, 0x0, 0x0, 0x0, 0x0, 0xef, 0xff, 0xff,
    0x90, 0x0, 0x0, 0x0, 0x0, 0x0, 0x0, 0x0,
    0xef, 0xff, 0xff, 0x90, 0x0, 0x0, 0x0, 0x0,
    0x0, 0x0, 0x0, 0xef, 0xff, 0xff, 0x90, 0x0,
    0x0, 0x0, 0x0, 0x0, 0x0, 0x0, 0xef, 0xff,
    0xff, 0x90, 0x0, 0x0, 0x0, 0x0, 0x0, 0x0,
    0x0, 0xef, 0xff, 0xff, 0x90, 0x0, 0x0, 0x0,
    0x0, 0x0, 0x0, 0x0, 0xef, 0xff, 0xff, 0x90,
    0x0, 0x0, 0x0, 0x0, 0x0, 0x0, 0x0, 0xef,
    0xff, 0xff, 0x90, 0x0, 0x0, 0x0, 0x0, 0x0,
    0x0, 0x0,

    /* U+0047 "G" */
    0x0, 0x0, 0x0, 0x0, 0x0, 0x59, 0xce, 0xff,
    0xfe, 0xc9, 0x50, 0x0, 0x0, 0x0, 0x0, 0x0,
    0x0, 0x0, 0x1, 0x9f, 0xff, 0xff, 0xff, 0xff,
    0xff, 0xff, 0x92, 0x0, 0x0, 0x0, 0x0, 0x0,
    0x0, 0x7f, 0xff, 0xff, 0xff, 0xff, 0xff, 0xff,
    0xff, 0xff, 0x80, 0x0, 0x0, 0x0, 0x0, 0xb,
    0xff, 0xff, 0xff, 0xff, 0xff, 0xff, 0xff, 0xff,
    0xff, 0xfc, 0x0, 0x0, 0x0, 0x0, 0xcf, 0xff,
    0xff, 0xff, 0xff, 0xff, 0xff, 0xff, 0xff, 0xff,
    0xff, 0xc0, 0x0, 0x0, 0xa, 0xff, 0xff, 0xff,
    0xff, 0xa5, 0x32, 0x35, 0x8e, 0xff, 0xff, 0xff,
    0xf9, 0x0, 0x0, 0x6f, 0xff, 0xff, 0xff, 0xa1,
    0x0, 0x0, 0x0, 0x0, 0x7f, 0xff, 0xff, 0xff,
    0x20, 0x0, 0xef, 0xff, 0xff, 0xf7, 0x0, 0x0,
    0x0, 0x0, 0x0, 0x6, 0xff, 0xff, 0xff, 0x90,
    0x7, 0xff, 0xff, 0xff, 0xa0, 0x0, 0x0, 0x0,
    0x0, 0x0, 0x0, 0xbf, 0xff, 0xff, 0xe0, 0xd,
    0xff, 0xff, 0xff, 0x10, 0x0, 0x0, 0x0, 0x0,
    0x0, 0x0, 0x5c, 0xcc, 0xcc, 0xc1, 0x2f, 0xff,
    0xff, 0xf8, 0x0, 0x0, 0x0, 0x0, 0x0, 0x0,
    0x0, 0x0, 0x0, 0x0, 0x0, 0x6f, 0xff, 0xff,
    0xf3, 0x0, 0x0, 0x0, 0x0, 0x0, 0x0, 0x0,
    0x0, 0x0, 0x0, 0x0, 0x9f, 0xff, 0xff, 0xf0,
    0x0, 0x0, 0x0, 0x0, 0x0, 0x0, 0x0, 0x0,
    0x0, 0x0, 0x0, 0xaf, 0xff, 0xff, 0xe0, 0x0,
    0x0, 0x0, 0x0, 0xbf, 0xff, 0xff, 0xff, 0xff,
    0xff, 0xf7, 0xbf, 0xff, 0xff, 0xd0, 0x0, 0x0,
    0x0, 0x0, 0xbf, 0xff, 0xff, 0xff, 0xff, 0xff,
    0xf7, 0xbf, 0xff, 0xff, 0xd0, 0x0, 0x0, 0x0,
    0x0, 0xbf, 0xff, 0xff, 0xff, 0xff, 0xff, 0xf7,
    0xaf, 0xff, 0xff, 0xe0, 0x0, 0x0, 0x0, 0x0,
    0xbf, 0xff, 0xff, 0xff, 0xff, 0xff, 0xf7, 0x9f,
    0xff, 0xff, 0xf0, 0x0, 0x0, 0x0, 0x0, 0xbf,
    0xff, 0xff, 0xff, 0xff, 0xff, 0xf7, 0x6f, 0xff,
    0xff, 0xf3, 0x0, 0x0, 0x0, 0x0, 0x0, 0x0,
    0x0, 0xf, 0xff, 0xff, 0xf7, 0x3f, 0xff, 0xff,
    0xf8, 0x0, 0x0, 0x0, 0x0, 0x0, 0x0, 0x0,
    0xf, 0xff, 0xff, 0xf7, 0xe, 0xff, 0xff, 0xfe,
    0x10, 0x0, 0x0, 0x0, 0x0, 0x0, 0x0, 0xf,
    0xff, 0xff, 0xf7, 0x8, 0xff, 0xff, 0xff, 0x90,
    0x0, 0x0, 0x0, 0x0, 0x0, 0x0, 0xf, 0xff,
    0xff, 0xf7, 0x1, 0xff, 0xff, 0xff, 0xf7, 0x0,
    0x0, 0x0, 0x0, 0x0, 0x0, 0xf, 0xff, 0xff,
    0xf7, 0x0, 0x7f, 0xff, 0xff, 0xff, 0xa1, 0x0,
    0x0, 0x0, 0x0, 0x1, 0xbf, 0xff, 0xff, 0xf7,
    0x0, 0xb, 0xff, 0xff, 0xff, 0xff, 0xa6, 0x31,
    0x12, 0x36, 0xaf, 0xff, 0xff, 0xff, 0xf7, 0x0,
    0x1, 0xdf, 0xff, 0xff, 0xff, 0xff, 0xff, 0xff,
    0xff, 0xff, 0xff, 0xff, 0xff, 0xc1, 0x0, 0x0,
    0x1c, 0xff, 0xff, 0xff, 0xff, 0xff, 0xff, 0xff,
    0xff, 0xff, 0xff, 0xfa, 0x0, 0x0, 0x0, 0x0,
    0x7f, 0xff, 0xff, 0xff, 0xff, 0xff, 0xff, 0xff,
    0xff, 0xfe, 0x50, 0x0, 0x0, 0x0, 0x0, 0x1,
    0x8e, 0xff, 0xff, 0xff, 0xff, 0xff, 0xff, 0xfd,
    0x60, 0x0, 0x0, 0x0, 0x0, 0x0, 0x0, 0x0,
    0x48, 0xbd, 0xff, 0xff, 0xec, 0xa6, 0x20, 0x0,
    0x0, 0x0,

    /* U+0048 "H" */
    0xef, 0xff, 0xff, 0x90, 0x0, 0x0, 0x0, 0x0,
    0x0, 0x5, 0xff, 0xff, 0xff, 0x2e, 0xff, 0xff,
    0xf9, 0x0, 0x0, 0x0, 0x0, 0x0, 0x0, 0x5f,
    0xff, 0xff, 0xf2, 0xef, 0xff, 0xff, 0x90, 0x0,
    0x0, 0x0, 0x0, 0x0, 0x5, 0xff, 0xff, 0xff,
    0x2e, 0xff, 0xff, 0xf9, 0x0, 0x0, 0x0, 0x0,
    0x0, 0x0, 0x5f, 0xff, 0xff, 0xf2, 0xef, 0xff,
    0xff, 0x90, 0x0, 0x0, 0x0, 0x0, 0x0, 0x5,
    0xff, 0xff, 0xff, 0x2e, 0xff, 0xff, 0xf9, 0x0,
    0x0, 0x0, 0x0, 0x0, 0x0, 0x5f, 0xff, 0xff,
    0xf2, 0xef, 0xff, 0xff, 0x90, 0x0, 0x0, 0x0,
    0x0, 0x0, 0x5, 0xff, 0xff, 0xff, 0x2e, 0xff,
    0xff, 0xf9, 0x0, 0x0, 0x0, 0x0, 0x0, 0x0,
    0x5f, 0xff, 0xff, 0xf2, 0xef, 0xff, 0xff, 0x90,
    0x0, 0x0, 0x0, 0x0, 0x0, 0x5, 0xff, 0xff,
    0xff, 0x2e, 0xff, 0xff, 0xf9, 0x0, 0x0, 0x0,
    0x0, 0x0, 0x0, 0x5f, 0xff, 0xff, 0xf2, 0xef,
    0xff, 0xff, 0x90, 0x0, 0x0, 0x0, 0x0, 0x0,
    0x5, 0xff, 0xff, 0xff, 0x2e, 0xff, 0xff, 0xf9,
    0x0, 0x0, 0x0, 0x0, 0x0, 0x0, 0x5f, 0xff,
    0xff, 0xf2, 0xef, 0xff, 0xff, 0xff, 0xff, 0xff,
    0xff, 0xff, 0xff, 0xff, 0xff, 0xff, 0xff, 0x2e,
    0xff, 0xff, 0xff, 0xff, 0xff, 0xff, 0xff, 0xff,
    0xff, 0xff, 0xff, 0xff, 0xf2, 0xef, 0xff, 0xff,
    0xff, 0xff, 0xff, 0xff, 0xff, 0xff, 0xff, 0xff,
    0xff, 0xff, 0x2e, 0xff, 0xff, 0xff, 0xff, 0xff,
    0xff, 0xff, 0xff, 0xff, 0xff, 0xff, 0xff, 0xf2,
    0xef, 0xff, 0xff, 0xff, 0xff, 0xff, 0xff, 0xff,
    0xff, 0xff, 0xff, 0xff, 0xff, 0x2e, 0xff, 0xff,
    0xf9, 0x0, 0x0, 0x0, 0x0, 0x0, 0x0, 0x5f,
    0xff, 0xff, 0xf2, 0xef, 0xff, 0xff, 0x90, 0x0,
    0x0, 0x0, 0x0, 0x0, 0x5, 0xff, 0xff, 0xff,
    0x2e, 0xff, 0xff, 0xf9, 0x0, 0x0, 0x0, 0x0,
    0x0, 0x0, 0x5f, 0xff, 0xff, 0xf2, 0xef, 0xff,
    0xff, 0x90, 0x0, 0x0, 0x0, 0x0, 0x0, 0x5,
    0xff, 0xff, 0xff, 0x2e, 0xff, 0xff, 0xf9, 0x0,
    0x0, 0x0, 0x0, 0x0, 0x0, 0x5f, 0xff, 0xff,
    0xf2, 0xef, 0xff, 0xff, 0x90, 0x0, 0x0, 0x0,
    0x0, 0x0, 0x5, 0xff, 0xff, 0xff, 0x2e, 0xff,
    0xff, 0xf9, 0x0, 0x0, 0x0, 0x0, 0x0, 0x0,
    0x5f, 0xff, 0xff, 0xf2, 0xef, 0xff, 0xff, 0x90,
    0x0, 0x0, 0x0, 0x0, 0x0, 0x5, 0xff, 0xff,
    0xff, 0x2e, 0xff, 0xff, 0xf9, 0x0, 0x0, 0x0,
    0x0, 0x0, 0x0, 0x5f, 0xff, 0xff, 0xf2, 0xef,
    0xff, 0xff, 0x90, 0x0, 0x0, 0x0, 0x0, 0x0,
    0x5, 0xff, 0xff, 0xff, 0x2e, 0xff, 0xff, 0xf9,
    0x0, 0x0, 0x0, 0x0, 0x0, 0x0, 0x5f, 0xff,
    0xff, 0xf2, 0xef, 0xff, 0xff, 0x90, 0x0, 0x0,
    0x0, 0x0, 0x0, 0x5, 0xff, 0xff, 0xff, 0x2e,
    0xff, 0xff, 0xf9, 0x0, 0x0, 0x0, 0x0, 0x0,
    0x0, 0x5f, 0xff, 0xff, 0xf2,

    /* U+0049 "I" */
    0xef, 0xff, 0xff, 0x9e, 0xff, 0xff, 0xf9, 0xef,
    0xff, 0xff, 0x9e, 0xff, 0xff, 0xf9, 0xef, 0xff,
    0xff, 0x9e, 0xff, 0xff, 0xf9, 0xef, 0xff, 0xff,
    0x9e, 0xff, 0xff, 0xf9, 0xef, 0xff, 0xff, 0x9e,
    0xff, 0xff, 0xf9, 0xef, 0xff, 0xff, 0x9e, 0xff,
    0xff, 0xf9, 0xef, 0xff, 0xff, 0x9e, 0xff, 0xff,
    0xf9, 0xef, 0xff, 0xff, 0x9e, 0xff, 0xff, 0xf9,
    0xef, 0xff, 0xff, 0x9e, 0xff, 0xff, 0xf9, 0xef,
    0xff, 0xff, 0x9e, 0xff, 0xff, 0xf9, 0xef, 0xff,
    0xff, 0x9e, 0xff, 0xff, 0xf9, 0xef, 0xff, 0xff,
    0x9e, 0xff, 0xff, 0xf9, 0xef, 0xff, 0xff, 0x9e,
    0xff, 0xff, 0xf9, 0xef, 0xff, 0xff, 0x9e, 0xff,
    0xff, 0xf9, 0xef, 0xff, 0xff, 0x9e, 0xff, 0xff,
    0xf9,

    /* U+004A "J" */
    0x0, 0x0, 0x0, 0x0, 0x2f, 0xff, 0xff, 0xf5,
    0x0, 0x0, 0x0, 0x0, 0x2f, 0xff, 0xff, 0xf5,
    0x0, 0x0, 0x0, 0x0, 0x2f, 0xff, 0xff, 0xf5,
    0x0, 0x0, 0x0, 0x0, 0x2f, 0xff, 0xff, 0xf5,
    0x0, 0x0, 0x0, 0x0, 0x2f, 0xff, 0xff, 0xf5,
    0x0, 0x0, 0x0, 0x0, 0x2f, 0xff, 0xff, 0xf5,
    0x0, 0x0, 0x0, 0x0, 0x2f, 0xff, 0xff, 0xf5,
    0x0, 0x0, 0x0, 0x0, 0x2f, 0xff, 0xff, 0xf5,
    0x0, 0x0, 0x0, 0x0, 0x2f, 0xff, 0xff, 0xf5,
    0x0, 0x0, 0x0, 0x0, 0x2f, 0xff, 0xff, 0xf5,
    0x0, 0x0, 0x0, 0x0, 0x2f, 0xff, 0xff, 0xf5,
    0x0, 0x0, 0x0, 0x0, 0x2f, 0xff, 0xff, 0xf5,
    0x0, 0x0, 0x0, 0x0, 0x2f, 0xff, 0xff, 0xf5,
    0x0, 0x0, 0x0, 0x0, 0x2f, 0xff, 0xff, 0xf5,
    0x0, 0x0, 0x0, 0x0, 0x2f, 0xff, 0xff, 0xf5,
    0x0, 0x0, 0x0, 0x0, 0x2f, 0xff, 0xff, 0xf5,
    0x0, 0x0, 0x0, 0x0, 0x2f, 0xff, 0xff, 0xf5,
    0x0, 0x0, 0x0, 0x0, 0x2f, 0xff, 0xff, 0xf5,
    0x0, 0x0, 0x0, 0x0, 0x2f, 0xff, 0xff, 0xf5,
    0x0, 0x0, 0x0, 0x0, 0x2f, 0xff, 0xff, 0xf5,
    0x0, 0x0, 0x0, 0x0, 0x2f, 0xff, 0xff, 0xf5,
    0x0, 0x0, 0x0, 0x0, 0x2f, 0xff, 0xff, 0xf5,
    0x0, 0x0, 0x0, 0x0, 0x4f, 0xff, 0xff, 0xf4,
    0x0, 0x0, 0x0, 0x0, 0xaf, 0xff, 0xff, 0xf3,
    0x67, 0x31, 0x12, 0x4a, 0xff, 0xff, 0xff, 0xf0,
    0x9f, 0xff, 0xff, 0xff, 0xff, 0xff, 0xff, 0xa0,
    0x9f, 0xff, 0xff, 0xff, 0xff, 0xff, 0xff, 0x20,
    0x9f, 0xff, 0xff, 0xff, 0xff, 0xff, 0xf5, 0x0,
    0x9f, 0xff, 0xff, 0xff, 0xff, 0xfd, 0x30, 0x0,
    0x28, 0xbe, 0xff, 0xfe, 0xc9, 0x40, 0x0, 0x0,

    /* U+004B "K" */
    0xef, 0xff, 0xff, 0x90, 0x0, 0x0, 0x0, 0x0,
    0x5, 0xff, 0xff, 0xff, 0xff, 0x40, 0xef, 0xff,
    0xff, 0x90, 0x0, 0x0, 0x0, 0x0, 0x4f, 0xff,
    0xff, 0xff, 0xf4, 0x0, 0xef, 0xff, 0xff, 0x90,
    0x0, 0x0, 0x0, 0x3, 0xff, 0xff, 0xff, 0xff,
    0x40, 0x0, 0xef, 0xff, 0xff, 0x90, 0x0, 0x0,
    0x0, 0x3f, 0xff, 0xff, 0xff, 0xf4, 0x0, 0x0,
    0xef, 0xff, 0xff, 0x90, 0x0, 0x0, 0x2, 0xef,
    0xff, 0xff, 0xff, 0x50, 0x0, 0x0, 0xef, 0xff,
    0xff, 0x90, 0x0, 0x0, 0x1e, 0xff, 0xff, 0xff,
    0xf5, 0x0, 0x0, 0x0, 0xef, 0xff, 0xff, 0x90,
    0x0, 0x1, 0xdf, 0xff, 0xff, 0xff, 0x50, 0x0,
    0x0, 0x0, 0xef, 0xff, 0xff, 0x90, 0x0, 0xc,
    0xff, 0xff, 0xff, 0xf6, 0x0, 0x0, 0x0, 0x0,
    0xef, 0xff, 0xff, 0x90, 0x0, 0xcf, 0xff, 0xff,
    0xff, 0x60, 0x0, 0x0, 0x0, 0x0, 0xef, 0xff,
    0xff, 0x90, 0xb, 0xff, 0xff, 0xff, 0xf6, 0x0,
    0x0, 0x0, 0x0, 0x0, 0xef, 0xff, 0xff, 0x90,
    0xaf, 0xff, 0xff, 0xff, 0x60, 0x0, 0x0, 0x0,
    0x0, 0x0, 0xef, 0xff, 0xff, 0x99, 0xff, 0xff,
    0xff, 0xf6, 0x0, 0x0, 0x0, 0x0, 0x0, 0x0,
    0xef, 0xff, 0xff, 0xef, 0xff, 0xff, 0xff, 0x70,
    0x0, 0x0, 0x0, 0x0, 0x0, 0x0, 0xef, 0xff,
    0xff, 0xff, 0xff, 0xff, 0xf7, 0x0, 0x0, 0x0,
    0x0, 0x0, 0x0, 0x0, 0xef, 0xff, 0xff, 0xff,
    0xff, 0xff, 0xd0, 0x0, 0x0, 0x0, 0x0, 0x0,
    0x0, 0x0, 0xef, 0xff, 0xff, 0xff, 0xff, 0xff,
    0xfa, 0x0, 0x0, 0x0, 0x0, 0x0, 0x0, 0x0,
    0xef, 0xff, 0xff, 0xef, 0xff, 0xff, 0xff, 0x90,
    0x0, 0x0, 0x0, 0x0, 0x0, 0x0, 0xef, 0xff,
    0xff, 0x98, 0xff, 0xff, 0xff, 0xf8, 0x0, 0x0,
    0x0, 0x0, 0x0, 0x0, 0xef, 0xff, 0xff, 0x90,
    0xaf, 0xff, 0xff, 0xff, 0x80, 0x0, 0x0, 0x0,
    0x0, 0x0, 0xef, 0xff, 0xff, 0x90, 0xb, 0xff,
    0xff, 0xff, 0xf7, 0x0, 0x0, 0x0, 0x0, 0x0,
    0xef, 0xff, 0xff, 0x90, 0x0, 0xcf, 0xff, 0xff,
    0xff, 0x70, 0x0, 0x0, 0x0, 0x0, 0xef, 0xff,
    0xff, 0x90, 0x0, 0x1d, 0xff, 0xff, 0xff, 0xf6,
    0x0, 0x0, 0x0, 0x0, 0xef, 0xff, 0xff, 0x90,
    0x0, 0x1, 0xef, 0xff, 0xff, 0xff, 0x50, 0x0,
    0x0, 0x0, 0xef, 0xff, 0xff, 0x90, 0x0, 0x0,
    0x2e, 0xff, 0xff, 0xff, 0xf5, 0x0, 0x0, 0x0,
    0xef, 0xff, 0xff, 0x90, 0x0, 0x0, 0x3, 0xff,
    0xff, 0xff, 0xff, 0x40, 0x0, 0x0, 0xef, 0xff,
    0xff, 0x90, 0x0, 0x0, 0x0, 0x4f, 0xff, 0xff,
    0xff, 0xf4, 0x0, 0x0, 0xef, 0xff, 0xff, 0x90,
    0x0, 0x0, 0x0, 0x6, 0xff, 0xff, 0xff, 0xff,
    0x30, 0x0, 0xef, 0xff, 0xff, 0x90, 0x0, 0x0,
    0x0, 0x0, 0x7f, 0xff, 0xff, 0xff, 0xf3, 0x0,
    0xef, 0xff, 0xff, 0x90, 0x0, 0x0, 0x0, 0x0,
    0x9, 0xff, 0xff, 0xff, 0xfe, 0x30, 0xef, 0xff,
    0xff, 0x90, 0x0, 0x0, 0x0, 0x0, 0x0, 0xaf,
    0xff, 0xff, 0xff, 0xe2,

    /* U+004C "L" */
    0xef, 0xff, 0xff, 0x90, 0x0, 0x0, 0x0, 0x0,
    0x0, 0x0, 0x0, 0xef, 0xff, 0xff, 0x90, 0x0,
    0x0, 0x0, 0x0, 0x0, 0x0, 0x0, 0xef, 0xff,
    0xff, 0x90, 0x0, 0x0, 0x0, 0x0, 0x0, 0x0,
    0x0, 0xef, 0xff, 0xff, 0x90, 0x0, 0x0, 0x0,
    0x0, 0x0, 0x0, 0x0, 0xef, 0xff, 0xff, 0x90,
    0x0, 0x0, 0x0, 0x0, 0x0, 0x0, 0x0, 0xef,
    0xff, 0xff, 0x90, 0x0, 0x0, 0x0, 0x0, 0x0,
    0x0, 0x0, 0xef, 0xff, 0xff, 0x90, 0x0, 0x0,
    0x0, 0x0, 0x0, 0x0, 0x0, 0xef, 0xff, 0xff,
    0x90, 0x0, 0x0, 0x0, 0x0, 0x0, 0x0, 0x0,
    0xef, 0xff, 0xff, 0x90, 0x0, 0x0, 0x0, 0x0,
    0x0, 0x0, 0x0, 0xef, 0xff, 0xff, 0x90, 0x0,
    0x0, 0x0, 0x0, 0x0, 0x0, 0x0, 0xef, 0xff,
    0xff, 0x90, 0x0, 0x0, 0x0, 0x0, 0x0, 0x0,
    0x0, 0xef, 0xff, 0xff, 0x90, 0x0, 0x0, 0x0,
    0x0, 0x0, 0x0, 0x0, 0xef, 0xff, 0xff, 0x90,
    0x0, 0x0, 0x0, 0x0, 0x0, 0x0, 0x0, 0xef,
    0xff, 0xff, 0x90, 0x0, 0x0, 0x0, 0x0, 0x0,
    0x0, 0x0, 0xef, 0xff, 0xff, 0x90, 0x0, 0x0,
    0x0, 0x0, 0x0, 0x0, 0x0, 0xef, 0xff, 0xff,
    0x90, 0x0, 0x0, 0x0, 0x0, 0x0, 0x0, 0x0,
    0xef, 0xff, 0xff, 0x90, 0x0, 0x0, 0x0, 0x0,
    0x0, 0x0, 0x0, 0xef, 0xff, 0xff, 0x90, 0x0,
    0x0, 0x0, 0x0, 0x0, 0x0, 0x0, 0xef, 0xff,
    0xff, 0x90, 0x0, 0x0, 0x0, 0x0, 0x0, 0x0,
    0x0, 0xef, 0xff, 0xff, 0x90, 0x0, 0x0, 0x0,
    0x0, 0x0, 0x0, 0x0, 0xef, 0xff, 0xff, 0x90,
    0x0, 0x0, 0x0, 0x0, 0x0, 0x0, 0x0, 0xef,
    0xff, 0xff, 0x90, 0x0, 0x0, 0x0, 0x0, 0x0,
    0x0, 0x0, 0xef, 0xff, 0xff, 0x90, 0x0, 0x0,
    0x0, 0x0, 0x0, 0x0, 0x0, 0xef, 0xff, 0xff,
    0x90, 0x0, 0x0, 0x0, 0x0, 0x0, 0x0, 0x0,
    0xef, 0xff, 0xff, 0x90, 0x0, 0x0, 0x0, 0x0,
    0x0, 0x0, 0x0, 0xef, 0xff, 0xff, 0xff, 0xff,
    0xff, 0xff, 0xff, 0xff, 0xff, 0xf1, 0xef, 0xff,
    0xff, 0xff, 0xff, 0xff, 0xff, 0xff, 0xff, 0xff,
    0xf1, 0xef, 0xff, 0xff, 0xff, 0xff, 0xff, 0xff,
    0xff, 0xff, 0xff, 0xf1, 0xef, 0xff, 0xff, 0xff,
    0xff, 0xff, 0xff, 0xff, 0xff, 0xff, 0xf1, 0xef,
    0xff, 0xff, 0xff, 0xff, 0xff, 0xff, 0xff, 0xff,
    0xff, 0xf1,

    /* U+004D "M" */
    0xef, 0xff, 0xff, 0xff, 0xff, 0x50, 0x0, 0x0,
    0x0, 0x0, 0x0, 0xd, 0xff, 0xff, 0xff, 0xff,
    0xf7, 0xef, 0xff, 0xff, 0xff, 0xff, 0xa0, 0x0,
    0x0, 0x0, 0x0, 0x0, 0x1f, 0xff, 0xff, 0xff,
    0xff, 0xf7, 0xef, 0xff, 0xff, 0xff, 0xff, 0xe0,
    0x0, 0x0, 0x0, 0x0, 0x0, 0x6f, 0xff, 0xff,
    0xff, 0xff, 0xf7, 0xef, 0xff, 0xff, 0xff, 0xff,
    0xf3, 0x0, 0x0, 0x0, 0x0, 0x0, 0xbf, 0xff,
    0xff, 0xff, 0xff, 0xf7, 0xef, 0xff, 0xff, 0xff,
    0xff, 0xf7, 0x0, 0x0, 0x0, 0x0, 0x0, 0xff,
    0xff, 0xff, 0xff, 0xff, 0xf7, 0xef, 0xff, 0xff,
    0xef, 0xff, 0xfc, 0x0, 0x0, 0x0, 0x0, 0x4,
    0xff, 0xff, 0xff, 0xff, 0xff, 0xf7, 0xef, 0xff,
    0xff, 0xaf, 0xff, 0xff, 0x10, 0x0, 0x0, 0x0,
    0x9, 0xff, 0xff, 0xbf, 0xff, 0xff, 0xf7, 0xef,
    0xff, 0xff, 0x5f, 0xff, 0xff, 0x50, 0x0, 0x0,
    0x0, 0xd, 0xff, 0xff, 0x6f, 0xff, 0xff, 0xf7,
    0xef, 0xff, 0xff, 0x3d, 0xff, 0xff, 0xa0, 0x0,
    0x0, 0x0, 0x2f, 0xff, 0xff, 0x1f, 0xff, 0xff,
    0xf7, 0xef, 0xff, 0xff, 0x39, 0xff, 0xff, 0xe0,
    0x0, 0x0, 0x0, 0x7f, 0xff, 0xfd, 0xf, 0xff,
    0xff, 0xf7, 0xef, 0xff, 0xff, 0x34, 0xff, 0xff,
    0xf3, 0x0, 0x0, 0x0, 0xbf, 0xff, 0xf8, 0xf,
    0xff, 0xff, 0xf7, 0xef, 0xff, 0xff, 0x30, 0xff,
    0xff, 0xf8, 0x0, 0x0, 0x0, 0xff, 0xff, 0xf4,
    0xf, 0xff, 0xff, 0xf7, 0xef, 0xff, 0xff, 0x30,
    0xbf, 0xff, 0xfd, 0x0, 0x0, 0x4, 0xff, 0xff,
    0xf0, 0xf, 0xff, 0xff, 0xf7, 0xef, 0xff, 0xff,
    0x30, 0x6f, 0xff, 0xff, 0x10, 0x0, 0x9, 0xff,
    0xff, 0xb0, 0xf, 0xff, 0xff, 0xf7, 0xef, 0xff,
    0xff, 0x30, 0x2f, 0xff, 0xff, 0x60, 0x0, 0xe,
    0xff, 0xff, 0x60, 0xf, 0xff, 0xff, 0xf7, 0xef,
    0xff, 0xff, 0x30, 0xd, 0xff, 0xff, 0xb0, 0x0,
    0x2f, 0xff, 0xff, 0x10, 0xf, 0xff, 0xff, 0xf7,
    0xef, 0xff, 0xff, 0x30, 0x9, 0xff, 0xff, 0xf0,
    0x0, 0x7f, 0xff, 0xfd, 0x0, 0xf, 0xff, 0xff,
    0xf7, 0xef, 0xff, 0xff, 0x30, 0x4, 0xff, 0xff,
    0xf4, 0x0, 0xcf, 0xff, 0xf8, 0x0, 0xf, 0xff,
    0xff, 0xf7, 0xef, 0xff, 0xff, 0x30, 0x0, 0xff,
    0xff, 0xf8, 0x1, 0xff, 0xff, 0xf4, 0x0, 0xf,
    0xff, 0xff, 0xf7, 0xef, 0xff, 0xff, 0x30, 0x0,
    0xbf, 0xff, 0xfd, 0x5, 0xff, 0xff, 0xf0, 0x0,
    0xf, 0xff, 0xff, 0xf7, 0xef, 0xff, 0xff, 0x30,
    0x0, 0x6f, 0xff, 0xff, 0x2a, 0xff, 0xff, 0xa0,
    0x0, 0xf, 0xff, 0xff, 0xf7, 0xef, 0xff, 0xff,
    0x30, 0x0, 0x2f, 0xff, 0xff, 0x6e, 0xff, 0xff,
    0x60, 0x0, 0xf, 0xff, 0xff, 0xf7, 0xef, 0xff,
    0xff, 0x30, 0x0, 0xd, 0xff, 0xff, 0xef, 0xff,
    0xff, 0x10, 0x0, 0xf, 0xff, 0xff, 0xf7, 0xef,
    0xff, 0xff, 0x30, 0x0, 0x9, 0xff, 0xff, 0xff,
    0xff, 0xfd, 0x0, 0x0, 0xf, 0xff, 0xff, 0xf7,
    0xef, 0xff, 0xff, 0x30, 0x0, 0x4, 0xff, 0xff,
    0xff, 0xff, 0xf8, 0x0, 0x0, 0xf, 0xff, 0xff,
    0xf7, 0xef, 0xff, 0xff, 0x30, 0x0, 0x0, 0xff,
    0xff, 0xff, 0xff, 0xf4, 0x0, 0x0, 0xf, 0xff,
    0xff, 0xf7, 0xef, 0xff, 0xff, 0x30, 0x0, 0x0,
    0xbf, 0xff, 0xff, 0xff, 0xf0, 0x0, 0x0, 0xf,
    0xff, 0xff, 0xf7, 0xef, 0xff, 0xff, 0x30, 0x0,
    0x0, 0x6f, 0xff, 0xff, 0xff, 0xa0, 0x0, 0x0,
    0xf, 0xff, 0xff, 0xf7, 0xef, 0xff, 0xff, 0x30,
    0x0, 0x0, 0x2f, 0xff, 0xff, 0xff, 0x60, 0x0,
    0x0, 0xf, 0xff, 0xff, 0xf7, 0xef, 0xff, 0xff,
    0x30, 0x0, 0x0, 0xd, 0xff, 0xff, 0xff, 0x10,
    0x0, 0x0, 0xf, 0xff, 0xff, 0xf7,

    /* U+004E "N" */
    0xef, 0xff, 0xff, 0xff, 0xb0, 0x0, 0x0, 0x0,
    0x0, 0x2, 0xff, 0xff, 0xff, 0x2e, 0xff, 0xff,
    0xff, 0xff, 0x30, 0x0, 0x0, 0x0, 0x0, 0x2f,
    0xff, 0xff, 0xf2, 0xef, 0xff, 0xff, 0xff, 0xfb,
    0x0, 0x0, 0x0, 0x0, 0x2, 0xff, 0xff, 0xff,
    0x2e, 0xff, 0xff, 0xff, 0xff, 0xf3, 0x0, 0x0,
    0x0, 0x0, 0x2f, 0xff, 0xff, 0xf2, 0xef, 0xff,
    0xff, 0xff, 0xff, 0xb0, 0x0, 0x0, 0x0, 0x2,
    0xff, 0xff, 0xff, 0x2e, 0xff, 0xff, 0xff, 0xff,
    0xff, 0x30, 0x0, 0x0, 0x0, 0x2f, 0xff, 0xff,
    0xf2, 0xef, 0xff, 0xff, 0xff, 0xff, 0xfc, 0x0,
    0x0, 0x0, 0x2, 0xff, 0xff, 0xff, 0x2e, 0xff,
    0xff, 0xff, 0xff, 0xff, 0xf4, 0x0, 0x0, 0x0,
    0x2f, 0xff, 0xff, 0xf2, 0xef, 0xff, 0xff, 0x8f,
    0xff, 0xff, 0xc0, 0x0, 0x0, 0x2, 0xff, 0xff,
    0xff, 0x2e, 0xff, 0xff, 0xf6, 0x9f, 0xff, 0xff,
    0x40, 0x0, 0x0, 0x2f, 0xff, 0xff, 0xf2, 0xef,
    0xff, 0xff, 0x62, 0xff, 0xff, 0xfc, 0x0, 0x0,
    0x2, 0xff, 0xff, 0xff, 0x2e, 0xff, 0xff, 0xf6,
    0x9, 0xff, 0xff, 0xf4, 0x0, 0x0, 0x2f, 0xff,
    0xff, 0xf2, 0xef, 0xff, 0xff, 0x60, 0x1f, 0xff,
    0xff, 0xc0, 0x0, 0x2, 0xff, 0xff, 0xff, 0x2e,
    0xff, 0xff, 0xf6, 0x0, 0x9f, 0xff, 0xff, 0x40,
    0x0, 0x2f, 0xff, 0xff, 0xf2, 0xef, 0xff, 0xff,
    0x60, 0x1, 0xff, 0xff, 0xfc, 0x0, 0x2, 0xff,
    0xff, 0xff, 0x2e, 0xff, 0xff, 0xf6, 0x0, 0x9,
    0xff, 0xff, 0xf5, 0x0, 0x2f, 0xff, 0xff, 0xf2,
    0xef, 0xff, 0xff, 0x60, 0x0, 0x1f, 0xff, 0xff,
    0xd0, 0x2, 0xff, 0xff, 0xff, 0x2e, 0xff, 0xff,
    0xf6, 0x0, 0x0, 0x9f, 0xff, 0xff, 0x50, 0x2f,
    0xff, 0xff, 0xf2, 0xef, 0xff, 0xff, 0x60, 0x0,
    0x1, 0xff, 0xff, 0xfd, 0x2, 0xff, 0xff, 0xff,
    0x2e, 0xff, 0xff, 0xf6, 0x0, 0x0, 0x8, 0xff,
    0xff, 0xf5, 0x2f, 0xff, 0xff, 0xf2, 0xef, 0xff,
    0xff, 0x60, 0x0, 0x0, 0x1f, 0xff, 0xff, 0xd2,
    0xff, 0xff, 0xff, 0x2e, 0xff, 0xff, 0xf6, 0x0,
    0x0, 0x0, 0x8f, 0xff, 0xff, 0x8f, 0xff, 0xff,
    0xf2, 0xef, 0xff, 0xff, 0x60, 0x0, 0x0, 0x1,
    0xff, 0xff, 0xff, 0xff, 0xff, 0xff, 0x2e, 0xff,
    0xff, 0xf6, 0x0, 0x0, 0x0, 0x8, 0xff, 0xff,
    0xff, 0xff, 0xff, 0xf2, 0xef, 0xff, 0xff, 0x60,
    0x0, 0x0, 0x0, 0x1f, 0xff, 0xff, 0xff, 0xff,
    0xff, 0x2e, 0xff, 0xff, 0xf6, 0x0, 0x0, 0x0,
    0x0, 0x8f, 0xff, 0xff, 0xff, 0xff, 0xf2, 0xef,
    0xff, 0xff, 0x60, 0x0, 0x0, 0x0, 0x1, 0xef,
    0xff, 0xff, 0xff, 0xff, 0x2e, 0xff, 0xff, 0xf6,
    0x0, 0x0, 0x0, 0x0, 0x7, 0xff, 0xff, 0xff,
    0xff, 0xf2, 0xef, 0xff, 0xff, 0x60, 0x0, 0x0,
    0x0, 0x0, 0xe, 0xff, 0xff, 0xff, 0xff, 0x2e,
    0xff, 0xff, 0xf6, 0x0, 0x0, 0x0, 0x0, 0x0,
    0x7f, 0xff, 0xff, 0xff, 0xf2,

    /* U+004F "O" */
    0x0, 0x0, 0x0, 0x0, 0x0, 0x48, 0xbd, 0xff,
    0xfe, 0xca, 0x61, 0x0, 0x0, 0x0, 0x0, 0x0,
    0x0, 0x0, 0x0, 0x1, 0x8e, 0xff, 0xff, 0xff,
    0xff, 0xff, 0xff, 0xb4, 0x0, 0x0, 0x0, 0x0,
    0x0, 0x0, 0x0, 0x6e, 0xff, 0xff, 0xff, 0xff,
    0xff, 0xff, 0xff, 0xff, 0xb1, 0x0, 0x0, 0x0,
    0x0, 0x0, 0xa, 0xff, 0xff, 0xff, 0xff, 0xff,
    0xff, 0xff, 0xff, 0xff, 0xfe, 0x40, 0x0, 0x0,
    0x0, 0x0, 0xcf, 0xff, 0xff, 0xff, 0xff, 0xff,
    0xff, 0xff, 0xff, 0xff, 0xff, 0xf4, 0x0, 0x0,
    0x0, 0xa, 0xff, 0xff, 0xff, 0xff, 0xa6, 0x32,
    0x34, 0x8e, 0xff, 0xff, 0xff, 0xff, 0x30, 0x0,
    0x0, 0x6f, 0xff, 0xff, 0xff, 0xb2, 0x0, 0x0,
    0x0, 0x0, 0x6f, 0xff, 0xff, 0xff, 0xd0, 0x0,
    0x1, 0xef, 0xff, 0xff, 0xf8, 0x0, 0x0, 0x0,
    0x0, 0x0, 0x2, 0xef, 0xff, 0xff, 0xf7, 0x0,
    0x7, 0xff, 0xff, 0xff, 0xb0, 0x0, 0x0, 0x0,
    0x0, 0x0, 0x0, 0x3f, 0xff, 0xff, 0xfe, 0x0,
    0xe, 0xff, 0xff, 0xff, 0x10, 0x0, 0x0, 0x0,
    0x0, 0x0, 0x0, 0x9, 0xff, 0xff, 0xff, 0x50,
    0x2f, 0xff, 0xff, 0xf9, 0x0, 0x0, 0x0, 0x0,
    0x0, 0x0, 0x0, 0x1, 0xff, 0xff, 0xff, 0xa0,
    0x6f, 0xff, 0xff, 0xf3, 0x0, 0x0, 0x0, 0x0,
    0x0, 0x0, 0x0, 0x0, 0xbf, 0xff, 0xff, 0xe0,
    0x9f, 0xff, 0xff, 0xf0, 0x0, 0x0, 0x0, 0x0,
    0x0, 0x0, 0x0, 0x0, 0x8f, 0xff, 0xff, 0xf1,
    0xaf, 0xff, 0xff, 0xe0, 0x0, 0x0, 0x0, 0x0,
    0x0, 0x0, 0x0, 0x0, 0x5f, 0xff, 0xff, 0xf3,
    0xbf, 0xff, 0xff, 0xd0, 0x0, 0x0, 0x0, 0x0,
    0x0, 0x0, 0x0, 0x0, 0x4f, 0xff, 0xff, 0xf3,
    0xbf, 0xff, 0xff, 0xd0, 0x0, 0x0, 0x0, 0x0,
    0x0, 0x0, 0x0, 0x0, 0x5f, 0xff, 0xff, 0xf3,
    0xaf, 0xff, 0xff, 0xe0, 0x0, 0x0, 0x0, 0x0,
    0x0, 0x0, 0x0, 0x0, 0x6f, 0xff, 0xff, 0xf2,
    0x8f, 0xff, 0xff, 0xf1, 0x0, 0x0, 0x0, 0x0,
    0x0, 0x0, 0x0, 0x0, 0x8f, 0xff, 0xff, 0xf0,
    0x5f, 0xff, 0xff, 0xf5, 0x0, 0x0, 0x0, 0x0,
    0x0, 0x0, 0x0, 0x0, 0xdf, 0xff, 0xff, 0xe0,
    0x1f, 0xff, 0xff, 0xfa, 0x0, 0x0, 0x0, 0x0,
    0x0, 0x0, 0x0, 0x3, 0xff, 0xff, 0xff, 0xa0,
    0xc, 0xff, 0xff, 0xff, 0x30, 0x0, 0x0, 0x0,
    0x0, 0x0, 0x0, 0xb, 0xff, 0xff, 0xff, 0x40,
    0x5, 0xff, 0xff, 0xff, 0xc0, 0x0, 0x0, 0x0,
    0x0, 0x0, 0x0, 0x6f, 0xff, 0xff, 0xfd, 0x0,
    0x0, 0xdf, 0xff, 0xff, 0xfb, 0x0, 0x0, 0x0,
    0x0, 0x0, 0x4, 0xff, 0xff, 0xff, 0xf6, 0x0,
    0x0, 0x4f, 0xff, 0xff, 0xff, 0xc3, 0x0, 0x0,
    0x0, 0x0, 0x8f, 0xff, 0xff, 0xff, 0xc0, 0x0,
    0x0, 0x8, 0xff, 0xff, 0xff, 0xff, 0xb6, 0x32,
    0x35, 0x9e, 0xff, 0xff, 0xff, 0xfe, 0x10, 0x0,
    0x0, 0x0, 0xaf, 0xff, 0xff, 0xff, 0xff, 0xff,
    0xff, 0xff, 0xff, 0xff, 0xff, 0xf3, 0x0, 0x0,
    0x0, 0x0, 0x8, 0xff, 0xff, 0xff, 0xff, 0xff,
    0xff, 0xff, 0xff, 0xff, 0xfe, 0x20, 0x0, 0x0,
    0x0, 0x0, 0x0, 0x4e, 0xff, 0xff, 0xff, 0xff,
    0xff, 0xff, 0xff, 0xff, 0xa1, 0x0, 0x0, 0x0,
    0x0, 0x0, 0x0, 0x0, 0x7d, 0xff, 0xff, 0xff,
    0xff, 0xff, 0xff, 0xa3, 0x0, 0x0, 0x0, 0x0,
    0x0, 0x0, 0x0, 0x0, 0x0, 0x38, 0xbd, 0xff,
    0xfe, 0xca, 0x61, 0x0, 0x0, 0x0, 0x0, 0x0,

    /* U+0050 "P" */
    0xef, 0xff, 0xff, 0xff, 0xff, 0xff, 0xff, 0xff,
    0xeb, 0x72, 0x0, 0x0, 0x0, 0xef, 0xff, 0xff,
    0xff, 0xff, 0xff, 0xff, 0xff, 0xff, 0xff, 0xa2,
    0x0, 0x0, 0xef, 0xff, 0xff, 0xff, 0xff, 0xff,
    0xff, 0xff, 0xff, 0xff, 0xff, 0x40, 0x0, 0xef,
    0xff, 0xff, 0xff, 0xff, 0xff, 0xff, 0xff, 0xff,
    0xff, 0xff, 0xf4, 0x0, 0xef, 0xff, 0xff, 0xff,
    0xff, 0xff, 0xff, 0xff, 0xff, 0xff, 0xff, 0xfe,
    0x10, 0xef, 0xff, 0xff, 0x90, 0x0, 0x0, 0x0,
    0x2, 0x7f, 0xff, 0xff, 0xff, 0x80, 0xef, 0xff,
    0xff, 0x90, 0x0, 0x0, 0x0, 0x0, 0x3, 0xff,
    0xff, 0xff, 0xe0, 0xef, 0xff, 0xff, 0x90, 0x0,
    0x0, 0x0, 0x0, 0x0, 0x8f, 0xff, 0xff, 0xf1,
    0xef, 0xff, 0xff, 0x90, 0x0, 0x0, 0x0, 0x0,
    0x0, 0x4f, 0xff, 0xff, 0xf4, 0xef, 0xff, 0xff,
    0x90, 0x0, 0x0, 0x0, 0x0, 0x0, 0x2f, 0xff,
    0xff, 0xf4, 0xef, 0xff, 0xff, 0x90, 0x0, 0x0,
    0x0, 0x0, 0x0, 0x4f, 0xff, 0xff, 0xf3, 0xef,
    0xff, 0xff, 0x90, 0x0, 0x0, 0x0, 0x0, 0x0,
    0x9f, 0xff, 0xff, 0xf1, 0xef, 0xff, 0xff, 0x90,
    0x0, 0x0, 0x0, 0x0, 0x3, 0xff, 0xff, 0xff,
    0xd0, 0xef, 0xff, 0xff, 0x90, 0x0, 0x0, 0x0,
    0x2, 0x7f, 0xff, 0xff, 0xff, 0x70, 0xef, 0xff,
    0xff, 0xff, 0xff, 0xff, 0xff, 0xff, 0xff, 0xff,
    0xff, 0xfd, 0x0, 0xef, 0xff, 0xff, 0xff, 0xff,
    0xff, 0xff, 0xff, 0xff, 0xff, 0xff, 0xf3, 0x0,
    0xef, 0xff, 0xff, 0xff, 0xff, 0xff, 0xff, 0xff,
    0xff, 0xff, 0xfe, 0x30, 0x0, 0xef, 0xff, 0xff,
    0xff, 0xff, 0xff, 0xff, 0xff, 0xff, 0xff, 0x91,
    0x0, 0x0, 0xef, 0xff, 0xff, 0xff, 0xff, 0xff,
    0xff, 0xff, 0xdb, 0x71, 0x0, 0x0, 0x0, 0xef,
    0xff, 0xff, 0x90, 0x0, 0x0, 0x0, 0x0, 0x0,
    0x0, 0x0, 0x0, 0x0, 0xef, 0xff, 0xff, 0x90,
    0x0, 0x0, 0x0, 0x0, 0x0, 0x0, 0x0, 0x0,
    0x0, 0xef, 0xff, 0xff, 0x90, 0x0, 0x0, 0x0,
    0x0, 0x0, 0x0, 0x0, 0x0, 0x0, 0xef, 0xff,
    0xff, 0x90, 0x0, 0x0, 0x0, 0x0, 0x0, 0x0,
    0x0, 0x0, 0x0, 0xef, 0xff, 0xff, 0x90, 0x0,
    0x0, 0x0, 0x0, 0x0, 0x0, 0x0, 0x0, 0x0,
    0xef, 0xff, 0xff, 0x90, 0x0, 0x0, 0x0, 0x0,
    0x0, 0x0, 0x0, 0x0, 0x0, 0xef, 0xff, 0xff,
    0x90, 0x0, 0x0, 0x0, 0x0, 0x0, 0x0, 0x0,
    0x0, 0x0, 0xef, 0xff, 0xff, 0x90, 0x0, 0x0,
    0x0, 0x0, 0x0, 0x0, 0x0, 0x0, 0x0, 0xef,
    0xff, 0xff, 0x90, 0x0, 0x0, 0x0, 0x0, 0x0,
    0x0, 0x0, 0x0, 0x0, 0xef, 0xff, 0xff, 0x90,
    0x0, 0x0, 0x0, 0x0, 0x0, 0x0, 0x0, 0x0,
    0x0, 0xef, 0xff, 0xff, 0x90, 0x0, 0x0, 0x0,
    0x0, 0x0, 0x0, 0x0, 0x0, 0x0,

    /* U+0051 "Q" */
    0x0, 0x0, 0x0, 0x0, 0x0, 0x48, 0xbd, 0xff,
    0xfe, 0xca, 0x61, 0x0, 0x0, 0x0, 0x0, 0x0,
    0x0, 0x0, 0x0, 0x0, 0x18, 0xef, 0xff, 0xff,
    0xff, 0xff, 0xff, 0xfb, 0x40, 0x0, 0x0, 0x0,
    0x0, 0x0, 0x0, 0x0, 0x6e, 0xff, 0xff, 0xff,
    0xff, 0xff, 0xff, 0xff, 0xff, 0xb1, 0x0, 0x0,
    0x0, 0x0, 0x0, 0x0, 0xaf, 0xff, 0xff, 0xff,
    0xff, 0xff, 0xff, 0xff, 0xff, 0xff, 0xe4, 0x0,
    0x0, 0x0, 0x0, 0x0, 0xcf, 0xff, 0xff, 0xff,
    0xff, 0xff, 0xff, 0xff, 0xff, 0xff, 0xff, 0xf4,
    0x0, 0x0, 0x0, 0x0, 0xaf, 0xff, 0xff, 0xff,
    0xfa, 0x63, 0x23, 0x48, 0xef, 0xff, 0xff, 0xff,
    0xf3, 0x0, 0x0, 0x0, 0x6f, 0xff, 0xff, 0xff,
    0xb2, 0x0, 0x0, 0x0, 0x0, 0x6f, 0xff, 0xff,
    0xff, 0xd0, 0x0, 0x0, 0x1e, 0xff, 0xff, 0xff,
    0x80, 0x0, 0x0, 0x0, 0x0, 0x0, 0x2e, 0xff,
    0xff, 0xff, 0x70, 0x0, 0x7, 0xff, 0xff, 0xff,
    0xb0, 0x0, 0x0, 0x0, 0x0, 0x0, 0x0, 0x3f,
    0xff, 0xff, 0xfe, 0x0, 0x0, 0xef, 0xff, 0xff,
    0xf1, 0x0, 0x0, 0x0, 0x0, 0x0, 0x0, 0x0,
    0x9f, 0xff, 0xff, 0xf5, 0x0, 0x2f, 0xff, 0xff,
    0xf9, 0x0, 0x0, 0x0, 0x0, 0x0, 0x0, 0x0,
    0x1, 0xff, 0xff, 0xff, 0xa0, 0x6, 0xff, 0xff,
    0xff, 0x30, 0x0, 0x0, 0x0, 0x0, 0x0, 0x0,
    0x0, 0xb, 0xff, 0xff, 0xfe, 0x0, 0x9f, 0xff,
    0xff, 0xf0, 0x0, 0x0, 0x0, 0x0, 0x0, 0x0,
    0x0, 0x0, 0x8f, 0xff, 0xff, 0xf1, 0xa, 0xff,
    0xff, 0xfe, 0x0, 0x0, 0x0, 0x0, 0x0, 0x0,
    0x0, 0x0, 0x5, 0xff, 0xff, 0xff, 0x30, 0xbf,
    0xff, 0xff, 0xd0, 0x0, 0x0, 0x0, 0x0, 0x0,
    0x0, 0x0, 0x0, 0x4f, 0xff, 0xff, 0xf3, 0xb,
    0xff, 0xff, 0xfd, 0x0, 0x0, 0x0, 0x0, 0x0,
    0x0, 0x0, 0x0, 0x5, 0xff, 0xff, 0xff, 0x30,
    0xaf, 0xff, 0xff, 0xe0, 0x0, 0x0, 0x0, 0x0,
    0x0, 0x0, 0x0, 0x0, 0x6f, 0xff, 0xff, 0xf2,
    0x8, 0xff, 0xff, 0xff, 0x0, 0x0, 0x0, 0x0,
    0x0, 0x0, 0x0, 0x0, 0x8, 0xff, 0xff, 0xff,
    0x0, 0x5f, 0xff, 0xff, 0xf4, 0x0, 0x0, 0x0,
    0x0, 0x0, 0x0, 0x0, 0x0, 0xcf, 0xff, 0xff,
    0xd0, 0x2, 0xff, 0xff, 0xff, 0x90, 0x0, 0x0,
    0x0, 0x0, 0x0, 0x0, 0x0, 0x1f, 0xff, 0xff,
    0xf8, 0x0, 0xc, 0xff, 0xff, 0xff, 0x10, 0x0,
    0x0, 0x0, 0x0, 0x0, 0x0, 0x8, 0xff, 0xff,
    0xff, 0x30, 0x0, 0x6f, 0xff, 0xff, 0xfa, 0x0,
    0x0, 0x0, 0x0, 0x0, 0x0, 0x2, 0xff, 0xff,
    0xff, 0xb0, 0x0, 0x0, 0xdf, 0xff, 0xff, 0xf7,
    0x0, 0x0, 0x0, 0x0, 0x0, 0x1, 0xdf, 0xff,
    0xff, 0xf2, 0x0, 0x0, 0x4, 0xff, 0xff, 0xff,
    0xf8, 0x0, 0x0, 0x0, 0x0, 0x3, 0xef, 0xff,
    0xff, 0xf5, 0x0, 0x0, 0x0, 0x9, 0xff, 0xff,
    0xff, 0xfe, 0x72, 0x0, 0x1, 0x4b, 0xff, 0xff,
    0xff, 0xf6, 0x0, 0x0, 0x0, 0x0, 0xa, 0xff,
    0xff, 0xff, 0xff, 0xff, 0xff, 0xff, 0xff, 0xff,
    0xff, 0xff, 0xee, 0xee, 0xeb, 0x0, 0x0, 0x9,
    0xff, 0xff, 0xff, 0xff, 0xff, 0xff, 0xff, 0xff,
    0xff, 0xff, 0xff, 0xff, 0xff, 0xd0, 0x0, 0x0,
    0x5, 0xef, 0xff, 0xff, 0xff, 0xff, 0xff, 0xff,
    0xff, 0xff, 0xff, 0xff, 0xff, 0xfd, 0x0, 0x0,
    0x0, 0x0, 0x7e, 0xff, 0xff, 0xff, 0xff, 0xff,
    0xff, 0xff, 0xff, 0xff, 0xff, 0xff, 0xd0, 0x0,
    0x0, 0x0, 0x0, 0x3, 0x8b, 0xdf, 0xff, 0xff,
    0xff, 0xff, 0xff, 0xff, 0xff, 0xff, 0xfd,

    /* U+0052 "R" */
    0x1f, 0xff, 0xff, 0xff, 0xff, 0xff, 0xff, 0xff,
    0xeb, 0x72, 0x0, 0x0, 0x0, 0x1, 0xff, 0xff,
    0xff, 0xff, 0xff, 0xff, 0xff, 0xff, 0xff, 0xfb,
    0x20, 0x0, 0x0, 0x1f, 0xff, 0xff, 0xff, 0xff,
    0xff, 0xff, 0xff, 0xff, 0xff, 0xff, 0x60, 0x0,
    0x1, 0xff, 0xff, 0xff, 0xff, 0xff, 0xff, 0xff,
    0xff, 0xff, 0xff, 0xff, 0x60, 0x0, 0x1f, 0xff,
    0xff, 0xff, 0xff, 0xff, 0xff, 0xff, 0xff, 0xff,
    0xff, 0xff, 0x20, 0x1, 0xff, 0xff, 0xff, 0x60,
    0x0, 0x0, 0x0, 0x14, 0xcf, 0xff, 0xff, 0xfa,
    0x0, 0x1f, 0xff, 0xff, 0xf6, 0x0, 0x0, 0x0,
    0x0, 0x0, 0xaf, 0xff, 0xff, 0xf0, 0x1, 0xff,
    0xff, 0xff, 0x60, 0x0, 0x0, 0x0, 0x0, 0x2,
    0xff, 0xff, 0xff, 0x20, 0x1f, 0xff, 0xff, 0xf6,
    0x0, 0x0, 0x0, 0x0, 0x0, 0xf, 0xff, 0xff,
    0xf4, 0x1, 0xff, 0xff, 0xff, 0x60, 0x0, 0x0,
    0x0, 0x0, 0x0, 0xff, 0xff, 0xff, 0x40, 0x1f,
    0xff, 0xff, 0xf6, 0x0, 0x0, 0x0, 0x0, 0x0,
    0x2f, 0xff, 0xff, 0xf2, 0x1, 0xff, 0xff, 0xff,
    0x60, 0x0, 0x0, 0x0, 0x0, 0xb, 0xff, 0xff,
    0xfe, 0x0, 0x1f, 0xff, 0xff, 0xf6, 0x0, 0x0,
    0x0, 0x1, 0x5c, 0xff, 0xff, 0xff, 0x80, 0x1,
    0xff, 0xff, 0xff, 0xff, 0xff, 0xff, 0xff, 0xff,
    0xff, 0xff, 0xff, 0xe1, 0x0, 0x1f, 0xff, 0xff,
    0xff, 0xff, 0xff, 0xff, 0xff, 0xff, 0xff, 0xff,
    0xf3, 0x0, 0x1, 0xff, 0xff, 0xff, 0xff, 0xff,
    0xff, 0xff, 0xff, 0xff, 0xff, 0xe3, 0x0, 0x0,
    0x1f, 0xff, 0xff, 0xff, 0xff, 0xff, 0xff, 0xff,
    0xff, 0xfe, 0x80, 0x0, 0x0, 0x1, 0xff, 0xff,
    0xff, 0xee, 0xff, 0xff, 0xff, 0xea, 0x84, 0x0,
    0x0, 0x0, 0x0, 0x1f, 0xff, 0xff, 0xf6, 0x1e,
    0xff, 0xff, 0xff, 0x50, 0x0, 0x0, 0x0, 0x0,
    0x1, 0xff, 0xff, 0xff, 0x60, 0x3f, 0xff, 0xff,
    0xff, 0x40, 0x0, 0x0, 0x0, 0x0, 0x1f, 0xff,
    0xff, 0xf6, 0x0, 0x7f, 0xff, 0xff, 0xff, 0x30,
    0x0, 0x0, 0x0, 0x1, 0xff, 0xff, 0xff, 0x60,
    0x0, 0xaf, 0xff, 0xff, 0xfe, 0x20, 0x0, 0x0,
    0x0, 0x1f, 0xff, 0xff, 0xf6, 0x0, 0x0, 0xdf,
    0xff, 0xff, 0xfd, 0x10, 0x0, 0x0, 0x1, 0xff,
    0xff, 0xff, 0x60, 0x0, 0x2, 0xff, 0xff, 0xff,
    0xfc, 0x0, 0x0, 0x0, 0x1f, 0xff, 0xff, 0xf6,
    0x0, 0x0, 0x5, 0xff, 0xff, 0xff, 0xfb, 0x0,
    0x0, 0x1, 0xff, 0xff, 0xff, 0x60, 0x0, 0x0,
    0x8, 0xff, 0xff, 0xff, 0xfa, 0x0, 0x0, 0x1f,
    0xff, 0xff, 0xf6, 0x0, 0x0, 0x0, 0xb, 0xff,
    0xff, 0xff, 0xf8, 0x0, 0x1, 0xff, 0xff, 0xff,
    0x60, 0x0, 0x0, 0x0, 0x1e, 0xff, 0xff, 0xff,
    0xf7, 0x0, 0x1f, 0xff, 0xff, 0xf6, 0x0, 0x0,
    0x0, 0x0, 0x3f, 0xff, 0xff, 0xff, 0xf5, 0x1,
    0xff, 0xff, 0xff, 0x60, 0x0, 0x0, 0x0, 0x0,
    0x6f, 0xff, 0xff, 0xff, 0xf4,

    /* U+0053 "S" */
    0x0, 0x0, 0x0, 0x2, 0x7b, 0xdf, 0xff, 0xfd,
    0xa6, 0x10, 0x0, 0x0, 0x0, 0x0, 0x0, 0x4,
    0xcf, 0xff, 0xff, 0xff, 0xff, 0xff, 0xfb, 0x20,
    0x0, 0x0, 0x0, 0x0, 0x9f, 0xff, 0xff, 0xff,
    0xff, 0xff, 0xff, 0xff, 0xf7, 0x0, 0x0, 0x0,
    0xa, 0xff, 0xff, 0xff, 0xff, 0xff, 0xff, 0xff,
    0xff, 0xff, 0x80, 0x0, 0x0, 0x6f, 0xff, 0xff,
    0xff, 0xfe, 0xde, 0xff, 0xff, 0xff, 0xff, 0xf5,
    0x0, 0x0, 0xdf, 0xff, 0xff, 0xe6, 0x10, 0x0,
    0x4, 0xbf, 0xff, 0xff, 0xfe, 0x0, 0x3, 0xff,
    0xff, 0xff, 0x30, 0x0, 0x0, 0x0, 0x7, 0xff,
    0xff, 0xff, 0x60, 0x6, 0xff, 0xff, 0xfd, 0x0,
    0x0, 0x0, 0x0, 0x0, 0xcf, 0xff, 0xff, 0xb0,
    0x6, 0xff, 0xff, 0xfe, 0x0, 0x0, 0x0, 0x0,
    0x0, 0x5e, 0xee, 0xee, 0xc0, 0x5, 0xff, 0xff,
    0xff, 0x50, 0x0, 0x0, 0x0, 0x0, 0x0, 0x0,
    0x0, 0x0, 0x2, 0xff, 0xff, 0xff, 0xf8, 0x20,
    0x0, 0x0, 0x0, 0x0, 0x0, 0x0, 0x0, 0x0,
    0xdf, 0xff, 0xff, 0xff, 0xfd, 0x84, 0x0, 0x0,
    0x0, 0x0, 0x0, 0x0, 0x0, 0x4f, 0xff, 0xff,
    0xff, 0xff, 0xff, 0xfc, 0x73, 0x0, 0x0, 0x0,
    0x0, 0x0, 0x7, 0xff, 0xff, 0xff, 0xff, 0xff,
    0xff, 0xff, 0xe9, 0x20, 0x0, 0x0, 0x0, 0x0,
    0x6f, 0xff, 0xff, 0xff, 0xff, 0xff, 0xff, 0xff,
    0xfa, 0x10, 0x0, 0x0, 0x0, 0x1, 0x9f, 0xff,
    0xff, 0xff, 0xff, 0xff, 0xff, 0xff, 0xe3, 0x0,
    0x0, 0x0, 0x0, 0x0, 0x5a, 0xef, 0xff, 0xff,
    0xff, 0xff, 0xff, 0xfe, 0x10, 0x0, 0x0, 0x0,
    0x0, 0x0, 0x3, 0x7b, 0xff, 0xff, 0xff, 0xff,
    0xff, 0xa0, 0x0, 0x0, 0x0, 0x0, 0x0, 0x0,
    0x0, 0x4, 0x9f, 0xff, 0xff, 0xff, 0xf1, 0x0,
    0x0, 0x0, 0x0, 0x0, 0x0, 0x0, 0x0, 0x1,
    0xbf, 0xff, 0xff, 0xf5, 0xbc, 0xcc, 0xcc, 0x30,
    0x0, 0x0, 0x0, 0x0, 0x0, 0x1f, 0xff, 0xff,
    0xf6, 0xbf, 0xff, 0xff, 0x90, 0x0, 0x0, 0x0,
    0x0, 0x0, 0xc, 0xff, 0xff, 0xf6, 0x7f, 0xff,
    0xff, 0xf2, 0x0, 0x0, 0x0, 0x0, 0x0, 0xd,
    0xff, 0xff, 0xf5, 0x1f, 0xff, 0xff, 0xfe, 0x30,
    0x0, 0x0, 0x0, 0x0, 0x4f, 0xff, 0xff, 0xf2,
    0x8, 0xff, 0xff, 0xff, 0xfa, 0x40, 0x0, 0x0,
    0x28, 0xff, 0xff, 0xff, 0xc0, 0x0, 0xdf, 0xff,
    0xff, 0xff, 0xff, 0xed, 0xde, 0xff, 0xff, 0xff,
    0xff, 0x40, 0x0, 0x1d, 0xff, 0xff, 0xff, 0xff,
    0xff, 0xff, 0xff, 0xff, 0xff, 0xf8, 0x0, 0x0,
    0x1, 0xaf, 0xff, 0xff, 0xff, 0xff, 0xff, 0xff,
    0xff, 0xff, 0x70, 0x0, 0x0, 0x0, 0x4, 0xcf,
    0xff, 0xff, 0xff, 0xff, 0xff, 0xff, 0xb3, 0x0,
    0x0, 0x0, 0x0, 0x0, 0x2, 0x6a, 0xce, 0xff,
    0xfe, 0xca, 0x61, 0x0, 0x0, 0x0,

    /* U+0054 "T" */
    0xff, 0xff, 0xff, 0xff, 0xff, 0xff, 0xff, 0xff,
    0xff, 0xff, 0xff, 0xff, 0xff, 0x3f, 0xff, 0xff,
    0xff, 0xff, 0xff, 0xff, 0xff, 0xff, 0xff, 0xff,
    0xff, 0xff, 0xf3, 0xff, 0xff, 0xff, 0xff, 0xff,
    0xff, 0xff, 0xff, 0xff, 0xff, 0xff, 0xff, 0xff,
    0x3f, 0xff, 0xff, 0xff, 0xff, 0xff, 0xff, 0xff,
    0xff, 0xff, 0xff, 0xff, 0xff, 0xf3, 0xff, 0xff,
    0xff, 0xff, 0xff, 0xff, 0xff, 0xff, 0xff, 0xff,
    0xff, 0xff, 0xff, 0x30, 0x0, 0x0, 0x0, 0x0,
    0x2f, 0xff, 0xff, 0xf5, 0x0, 0x0, 0x0, 0x0,
    0x0, 0x0, 0x0, 0x0, 0x0, 0x2, 0xff, 0xff,
    0xff, 0x50, 0x0, 0x0, 0x0, 0x0, 0x0, 0x0,
    0x0, 0x0, 0x0, 0x2f, 0xff, 0xff, 0xf5, 0x0,
    0x0, 0x0, 0x0, 0x0, 0x0, 0x0, 0x0, 0x0,
    0x2, 0xff, 0xff, 0xff, 0x50, 0x0, 0x0, 0x0,
    0x0, 0x0, 0x0, 0x0, 0x0, 0x0, 0x2f, 0xff,
    0xff, 0xf5, 0x0, 0x0, 0x0, 0x0, 0x0, 0x0,
    0x0, 0x0, 0x0, 0x2, 0xff, 0xff, 0xff, 0x50,
    0x0, 0x0, 0x0, 0x0, 0x0, 0x0, 0x0, 0x0,
    0x0, 0x2f, 0xff, 0xff, 0xf5, 0x0, 0x0, 0x0,
    0x0, 0x0, 0x0, 0x0, 0x0, 0x0, 0x2, 0xff,
    0xff, 0xff, 0x50, 0x0, 0x0, 0x0, 0x0, 0x0,
    0x0, 0x0, 0x0, 0x0, 0x2f, 0xff, 0xff, 0xf5,
    0x0, 0x0, 0x0, 0x0, 0x0, 0x0, 0x0, 0x0,
    0x0, 0x2, 0xff, 0xff, 0xff, 0x50, 0x0, 0x0,
    0x0, 0x0, 0x0, 0x0, 0x0, 0x0, 0x0, 0x2f,
    0xff, 0xff, 0xf5, 0x0, 0x0, 0x0, 0x0, 0x0,
    0x0, 0x0, 0x0, 0x0, 0x2, 0xff, 0xff, 0xff,
    0x50, 0x0, 0x0, 0x0, 0x0, 0x0, 0x0, 0x0,
    0x0, 0x0, 0x2f, 0xff, 0xff, 0xf5, 0x0, 0x0,
    0x0, 0x0, 0x0, 0x0, 0x0, 0x0, 0x0, 0x2,
    0xff, 0xff, 0xff, 0x50, 0x0, 0x0, 0x0, 0x0,
    0x0, 0x0, 0x0, 0x0, 0x0, 0x2f, 0xff, 0xff,
    0xf5, 0x0, 0x0, 0x0, 0x0, 0x0, 0x0, 0x0,
    0x0, 0x0, 0x2, 0xff, 0xff, 0xff, 0x50, 0x0,
    0x0, 0x0, 0x0, 0x0, 0x0, 0x0, 0x0, 0x0,
    0x2f, 0xff, 0xff, 0xf5, 0x0, 0x0, 0x0, 0x0,
    0x0, 0x0, 0x0, 0x0, 0x0, 0x2, 0xff, 0xff,
    0xff, 0x50, 0x0, 0x0, 0x0, 0x0, 0x0, 0x0,
    0x0, 0x0, 0x0, 0x2f, 0xff, 0xff, 0xf5, 0x0,
    0x0, 0x0, 0x0, 0x0, 0x0, 0x0, 0x0, 0x0,
    0x2, 0xff, 0xff, 0xff, 0x50, 0x0, 0x0, 0x0,
    0x0, 0x0, 0x0, 0x0, 0x0, 0x0, 0x2f, 0xff,
    0xff, 0xf5, 0x0, 0x0, 0x0, 0x0, 0x0, 0x0,
    0x0, 0x0, 0x0, 0x2, 0xff, 0xff, 0xff, 0x50,
    0x0, 0x0, 0x0, 0x0, 0x0, 0x0, 0x0, 0x0,
    0x0, 0x2f, 0xff, 0xff, 0xf5, 0x0, 0x0, 0x0,
    0x0, 0x0, 0x0, 0x0, 0x0, 0x0, 0x2, 0xff,
    0xff, 0xff, 0x50, 0x0, 0x0, 0x0, 0x0, 0x0,
    0x0, 0x0, 0x0, 0x0, 0x2f, 0xff, 0xff, 0xf5,
    0x0, 0x0, 0x0, 0x0, 0x0,

    /* U+0055 "U" */
    0x3f, 0xff, 0xff, 0xf3, 0x0, 0x0, 0x0, 0x0,
    0x0, 0x0, 0xdf, 0xff, 0xff, 0xa3, 0xff, 0xff,
    0xff, 0x30, 0x0, 0x0, 0x0, 0x0, 0x0, 0xd,
    0xff, 0xff, 0xfa, 0x3f, 0xff, 0xff, 0xf3, 0x0,
    0x0, 0x0, 0x0, 0x0, 0x0, 0xdf, 0xff, 0xff,
    0xa3, 0xff, 0xff, 0xff, 0x30, 0x0, 0x0, 0x0,
    0x0, 0x0, 0xd, 0xff, 0xff, 0xfa, 0x3f, 0xff,
    0xff, 0xf3, 0x0, 0x0, 0x0, 0x0, 0x0, 0x0,
    0xdf, 0xff, 0xff, 0xa3, 0xff, 0xff, 0xff, 0x30,
    0x0, 0x0, 0x0, 0x0, 0x0, 0xd, 0xff, 0xff,
    0xfa, 0x3f, 0xff, 0xff, 0xf3, 0x0, 0x0, 0x0,
    0x0, 0x0, 0x0, 0xdf, 0xff, 0xff, 0xa3, 0xff,
    0xff, 0xff, 0x30, 0x0, 0x0, 0x0, 0x0, 0x0,
    0xd, 0xff, 0xff, 0xfa, 0x3f, 0xff, 0xff, 0xf3,
    0x0, 0x0, 0x0, 0x0, 0x0, 0x0, 0xdf, 0xff,
    0xff, 0xa3, 0xff, 0xff, 0xff, 0x30, 0x0, 0x0,
    0x0, 0x0, 0x0, 0xd, 0xff, 0xff, 0xfa, 0x3f,
    0xff, 0xff, 0xf3, 0x0, 0x0, 0x0, 0x0, 0x0,
    0x0, 0xdf, 0xff, 0xff, 0xa3, 0xff, 0xff, 0xff,
    0x30, 0x0, 0x0, 0x0, 0x0, 0x0, 0xd, 0xff,
    0xff, 0xfa, 0x3f, 0xff, 0xff, 0xf3, 0x0, 0x0,
    0x0, 0x0, 0x0, 0x0, 0xdf, 0xff, 0xff, 0xa3,
    0xff, 0xff, 0xff, 0x30, 0x0, 0x0, 0x0, 0x0,
    0x0, 0xd, 0xff, 0xff, 0xfa, 0x3f, 0xff, 0xff,
    0xf3, 0x0, 0x0, 0x0, 0x0, 0x0, 0x0, 0xdf,
    0xff, 0xff, 0xa3, 0xff, 0xff, 0xff, 0x30, 0x0,
    0x0, 0x0, 0x0, 0x0, 0xd, 0xff, 0xff, 0xfa,
    0x3f, 0xff, 0xff, 0xf3, 0x0, 0x0, 0x0, 0x0,
    0x0, 0x0, 0xdf, 0xff, 0xff, 0xa3, 0xff, 0xff,
    0xff, 0x30, 0x0, 0x0, 0x0, 0x0, 0x0, 0xd,
    0xff, 0xff, 0xf9, 0x2f, 0xff, 0xff, 0xf4, 0x0,
    0x0, 0x0, 0x0, 0x0, 0x0, 0xdf, 0xff, 0xff,
    0x80, 0xff, 0xff, 0xff, 0x60, 0x0, 0x0, 0x0,
    0x0, 0x0, 0xf, 0xff, 0xff, 0xf7, 0xd, 0xff,
    0xff, 0xf9, 0x0, 0x0, 0x0, 0x0, 0x0, 0x3,
    0xff, 0xff, 0xff, 0x40, 0xaf, 0xff, 0xff, 0xe0,
    0x0, 0x0, 0x0, 0x0, 0x0, 0x8f, 0xff, 0xff,
    0xf0, 0x5, 0xff, 0xff, 0xff, 0x80, 0x0, 0x0,
    0x0, 0x0, 0x2f, 0xff, 0xff, 0xfb, 0x0, 0xe,
    0xff, 0xff, 0xff, 0x70, 0x0, 0x0, 0x0, 0x3e,
    0xff, 0xff, 0xff, 0x50, 0x0, 0x7f, 0xff, 0xff,
    0xff, 0xd7, 0x32, 0x35, 0xaf, 0xff, 0xff, 0xff,
    0xd0, 0x0, 0x0, 0xdf, 0xff, 0xff, 0xff, 0xff,
    0xff, 0xff, 0xff, 0xff, 0xff, 0xf3, 0x0, 0x0,
    0x2, 0xef, 0xff, 0xff, 0xff, 0xff, 0xff, 0xff,
    0xff, 0xff, 0xf6, 0x0, 0x0, 0x0, 0x2, 0xcf,
    0xff, 0xff, 0xff, 0xff, 0xff, 0xff, 0xff, 0xf5,
    0x0, 0x0, 0x0, 0x0, 0x0, 0x7e, 0xff, 0xff,
    0xff, 0xff, 0xff, 0xff, 0xa2, 0x0, 0x0, 0x0,
    0x0, 0x0, 0x0, 0x4, 0x8c, 0xef, 0xff, 0xec,
    0xa6, 0x10, 0x0, 0x0, 0x0,

    /* U+0056 "V" */
    0xcf, 0xff, 0xff, 0xe0, 0x0, 0x0, 0x0, 0x0,
    0x0, 0x0, 0x0, 0xaf, 0xff, 0xff, 0xb7, 0xff,
    0xff, 0xff, 0x30, 0x0, 0x0, 0x0, 0x0, 0x0,
    0x0, 0xf, 0xff, 0xff, 0xf5, 0x1f, 0xff, 0xff,
    0xf9, 0x0, 0x0, 0x0, 0x0, 0x0, 0x0, 0x5,
    0xff, 0xff, 0xff, 0x0, 0xbf, 0xff, 0xff, 0xe0,
    0x0, 0x0, 0x0, 0x0, 0x0, 0x0, 0xaf, 0xff,
    0xff, 0xa0, 0x5, 0xff, 0xff, 0xff, 0x30, 0x0,
    0x0, 0x0, 0x0, 0x0, 0xf, 0xff, 0xff, 0xf4,
    0x0, 0xf, 0xff, 0xff, 0xf8, 0x0, 0x0, 0x0,
    0x0, 0x0, 0x5, 0xff, 0xff, 0xfe, 0x0, 0x0,
    0xaf, 0xff, 0xff, 0xe0, 0x0, 0x0, 0x0, 0x0,
    0x0, 0xaf, 0xff, 0xff, 0x80, 0x0, 0x4, 0xff,
    0xff, 0xff, 0x30, 0x0, 0x0, 0x0, 0x0, 0xf,
    0xff, 0xff, 0xf3, 0x0, 0x0, 0xe, 0xff, 0xff,
    0xf8, 0x0, 0x0, 0x0, 0x0, 0x5, 0xff, 0xff,
    0xfd, 0x0, 0x0, 0x0, 0x8f, 0xff, 0xff, 0xd0,
    0x0, 0x0, 0x0, 0x0, 0xaf, 0xff, 0xff, 0x70,
    0x0, 0x0, 0x3, 0xff, 0xff, 0xff, 0x30, 0x0,
    0x0, 0x0, 0xf, 0xff, 0xff, 0xf1, 0x0, 0x0,
    0x0, 0xd, 0xff, 0xff, 0xf8, 0x0, 0x0, 0x0,
    0x4, 0xff, 0xff, 0xfc, 0x0, 0x0, 0x0, 0x0,
    0x7f, 0xff, 0xff, 0xd0, 0x0, 0x0, 0x0, 0xaf,
    0xff, 0xff, 0x60, 0x0, 0x0, 0x0, 0x1, 0xff,
    0xff, 0xff, 0x30, 0x0, 0x0, 0xf, 0xff, 0xff,
    0xf0, 0x0, 0x0, 0x0, 0x0, 0xc, 0xff, 0xff,
    0xf8, 0x0, 0x0, 0x4, 0xff, 0xff, 0xfa, 0x0,
    0x0, 0x0, 0x0, 0x0, 0x6f, 0xff, 0xff, 0xd0,
    0x0, 0x0, 0xaf, 0xff, 0xff, 0x40, 0x0, 0x0,
    0x0, 0x0, 0x1, 0xff, 0xff, 0xff, 0x30, 0x0,
    0xf, 0xff, 0xff, 0xe0, 0x0, 0x0, 0x0, 0x0,
    0x0, 0xa, 0xff, 0xff, 0xf8, 0x0, 0x4, 0xff,
    0xff, 0xf9, 0x0, 0x0, 0x0, 0x0, 0x0, 0x0,
    0x4f, 0xff, 0xff, 0xd0, 0x0, 0xaf, 0xff, 0xff,
    0x30, 0x0, 0x0, 0x0, 0x0, 0x0, 0x0, 0xef,
    0xff, 0xff, 0x20, 0xf, 0xff, 0xff, 0xd0, 0x0,
    0x0, 0x0, 0x0, 0x0, 0x0, 0x9, 0xff, 0xff,
    0xf8, 0x4, 0xff, 0xff, 0xf7, 0x0, 0x0, 0x0,
    0x0, 0x0, 0x0, 0x0, 0x3f, 0xff, 0xff, 0xd0,
    0xaf, 0xff, 0xff, 0x20, 0x0, 0x0, 0x0, 0x0,
    0x0, 0x0, 0x0, 0xdf, 0xff, 0xff, 0x3f, 0xff,
    0xff, 0xc0, 0x0, 0x0, 0x0, 0x0, 0x0, 0x0,
    0x0, 0x8, 0xff, 0xff, 0xfc, 0xff, 0xff, 0xf6,
    0x0, 0x0, 0x0, 0x0, 0x0, 0x0, 0x0, 0x0,
    0x2f, 0xff, 0xff, 0xff, 0xff, 0xff, 0x10, 0x0,
    0x0, 0x0, 0x0, 0x0, 0x0, 0x0, 0x0, 0xcf,
    0xff, 0xff, 0xff, 0xff, 0xb0, 0x0, 0x0, 0x0,
    0x0, 0x0, 0x0, 0x0, 0x0, 0x6, 0xff, 0xff,
    0xff, 0xff, 0xf5, 0x0, 0x0, 0x0, 0x0, 0x0,
    0x0, 0x0, 0x0, 0x0, 0x1f, 0xff, 0xff, 0xff,
    0xff, 0x0, 0x0, 0x0, 0x0, 0x0, 0x0, 0x0,
    0x0, 0x0, 0x0, 0xbf, 0xff, 0xff, 0xff, 0x90,
    0x0, 0x0, 0x0, 0x0, 0x0, 0x0, 0x0, 0x0,
    0x0, 0x5, 0xff, 0xff, 0xff, 0xf3, 0x0, 0x0,
    0x0, 0x0, 0x0,

    /* U+0057 "W" */
    0x7f, 0xff, 0xff, 0xf1, 0x0, 0x0, 0x0, 0x0,
    0x0, 0xdf, 0xff, 0xff, 0xfb, 0x0, 0x0, 0x0,
    0x0, 0x0, 0x3f, 0xff, 0xff, 0xf1, 0x2f, 0xff,
    0xff, 0xf6, 0x0, 0x0, 0x0, 0x0, 0x1, 0xff,
    0xff, 0xff, 0xff, 0x0, 0x0, 0x0, 0x0, 0x0,
    0x7f, 0xff, 0xff, 0xc0, 0xd, 0xff, 0xff, 0xfa,
    0x0, 0x0, 0x0, 0x0, 0x4, 0xff, 0xff, 0xff,
    0xff, 0x30, 0x0, 0x0, 0x0, 0x0, 0xbf, 0xff,
    0xff, 0x70, 0x9, 0xff, 0xff, 0xfe, 0x0, 0x0,
    0x0, 0x0, 0x8, 0xff, 0xff, 0xff, 0xff, 0x60,
    0x0, 0x0, 0x0, 0x0, 0xff, 0xff, 0xff, 0x30,
    0x4, 0xff, 0xff, 0xff, 0x20, 0x0, 0x0, 0x0,
    0xc, 0xff, 0xff, 0xff, 0xff, 0xa0, 0x0, 0x0,
    0x0, 0x3, 0xff, 0xff, 0xfe, 0x0, 0x0, 0xff,
    0xff, 0xff, 0x60, 0x0, 0x0, 0x0, 0xf, 0xff,
    0xff, 0xff, 0xff, 0xd0, 0x0, 0x0, 0x0, 0x8,
    0xff, 0xff, 0xfa, 0x0, 0x0, 0xbf, 0xff, 0xff,
    0xa0, 0x0, 0x0, 0x0, 0x3f, 0xff, 0xff, 0xff,
    0xff, 0xf1, 0x0, 0x0, 0x0, 0xc, 0xff, 0xff,
    0xf5, 0x0, 0x0, 0x7f, 0xff, 0xff, 0xe0, 0x0,
    0x0, 0x0, 0x7f, 0xff, 0xf9, 0xef, 0xff, 0xf5,
    0x0, 0x0, 0x0, 0xf, 0xff, 0xff, 0xf1, 0x0,
    0x0, 0x2f, 0xff, 0xff, 0xf2, 0x0, 0x0, 0x0,
    0xaf, 0xff, 0xf6, 0xbf, 0xff, 0xf8, 0x0, 0x0,
    0x0, 0x4f, 0xff, 0xff, 0xc0, 0x0, 0x0, 0xe,
    0xff, 0xff, 0xf6, 0x0, 0x0, 0x0, 0xef, 0xff,
    0xf2, 0x7f, 0xff, 0xfc, 0x0, 0x0, 0x0, 0x8f,
    0xff, 0xff, 0x70, 0x0, 0x0, 0x9, 0xff, 0xff,
    0xfa, 0x0, 0x0, 0x2, 0xff, 0xff, 0xe0, 0x3f,
    0xff, 0xff, 0x0, 0x0, 0x0, 0xcf, 0xff, 0xff,
    0x30, 0x0, 0x0, 0x5, 0xff, 0xff, 0xfe, 0x0,
    0x0, 0x5, 0xff, 0xff, 0xa0, 0xf, 0xff, 0xff,
    0x30, 0x0, 0x0, 0xff, 0xff, 0xfe, 0x0, 0x0,
    0x0, 0x0, 0xff, 0xff, 0xff, 0x30, 0x0, 0x9,
    0xff, 0xff, 0x60, 0xb, 0xff, 0xff, 0x70, 0x0,
    0x5, 0xff, 0xff, 0xfa, 0x0, 0x0, 0x0, 0x0,
    0xbf, 0xff, 0xff, 0x70, 0x0, 0xd, 0xff, 0xff,
    0x20, 0x8, 0xff, 0xff, 0xa0, 0x0, 0x9, 0xff,
    0xff, 0xf5, 0x0, 0x0, 0x0, 0x0, 0x7f, 0xff,
    0xff, 0xb0, 0x0, 0xf, 0xff, 0xfe, 0x0, 0x4,
    0xff, 0xff, 0xe0, 0x0, 0xd, 0xff, 0xff, 0xf1,
    0x0, 0x0, 0x0, 0x0, 0x2f, 0xff, 0xff, 0xf0,
    0x0, 0x4f, 0xff, 0xfa, 0x0, 0x0, 0xff, 0xff,
    0xf2, 0x0, 0x1f, 0xff, 0xff, 0xc0, 0x0, 0x0,
    0x0, 0x0, 0xe, 0xff, 0xff, 0xf3, 0x0, 0x8f,
    0xff, 0xf7, 0x0, 0x0, 0xcf, 0xff, 0xf5, 0x0,
    0x5f, 0xff, 0xff, 0x70, 0x0, 0x0, 0x0, 0x0,
    0x9, 0xff, 0xff, 0xf7, 0x0, 0xbf, 0xff, 0xf3,
    0x0, 0x0, 0x8f, 0xff, 0xf9, 0x0, 0x9f, 0xff,
    0xff, 0x30, 0x0, 0x0, 0x0, 0x0, 0x5, 0xff,
    0xff, 0xfb, 0x0, 0xff, 0xff, 0xf0, 0x0, 0x0,
    0x4f, 0xff, 0xfd, 0x0, 0xdf, 0xff, 0xfe, 0x0,
    0x0, 0x0, 0x0, 0x0, 0x0, 0xff, 0xff, 0xff,
    0x3, 0xff, 0xff, 0xb0, 0x0, 0x0, 0x1f, 0xff,
    0xff, 0x1, 0xff, 0xff, 0xfa, 0x0, 0x0, 0x0,
    0x0, 0x0, 0x0, 0xcf, 0xff, 0xff, 0x46, 0xff,
    0xff, 0x70, 0x0, 0x0, 0xd, 0xff, 0xff, 0x46,
    0xff, 0xff, 0xf5, 0x0, 0x0, 0x0, 0x0, 0x0,
    0x0, 0x7f, 0xff, 0xff, 0x8a, 0xff, 0xff, 0x30,
    0x0, 0x0, 0x9, 0xff, 0xff, 0x7a, 0xff, 0xff,
    0xf1, 0x0, 0x0, 0x0, 0x0, 0x0, 0x0, 0x2f,
    0xff, 0xff, 0xce, 0xff, 0xff, 0x0, 0x0, 0x0,
    0x5, 0xff, 0xff, 0xbe, 0xff, 0xff, 0xc0, 0x0,
    0x0, 0x0, 0x0, 0x0, 0x0, 0xe, 0xff, 0xff,
    0xff, 0xff, 0xfb, 0x0, 0x0, 0x0, 0x1, 0xff,
    0xff, 0xff, 0xff, 0xff, 0x80, 0x0, 0x0, 0x0,
    0x0, 0x0, 0x0, 0x9, 0xff, 0xff, 0xff, 0xff,
    0xf8, 0x0, 0x0, 0x0, 0x0, 0xef, 0xff, 0xff,
    0xff, 0xff, 0x30, 0x0, 0x0, 0x0, 0x0, 0x0,
    0x0, 0x5, 0xff, 0xff, 0xff, 0xff, 0xf4, 0x0,
    0x0, 0x0, 0x0, 0xaf, 0xff, 0xff, 0xff, 0xfe,
    0x0, 0x0, 0x0, 0x0, 0x0, 0x0, 0x0, 0x1,
    0xff, 0xff, 0xff, 0xff, 0xf0, 0x0, 0x0, 0x0,
    0x0, 0x6f, 0xff, 0xff, 0xff, 0xfa, 0x0, 0x0,
    0x0, 0x0, 0x0, 0x0, 0x0, 0x0, 0xcf, 0xff,
    0xff, 0xff, 0xc0, 0x0, 0x0, 0x0, 0x0, 0x2f,
    0xff, 0xff, 0xff, 0xf5, 0x0, 0x0, 0x0, 0x0,
    0x0, 0x0, 0x0, 0x0, 0x7f, 0xff, 0xff, 0xff,
    0x80, 0x0, 0x0, 0x0, 0x0, 0xe, 0xff, 0xff,
    0xff, 0xf1, 0x0, 0x0, 0x0, 0x0, 0x0, 0x0,
    0x0, 0x0, 0x3f, 0xff, 0xff, 0xff, 0x40, 0x0,
    0x0, 0x0, 0x0, 0xa, 0xff, 0xff, 0xff, 0xc0,
    0x0, 0x0, 0x0, 0x0,

    /* U+0058 "X" */
    0x1, 0xef, 0xff, 0xff, 0xf8, 0x0, 0x0, 0x0,
    0x0, 0x0, 0x0, 0xef, 0xff, 0xff, 0xd0, 0x0,
    0x5f, 0xff, 0xff, 0xff, 0x20, 0x0, 0x0, 0x0,
    0x0, 0x9, 0xff, 0xff, 0xff, 0x20, 0x0, 0xa,
    0xff, 0xff, 0xff, 0xc0, 0x0, 0x0, 0x0, 0x0,
    0x4f, 0xff, 0xff, 0xf6, 0x0, 0x0, 0x0, 0xef,
    0xff, 0xff, 0xf6, 0x0, 0x0, 0x0, 0x0, 0xef,
    0xff, 0xff, 0xb0, 0x0, 0x0, 0x0, 0x4f, 0xff,
    0xff, 0xff, 0x10, 0x0, 0x0, 0x9, 0xff, 0xff,
    0xfe, 0x10, 0x0, 0x0, 0x0, 0x8, 0xff, 0xff,
    0xff, 0xb0, 0x0, 0x0, 0x4f, 0xff, 0xff, 0xf4,
    0x0, 0x0, 0x0, 0x0, 0x0, 0xdf, 0xff, 0xff,
    0xf5, 0x0, 0x0, 0xdf, 0xff, 0xff, 0x80, 0x0,
    0x0, 0x0, 0x0, 0x0, 0x3f, 0xff, 0xff, 0xfe,
    0x0, 0x9, 0xff, 0xff, 0xfc, 0x0, 0x0, 0x0,
    0x0, 0x0, 0x0, 0x7, 0xff, 0xff, 0xff, 0x90,
    0x3f, 0xff, 0xff, 0xf2, 0x0, 0x0, 0x0, 0x0,
    0x0, 0x0, 0x0, 0xcf, 0xff, 0xff, 0xf4, 0xdf,
    0xff, 0xff, 0x50, 0x0, 0x0, 0x0, 0x0, 0x0,
    0x0, 0x0, 0x2f, 0xff, 0xff, 0xff, 0xff, 0xff,
    0xf9, 0x0, 0x0, 0x0, 0x0, 0x0, 0x0, 0x0,
    0x0, 0x6, 0xff, 0xff, 0xff, 0xff, 0xff, 0xd0,
    0x0, 0x0, 0x0, 0x0, 0x0, 0x0, 0x0, 0x0,
    0x0, 0xbf, 0xff, 0xff, 0xff, 0xff, 0x20, 0x0,
    0x0, 0x0, 0x0, 0x0, 0x0, 0x0, 0x0, 0x0,
    0x1e, 0xff, 0xff, 0xff, 0xf6, 0x0, 0x0, 0x0,
    0x0, 0x0, 0x0, 0x0, 0x0, 0x0, 0x0, 0x6,
    0xff, 0xff, 0xff, 0xd0, 0x0, 0x0, 0x0, 0x0,
    0x0, 0x0, 0x0, 0x0, 0x0, 0x0, 0x9, 0xff,
    0xff, 0xff, 0xf3, 0x0, 0x0, 0x0, 0x0, 0x0,
    0x0, 0x0, 0x0, 0x0, 0x0, 0x5f, 0xff, 0xff,
    0xff, 0xfd, 0x0, 0x0, 0x0, 0x0, 0x0, 0x0,
    0x0, 0x0, 0x0, 0x2, 0xff, 0xff, 0xff, 0xff,
    0xff, 0x90, 0x0, 0x0, 0x0, 0x0, 0x0, 0x0,
    0x0, 0x0, 0xc, 0xff, 0xff, 0xff, 0xff, 0xff,
    0xf4, 0x0, 0x0, 0x0, 0x0, 0x0, 0x0, 0x0,
    0x0, 0x8f, 0xff, 0xff, 0xae, 0xff, 0xff, 0xfe,
    0x10, 0x0, 0x0, 0x0, 0x0, 0x0, 0x0, 0x4,
    0xff, 0xff, 0xfe, 0x16, 0xff, 0xff, 0xff, 0xa0,
    0x0, 0x0, 0x0, 0x0, 0x0, 0x0, 0x1e, 0xff,
    0xff, 0xf5, 0x0, 0xbf, 0xff, 0xff, 0xf5, 0x0,
    0x0, 0x0, 0x0, 0x0, 0x0, 0xbf, 0xff, 0xff,
    0xa0, 0x0, 0x2f, 0xff, 0xff, 0xff, 0x10, 0x0,
    0x0, 0x0, 0x0, 0x6, 0xff, 0xff, 0xfe, 0x10,
    0x0, 0x7, 0xff, 0xff, 0xff, 0xb0, 0x0, 0x0,
    0x0, 0x0, 0x3f, 0xff, 0xff, 0xf5, 0x0, 0x0,
    0x0, 0xdf, 0xff, 0xff, 0xf6, 0x0, 0x0, 0x0,
    0x0, 0xdf, 0xff, 0xff, 0xa0, 0x0, 0x0, 0x0,
    0x3f, 0xff, 0xff, 0xff, 0x20, 0x0, 0x0, 0x9,
    0xff, 0xff, 0xfe, 0x10, 0x0, 0x0, 0x0, 0x8,
    0xff, 0xff, 0xff, 0xc0, 0x0, 0x0, 0x5f, 0xff,
    0xff, 0xf5, 0x0, 0x0, 0x0, 0x0, 0x0, 0xef,
    0xff, 0xff, 0xf8, 0x0, 0x2, 0xff, 0xff, 0xff,
    0xa0, 0x0, 0x0, 0x0, 0x0, 0x0, 0x4f, 0xff,
    0xff, 0xff, 0x30, 0xc, 0xff, 0xff, 0xfe, 0x10,
    0x0, 0x0, 0x0, 0x0, 0x0, 0xa, 0xff, 0xff,
    0xff, 0xd0,

    /* U+0059 "Y" */
    0x3f, 0xff, 0xff, 0xff, 0x80, 0x0, 0x0, 0x0,
    0x0, 0x0, 0x0, 0xef, 0xff, 0xff, 0xf2, 0x9,
    0xff, 0xff, 0xff, 0xf1, 0x0, 0x0, 0x0, 0x0,
    0x0, 0x7, 0xff, 0xff, 0xff, 0x80, 0x0, 0xef,
    0xff, 0xff, 0xfa, 0x0, 0x0, 0x0, 0x0, 0x0,
    0x1f, 0xff, 0xff, 0xfd, 0x0, 0x0, 0x5f, 0xff,
    0xff, 0xff, 0x30, 0x0, 0x0, 0x0, 0x0, 0x9f,
    0xff, 0xff, 0xf3, 0x0, 0x0, 0xb, 0xff, 0xff,
    0xff, 0xc0, 0x0, 0x0, 0x0, 0x2, 0xff, 0xff,
    0xff, 0x90, 0x0, 0x0, 0x1, 0xff, 0xff, 0xff,
    0xf5, 0x0, 0x0, 0x0, 0xb, 0xff, 0xff, 0xfe,
    0x10, 0x0, 0x0, 0x0, 0x7f, 0xff, 0xff, 0xfd,
    0x0, 0x0, 0x0, 0x4f, 0xff, 0xff, 0xf5, 0x0,
    0x0, 0x0, 0x0, 0xc, 0xff, 0xff, 0xff, 0x70,
    0x0, 0x0, 0xdf, 0xff, 0xff, 0xb0, 0x0, 0x0,
    0x0, 0x0, 0x3, 0xff, 0xff, 0xff, 0xe1, 0x0,
    0x6, 0xff, 0xff, 0xff, 0x20, 0x0, 0x0, 0x0,
    0x0, 0x0, 0x8f, 0xff, 0xff, 0xf9, 0x0, 0xe,
    0xff, 0xff, 0xf7, 0x0, 0x0, 0x0, 0x0, 0x0,
    0x0, 0xe, 0xff, 0xff, 0xff, 0x20, 0x8f, 0xff,
    0xff, 0xd0, 0x0, 0x0, 0x0, 0x0, 0x0, 0x0,
    0x4, 0xff, 0xff, 0xff, 0xa1, 0xff, 0xff, 0xff,
    0x30, 0x0, 0x0, 0x0, 0x0, 0x0, 0x0, 0x0,
    0xaf, 0xff, 0xff, 0xfc, 0xff, 0xff, 0xf9, 0x0,
    0x0, 0x0, 0x0, 0x0, 0x0, 0x0, 0x0, 0x1f,
    0xff, 0xff, 0xff, 0xff, 0xff, 0xe0, 0x0, 0x0,
    0x0, 0x0, 0x0, 0x0, 0x0, 0x0, 0x6, 0xff,
    0xff, 0xff, 0xff, 0xff, 0x50, 0x0, 0x0, 0x0,
    0x0, 0x0, 0x0, 0x0, 0x0, 0x0, 0xcf, 0xff,
    0xff, 0xff, 0xfa, 0x0, 0x0, 0x0, 0x0, 0x0,
    0x0, 0x0, 0x0, 0x0, 0x0, 0x2f, 0xff, 0xff,
    0xff, 0xf1, 0x0, 0x0, 0x0, 0x0, 0x0, 0x0,
    0x0, 0x0, 0x0, 0x0, 0x8, 0xff, 0xff, 0xff,
    0x60, 0x0, 0x0, 0x0, 0x0, 0x0, 0x0, 0x0,
    0x0, 0x0, 0x0, 0x4, 0xff, 0xff, 0xff, 0x30,
    0x0, 0x0, 0x0, 0x0, 0x0, 0x0, 0x0, 0x0,
    0x0, 0x0, 0x4, 0xff, 0xff, 0xff, 0x30, 0x0,
    0x0, 0x0, 0x0, 0x0, 0x0, 0x0, 0x0, 0x0,
    0x0, 0x4, 0xff, 0xff, 0xff, 0x30, 0x0, 0x0,
    0x0, 0x0, 0x0, 0x0, 0x0, 0x0, 0x0, 0x0,
    0x4, 0xff, 0xff, 0xff, 0x30, 0x0, 0x0, 0x0,
    0x0, 0x0, 0x0, 0x0, 0x0, 0x0, 0x0, 0x4,
    0xff, 0xff, 0xff, 0x30, 0x0, 0x0, 0x0, 0x0,
    0x0, 0x0, 0x0, 0x0, 0x0, 0x0, 0x4, 0xff,
    0xff, 0xff, 0x30, 0x0, 0x0, 0x0, 0x0, 0x0,
    0x0, 0x0, 0x0, 0x0, 0x0, 0x4, 0xff, 0xff,
    0xff, 0x30, 0x0, 0x0, 0x0, 0x0, 0x0, 0x0,
    0x0, 0x0, 0x0, 0x0, 0x4, 0xff, 0xff, 0xff,
    0x30, 0x0, 0x0, 0x0, 0x0, 0x0, 0x0, 0x0,
    0x0, 0x0, 0x0, 0x4, 0xff, 0xff, 0xff, 0x30,
    0x0, 0x0, 0x0, 0x0, 0x0, 0x0, 0x0, 0x0,
    0x0, 0x0, 0x4, 0xff, 0xff, 0xff, 0x30, 0x0,
    0x0, 0x0, 0x0, 0x0, 0x0, 0x0, 0x0, 0x0,
    0x0, 0x4, 0xff, 0xff, 0xff, 0x30, 0x0, 0x0,
    0x0, 0x0, 0x0, 0x0, 0x0, 0x0, 0x0, 0x0,
    0x4, 0xff, 0xff, 0xff, 0x30, 0x0, 0x0, 0x0,
    0x0, 0x0,

    /* U+005A "Z" */
    0xb, 0xff, 0xff, 0xff, 0xff, 0xff, 0xff, 0xff,
    0xff, 0xff, 0xff, 0xff, 0x0, 0xbf, 0xff, 0xff,
    0xff, 0xff, 0xff, 0xff, 0xff, 0xff, 0xff, 0xff,
    0xf0, 0xb, 0xff, 0xff, 0xff, 0xff, 0xff, 0xff,
    0xff, 0xff, 0xff, 0xff, 0xff, 0x0, 0xbf, 0xff,
    0xff, 0xff, 0xff, 0xff, 0xff, 0xff, 0xff, 0xff,
    0xff, 0xf0, 0xb, 0xff, 0xff, 0xff, 0xff, 0xff,
    0xff, 0xff, 0xff, 0xff, 0xff, 0xfd, 0x0, 0x0,
    0x0, 0x0, 0x0, 0x0, 0x0, 0x0, 0xbf, 0xff,
    0xff, 0xff, 0x30, 0x0, 0x0, 0x0, 0x0, 0x0,
    0x0, 0x0, 0x7f, 0xff, 0xff, 0xff, 0x70, 0x0,
    0x0, 0x0, 0x0, 0x0, 0x0, 0x0, 0x3f, 0xff,
    0xff, 0xff, 0xb0, 0x0, 0x0, 0x0, 0x0, 0x0,
    0x0, 0x0, 0xd, 0xff, 0xff, 0xff, 0xe1, 0x0,
    0x0, 0x0, 0x0, 0x0, 0x0, 0x0, 0xa, 0xff,
    0xff, 0xff, 0xf4, 0x0, 0x0, 0x0, 0x0, 0x0,
    0x0, 0x0, 0x5, 0xff, 0xff, 0xff, 0xf9, 0x0,
    0x0, 0x0, 0x0, 0x0, 0x0, 0x0, 0x2, 0xff,
    0xff, 0xff, 0xfc, 0x0, 0x0, 0x0, 0x0, 0x0,
    0x0, 0x0, 0x0, 0xcf, 0xff, 0xff, 0xff, 0x20,
    0x0, 0x0, 0x0, 0x0, 0x0, 0x0, 0x0, 0x8f,
    0xff, 0xff, 0xff, 0x60, 0x0, 0x0, 0x0, 0x0,
    0x0, 0x0, 0x0, 0x4f, 0xff, 0xff, 0xff, 0xa0,
    0x0, 0x0, 0x0, 0x0, 0x0, 0x0, 0x0, 0x1e,
    0xff, 0xff, 0xff, 0xe1, 0x0, 0x0, 0x0, 0x0,
    0x0, 0x0, 0x0, 0xb, 0xff, 0xff, 0xff, 0xf3,
    0x0, 0x0, 0x0, 0x0, 0x0, 0x0, 0x0, 0x6,
    0xff, 0xff, 0xff, 0xf8, 0x0, 0x0, 0x0, 0x0,
    0x0, 0x0, 0x0, 0x2, 0xff, 0xff, 0xff, 0xfc,
    0x0, 0x0, 0x0, 0x0, 0x0, 0x0, 0x0, 0x0,
    0xdf, 0xff, 0xff, 0xfe, 0x10, 0x0, 0x0, 0x0,
    0x0, 0x0, 0x0, 0x0, 0x9f, 0xff, 0xff, 0xff,
    0x50, 0x0, 0x0, 0x0, 0x0, 0x0, 0x0, 0x0,
    0x5f, 0xff, 0xff, 0xff, 0x90, 0x0, 0x0, 0x0,
    0x0, 0x0, 0x0, 0x0, 0x2e, 0xff, 0xff, 0xff,
    0xd0, 0x0, 0x0, 0x0, 0x0, 0x0, 0x0, 0x0,
    0xc, 0xff, 0xff, 0xff, 0xf2, 0x0, 0x0, 0x0,
    0x0, 0x0, 0x0, 0x0, 0x8, 0xff, 0xff, 0xff,
    0xf6, 0x0, 0x0, 0x0, 0x0, 0x0, 0x0, 0x0,
    0x3, 0xff, 0xff, 0xff, 0xff, 0xff, 0xff, 0xff,
    0xff, 0xff, 0xff, 0xff, 0xf2, 0x5f, 0xff, 0xff,
    0xff, 0xff, 0xff, 0xff, 0xff, 0xff, 0xff, 0xff,
    0xff, 0x25, 0xff, 0xff, 0xff, 0xff, 0xff, 0xff,
    0xff, 0xff, 0xff, 0xff, 0xff, 0xf2, 0x5f, 0xff,
    0xff, 0xff, 0xff, 0xff, 0xff, 0xff, 0xff, 0xff,
    0xff, 0xff, 0x25, 0xff, 0xff, 0xff, 0xff, 0xff,
    0xff, 0xff, 0xff, 0xff, 0xff, 0xff, 0xf2,

    /* U+005B "[" */
    0xaf, 0xff, 0xff, 0xff, 0xff, 0xff, 0xff, 0xa,
    0xff, 0xff, 0xff, 0xff, 0xff, 0xff, 0xf0, 0xaf,
    0xff, 0xff, 0xff, 0xff, 0xff, 0xff, 0xa, 0xff,
    0xff, 0xff, 0xff, 0xff, 0xff, 0xf0, 0xaf, 0xff,
    0xff, 0xff, 0xff, 0xff, 0xff, 0xa, 0xff, 0xff,
    0xf5, 0x0, 0x0, 0x0, 0x0, 0xaf, 0xff, 0xff,
    0x50, 0x0, 0x0, 0x0, 0xa, 0xff, 0xff, 0xf5,
    0x0, 0x0, 0x0, 0x0, 0xaf, 0xff, 0xff, 0x50,
    0x0, 0x0, 0x0, 0xa, 0xff, 0xff, 0xf5, 0x0,
    0x0, 0x0, 0x0, 0xaf, 0xff, 0xff, 0x50, 0x0,
    0x0, 0x0, 0xa, 0xff, 0xff, 0xf5, 0x0, 0x0,
    0x0, 0x0, 0xaf, 0xff, 0xff, 0x50, 0x0, 0x0,
    0x0, 0xa, 0xff, 0xff, 0xf5, 0x0, 0x0, 0x0,
    0x0, 0xaf, 0xff, 0xff, 0x50, 0x0, 0x0, 0x0,
    0xa, 0xff, 0xff, 0xf5, 0x0, 0x0, 0x0, 0x0,
    0xaf, 0xff, 0xff, 0x50, 0x0, 0x0, 0x0, 0xa,
    0xff, 0xff, 0xf5, 0x0, 0x0, 0x0, 0x0, 0xaf,
    0xff, 0xff, 0x50, 0x0, 0x0, 0x0, 0xa, 0xff,
    0xff, 0xf5, 0x0, 0x0, 0x0, 0x0, 0xaf, 0xff,
    0xff, 0x50, 0x0, 0x0, 0x0, 0xa, 0xff, 0xff,
    0xf5, 0x0, 0x0, 0x0, 0x0, 0xaf, 0xff, 0xff,
    0x50, 0x0, 0x0, 0x0, 0xa, 0xff, 0xff, 0xf5,
    0x0, 0x0, 0x0, 0x0, 0xaf, 0xff, 0xff, 0x50,
    0x0, 0x0, 0x0, 0xa, 0xff, 0xff, 0xf5, 0x0,
    0x0, 0x0, 0x0, 0xaf, 0xff, 0xff, 0x50, 0x0,
    0x0, 0x0, 0xa, 0xff, 0xff, 0xf5, 0x0, 0x0,
    0x0, 0x0, 0xaf, 0xff, 0xff, 0x50, 0x0, 0x0,
    0x0, 0xa, 0xff, 0xff, 0xf5, 0x0, 0x0, 0x0,
    0x0, 0xaf, 0xff, 0xff, 0x50, 0x0, 0x0, 0x0,
    0xa, 0xff, 0xff, 0xff, 0xff, 0xff, 0xff, 0xf0,
    0xaf, 0xff, 0xff, 0xff, 0xff, 0xff, 0xff, 0xa,
    0xff, 0xff, 0xff, 0xff, 0xff, 0xff, 0xf0, 0xaf,
    0xff, 0xff, 0xff, 0xff, 0xff, 0xff, 0xa, 0xff,
    0xff, 0xff, 0xff, 0xff, 0xff, 0xf0,

    /* U+005C "\\" */
    0xcf, 0xff, 0xfa, 0x0, 0x0, 0x0, 0x0, 0x0,
    0x7, 0xff, 0xff, 0xf0, 0x0, 0x0, 0x0, 0x0,
    0x0, 0x2f, 0xff, 0xff, 0x40, 0x0, 0x0, 0x0,
    0x0, 0x0, 0xdf, 0xff, 0xf9, 0x0, 0x0, 0x0,
    0x0, 0x0, 0x8, 0xff, 0xff, 0xe0, 0x0, 0x0,
    0x0, 0x0, 0x0, 0x4f, 0xff, 0xff, 0x30, 0x0,
    0x0, 0x0, 0x0, 0x0, 0xef, 0xff, 0xf8, 0x0,
    0x0, 0x0, 0x0, 0x0, 0xa, 0xff, 0xff, 0xd0,
    0x0, 0x0, 0x0, 0x0, 0x0, 0x5f, 0xff, 0xff,
    0x20, 0x0, 0x0, 0x0, 0x0, 0x0, 0xff, 0xff,
    0xf7, 0x0, 0x0, 0x0, 0x0, 0x0, 0xb, 0xff,
    0xff, 0xc0, 0x0, 0x0, 0x0, 0x0, 0x0, 0x6f,
    0xff, 0xff, 0x10, 0x0, 0x0, 0x0, 0x0, 0x1,
    0xff, 0xff, 0xf6, 0x0, 0x0, 0x0, 0x0, 0x0,
    0xc, 0xff, 0xff, 0xa0, 0x0, 0x0, 0x0, 0x0,
    0x0, 0x7f, 0xff, 0xff, 0x0, 0x0, 0x0, 0x0,
    0x0, 0x2, 0xff, 0xff, 0xf4, 0x0, 0x0, 0x0,
    0x0, 0x0, 0xd, 0xff, 0xff, 0x90, 0x0, 0x0,
    0x0, 0x0, 0x0, 0x8f, 0xff, 0xfe, 0x0, 0x0,
    0x0, 0x0, 0x0, 0x3, 0xff, 0xff, 0xf3, 0x0,
    0x0, 0x0, 0x0, 0x0, 0xe, 0xff, 0xff, 0x80,
    0x0, 0x0, 0x0, 0x0, 0x0, 0x9f, 0xff, 0xfd,
    0x0, 0x0, 0x0, 0x0, 0x0, 0x4, 0xff, 0xff,
    0xf2, 0x0, 0x0, 0x0, 0x0, 0x0, 0xf, 0xff,
    0xff, 0x70, 0x0, 0x0, 0x0, 0x0, 0x0, 0xaf,
    0xff, 0xfc, 0x0, 0x0, 0x0, 0x0, 0x0, 0x5,
    0xff, 0xff, 0xf1, 0x0, 0x0, 0x0, 0x0, 0x0,
    0x1f, 0xff, 0xff, 0x60, 0x0, 0x0, 0x0, 0x0,
    0x0, 0xcf, 0xff, 0xfb, 0x0, 0x0, 0x0, 0x0,
    0x0, 0x7, 0xff, 0xff, 0xf0, 0x0, 0x0, 0x0,
    0x0, 0x0, 0x2f, 0xff, 0xff, 0x50, 0x0, 0x0,
    0x0, 0x0, 0x0, 0xdf, 0xff, 0xfa, 0x0, 0x0,
    0x0, 0x0, 0x0, 0x8, 0xff, 0xff, 0xe0, 0x0,
    0x0, 0x0, 0x0, 0x0, 0x3f, 0xff, 0xff, 0x40,
    0x0, 0x0, 0x0, 0x0, 0x0, 0xef, 0xff, 0xf8,
    0x0, 0x0, 0x0, 0x0, 0x0, 0x9, 0xff, 0xff,
    0xd0, 0x0, 0x0, 0x0, 0x0, 0x0, 0x4f, 0xff,
    0xff, 0x20, 0x0, 0x0, 0x0, 0x0, 0x0, 0xff,
    0xff, 0xf7,

    /* U+005D "]" */
    0xef, 0xff, 0xff, 0xff, 0xff, 0xff, 0xfc, 0xef,
    0xff, 0xff, 0xff, 0xff, 0xff, 0xfc, 0xef, 0xff,
    0xff, 0xff, 0xff, 0xff, 0xfc, 0xef, 0xff, 0xff,
    0xff, 0xff, 0xff, 0xfc, 0xef, 0xff, 0xff, 0xff,
    0xff, 0xff, 0xfc, 0x0, 0x0, 0x0, 0x2, 0xff,
    0xff, 0xfc, 0x0, 0x0, 0x0, 0x2, 0xff, 0xff,
    0xfc, 0x0, 0x0, 0x0, 0x2, 0xff, 0xff, 0xfc,
    0x0, 0x0, 0x0, 0x2, 0xff, 0xff, 0xfc, 0x0,
    0x0, 0x0, 0x2, 0xff, 0xff, 0xfc, 0x0, 0x0,
    0x0, 0x2, 0xff, 0xff, 0xfc, 0x0, 0x0, 0x0,
    0x2, 0xff, 0xff, 0xfc, 0x0, 0x0, 0x0, 0x2,
    0xff, 0xff, 0xfc, 0x0, 0x0, 0x0, 0x2, 0xff,
    0xff, 0xfc, 0x0, 0x0, 0x0, 0x2, 0xff, 0xff,
    0xfc, 0x0, 0x0, 0x0, 0x2, 0xff, 0xff, 0xfc,
    0x0, 0x0, 0x0, 0x2, 0xff, 0xff, 0xfc, 0x0,
    0x0, 0x0, 0x2, 0xff, 0xff, 0xfc, 0x0, 0x0,
    0x0, 0x2, 0xff, 0xff, 0xfc, 0x0, 0x0, 0x0,
    0x2, 0xff, 0xff, 0xfc, 0x0, 0x0, 0x0, 0x2,
    0xff, 0xff, 0xfc, 0x0, 0x0, 0x0, 0x2, 0xff,
    0xff, 0xfc, 0x0, 0x0, 0x0, 0x2, 0xff, 0xff,
    0xfc, 0x0, 0x0, 0x0, 0x2, 0xff, 0xff, 0xfc,
    0x0, 0x0, 0x0, 0x2, 0xff, 0xff, 0xfc, 0x0,
    0x0, 0x0, 0x2, 0xff, 0xff, 0xfc, 0x0, 0x0,
    0x0, 0x2, 0xff, 0xff, 0xfc, 0x0, 0x0, 0x0,
    0x2, 0xff, 0xff, 0xfc, 0x0, 0x0, 0x0, 0x2,
    0xff, 0xff, 0xfc, 0x0, 0x0, 0x0, 0x2, 0xff,
    0xff, 0xfc, 0x0, 0x0, 0x0, 0x2, 0xff, 0xff,
    0xfc, 0xef, 0xff, 0xff, 0xff, 0xff, 0xff, 0xfc,
    0xef, 0xff, 0xff, 0xff, 0xff, 0xff, 0xfc, 0xef,
    0xff, 0xff, 0xff, 0xff, 0xff, 0xfc, 0xef, 0xff,
    0xff, 0xff, 0xff, 0xff, 0xfc, 0xef, 0xff, 0xff,
    0xff, 0xff, 0xff, 0xfc,

    /* U+005E "^" */
    0x0, 0x0, 0x0, 0x18, 0x88, 0x88, 0x20, 0x0,
    0x0, 0x0, 0x0, 0x0, 0xa, 0xff, 0xff, 0xfc,
    0x0, 0x0, 0x0, 0x0, 0x0, 0x3, 0xff, 0xff,
    0xff, 0xf6, 0x0, 0x0, 0x0, 0x0, 0x0, 0xdf,
    0xff, 0xff, 0xff, 0xe1, 0x0, 0x0, 0x0, 0x0,
    0x7f, 0xff, 0xff, 0xff, 0xff, 0x90, 0x0, 0x0,
    0x0, 0x1f, 0xff, 0xfe, 0x2d, 0xff, 0xff, 0x30,
    0x0, 0x0, 0xb, 0xff, 0xff, 0x50, 0x3f, 0xff,
    0xfd, 0x0, 0x0, 0x4, 0xff, 0xff, 0xa0, 0x0,
    0x8f, 0xff, 0xf7, 0x0, 0x0, 0xdf, 0xff, 0xe1,
    0x0, 0x0, 0xdf, 0xff, 0xf1, 0x0, 0x8f, 0xff,
    0xf4, 0x0, 0x0, 0x2, 0xff, 0xff, 0xa0, 0x2f,
    0xff, 0xf9, 0x0, 0x0, 0x0, 0x7, 0xff, 0xff,
    0x40,

    /* U+005F "_" */
    0xaa, 0xaa, 0xaa, 0xaa, 0xaa, 0xaa, 0xaa, 0xaa,
    0xaa, 0xaa, 0x4f, 0xff, 0xff, 0xff, 0xff, 0xff,
    0xff, 0xff, 0xff, 0xff, 0xf6, 0xff, 0xff, 0xff,
    0xff, 0xff, 0xff, 0xff, 0xff, 0xff, 0xff, 0x6f,
    0xff, 0xff, 0xff, 0xff, 0xff, 0xff, 0xff, 0xff,
    0xff, 0xf6, 0xff, 0xff, 0xff, 0xff, 0xff, 0xff,
    0xff, 0xff, 0xff, 0xff, 0x60,

    /* U+0060 "`" */
    0x1a, 0xaa, 0xaa, 0xaa, 0x90, 0x0, 0x0, 0x5f,
    0xff, 0xff, 0xff, 0x90, 0x0, 0x0, 0x4f, 0xff,
    0xff, 0xff, 0x30, 0x0, 0x0, 0x4f, 0xff, 0xff,
    0xfc, 0x0, 0x0, 0x0, 0x3f, 0xff, 0xff, 0xf7,
    0x0, 0x0, 0x0, 0x3e, 0xff, 0xff, 0xf1, 0x0,
    0x0, 0x0, 0x2e, 0xff, 0xff, 0xb0,

    /* U+0061 "a" */
    0x0, 0x0, 0x0, 0x49, 0xce, 0xff, 0xfd, 0xa6,
    0x0, 0x0, 0x0, 0x0, 0x0, 0x5d, 0xff, 0xff,
    0xff, 0xff, 0xff, 0xf7, 0x0, 0x0, 0x0, 0x8,
    0xff, 0xff, 0xff, 0xff, 0xff, 0xff, 0xff, 0xa0,
    0x0, 0x0, 0x7f, 0xff, 0xff, 0xff, 0xff, 0xff,
    0xff, 0xff, 0xf7, 0x0, 0x2, 0xff, 0xff, 0xff,
    0xfb, 0x99, 0xcf, 0xff, 0xff, 0xff, 0x0, 0x8,
    0xff, 0xff, 0xfd, 0x20, 0x0, 0x5, 0xff, 0xff,
    0xff, 0x50, 0x8, 0xaa, 0xaa, 0xa3, 0x0, 0x0,
    0x0, 0xcf, 0xff, 0xff, 0x80, 0x0, 0x0, 0x0,
    0x0, 0x0, 0x0, 0x0, 0xaf, 0xff, 0xff, 0xa0,
    0x0, 0x0, 0x0, 0x0, 0x0, 0x14, 0x68, 0xdf,
    0xff, 0xff, 0xa0, 0x0, 0x0, 0x1, 0x6a, 0xdf,
    0xff, 0xff, 0xff, 0xff, 0xff, 0xa0, 0x0, 0x1,
    0xaf, 0xff, 0xff, 0xff, 0xff, 0xff, 0xff, 0xff,
    0xa0, 0x0, 0x5f, 0xff, 0xff, 0xff, 0xff, 0xff,
    0xff, 0xff, 0xff, 0xa0, 0x4, 0xff, 0xff, 0xff,
    0xfb, 0x85, 0x30, 0xaf, 0xff, 0xff, 0xa0, 0xd,
    0xff, 0xff, 0xfa, 0x0, 0x0, 0x0, 0xaf, 0xff,
    0xff, 0xa0, 0x3f, 0xff, 0xff, 0xf0, 0x0, 0x0,
    0x0, 0xcf, 0xff, 0xff, 0xa0, 0x6f, 0xff, 0xff,
    0xe0, 0x0, 0x0, 0x3, 0xff, 0xff, 0xff, 0xa0,
    0x6f, 0xff, 0xff, 0xf5, 0x0, 0x0, 0x6f, 0xff,
    0xff, 0xff, 0xa0, 0x4f, 0xff, 0xff, 0xff, 0xca,
    0xbe, 0xff, 0xff, 0xff, 0xff, 0xa0, 0xf, 0xff,
    0xff, 0xff, 0xff, 0xff, 0xff, 0xcf, 0xff, 0xff,
    0xb0, 0x6, 0xff, 0xff, 0xff, 0xff, 0xff, 0xf9,
    0x6f, 0xff, 0xff, 0xc0, 0x0, 0x6f, 0xff, 0xff,
    0xff, 0xff, 0x80, 0x4f, 0xff, 0xff, 0xf0, 0x0,
    0x2, 0x8c, 0xff, 0xfd, 0x82, 0x0, 0x1f, 0xff,
    0xff, 0xf2,

    /* U+0062 "b" */
    0x7f, 0xff, 0xff, 0xd0, 0x0, 0x0, 0x0, 0x0,
    0x0, 0x0, 0x0, 0x0, 0x7f, 0xff, 0xff, 0xd0,
    0x0, 0x0, 0x0, 0x0, 0x0, 0x0, 0x0, 0x0,
    0x7f, 0xff, 0xff, 0xd0, 0x0, 0x0, 0x0, 0x0,
    0x0, 0x0, 0x0, 0x0, 0x7f, 0xff, 0xff, 0xd0,
    0x0, 0x0, 0x0, 0x0, 0x0, 0x0, 0x0, 0x0,
    0x7f, 0xff, 0xff, 0xd0, 0x0, 0x0, 0x0, 0x0,
    0x0, 0x0, 0x0, 0x0, 0x7f, 0xff, 0xff, 0xd0,
    0x0, 0x0, 0x0, 0x0, 0x0, 0x0, 0x0, 0x0,
    0x7f, 0xff, 0xff, 0xd0, 0x0, 0x0, 0x0, 0x0,
    0x0, 0x0, 0x0, 0x0, 0x7f, 0xff, 0xff, 0xd0,
    0x0, 0x0, 0x0, 0x0, 0x0, 0x0, 0x0, 0x0,
    0x7f, 0xff, 0xff, 0xd0, 0x1, 0x6b, 0xef, 0xfe,
    0xa5, 0x0, 0x0, 0x0, 0x7f, 0xff, 0xff, 0xd0,
    0x5e, 0xff, 0xff, 0xff, 0xff, 0xd4, 0x0, 0x0,
    0x7f, 0xff, 0xff, 0xd5, 0xff, 0xff, 0xff, 0xff,
    0xff, 0xff, 0x50, 0x0, 0x7f, 0xff, 0xff, 0xde,
    0xff, 0xff, 0xff, 0xff, 0xff, 0xff, 0xf3, 0x0,
    0x7f, 0xff, 0xff, 0xff, 0xff, 0xff, 0xff, 0xff,
    0xff, 0xff, 0xfd, 0x0, 0x7f, 0xff, 0xff, 0xff,
    0xf9, 0x31, 0x25, 0xdf, 0xff, 0xff, 0xff, 0x50,
    0x7f, 0xff, 0xff, 0xff, 0x40, 0x0, 0x0, 0xa,
    0xff, 0xff, 0xff, 0xb0, 0x7f, 0xff, 0xff, 0xf8,
    0x0, 0x0, 0x0, 0x0, 0xef, 0xff, 0xff, 0xf0,
    0x7f, 0xff, 0xff, 0xf1, 0x0, 0x0, 0x0, 0x0,
    0x8f, 0xff, 0xff, 0xf3, 0x7f, 0xff, 0xff, 0xd0,
    0x0, 0x0, 0x0, 0x0, 0x4f, 0xff, 0xff, 0xf5,
    0x7f, 0xff, 0xff, 0xc0, 0x0, 0x0, 0x0, 0x0,
    0x3f, 0xff, 0xff, 0xf5, 0x7f, 0xff, 0xff, 0xc0,
    0x0, 0x0, 0x0, 0x0, 0x3f, 0xff, 0xff, 0xf5,
    0x7f, 0xff, 0xff, 0xd0, 0x0, 0x0, 0x0, 0x0,
    0x4f, 0xff, 0xff, 0xf4, 0x7f, 0xff, 0xff, 0xf1,
    0x0, 0x0, 0x0, 0x0, 0x8f, 0xff, 0xff, 0xf2,
    0x7f, 0xff, 0xff, 0xf8, 0x0, 0x0, 0x0, 0x0,
    0xef, 0xff, 0xff, 0xf0, 0x7f, 0xff, 0xff, 0xff,
    0x40, 0x0, 0x0, 0xb, 0xff, 0xff, 0xff, 0xa0,
    0x7f, 0xff, 0xff, 0xff, 0xf9, 0x31, 0x25, 0xdf,
    0xff, 0xff, 0xff, 0x40, 0x7f, 0xff, 0xff, 0xff,
    0xff, 0xff, 0xff, 0xff, 0xff, 0xff, 0xfb, 0x0,
    0x7f, 0xff, 0xff, 0xcf, 0xff, 0xff, 0xff, 0xff,
    0xff, 0xff, 0xf2, 0x0, 0x7f, 0xff, 0xff, 0xb7,
    0xff, 0xff, 0xff, 0xff, 0xff, 0xff, 0x30, 0x0,
    0x7f, 0xff, 0xff, 0xb0, 0x7f, 0xff, 0xff, 0xff,
    0xff, 0xc2, 0x0, 0x0, 0x7f, 0xff, 0xff, 0xb0,
    0x2, 0x8c, 0xff, 0xfd, 0x94, 0x0, 0x0, 0x0,

    /* U+0063 "c" */
    0x0, 0x0, 0x0, 0x2, 0x7b, 0xef, 0xff, 0xc9,
    0x40, 0x0, 0x0, 0x0, 0x0, 0x0, 0x2a, 0xff,
    0xff, 0xff, 0xff, 0xff, 0xd5, 0x0, 0x0, 0x0,
    0x0, 0x5f, 0xff, 0xff, 0xff, 0xff, 0xff, 0xff,
    0xf9, 0x0, 0x0, 0x0, 0x5f, 0xff, 0xff, 0xff,
    0xff, 0xff, 0xff, 0xff, 0xfa, 0x0, 0x0, 0x3f,
    0xff, 0xff, 0xff, 0xff, 0xff, 0xff, 0xff, 0xff,
    0xf7, 0x0, 0xc, 0xff, 0xff, 0xff, 0xd5, 0x10,
    0x27, 0xff, 0xff, 0xff, 0xf1, 0x4, 0xff, 0xff,
    0xff, 0xc0, 0x0, 0x0, 0x2, 0xff, 0xff, 0xff,
    0x60, 0xaf, 0xff, 0xff, 0xf2, 0x0, 0x0, 0x0,
    0x7, 0xff, 0xff, 0xfb, 0xe, 0xff, 0xff, 0xfb,
    0x0, 0x0, 0x0, 0x0, 0x1, 0x11, 0x11, 0x1,
    0xff, 0xff, 0xff, 0x80, 0x0, 0x0, 0x0, 0x0,
    0x0, 0x0, 0x0, 0x2f, 0xff, 0xff, 0xf6, 0x0,
    0x0, 0x0, 0x0, 0x0, 0x0, 0x0, 0x2, 0xff,
    0xff, 0xff, 0x60, 0x0, 0x0, 0x0, 0x0, 0x0,
    0x0, 0x0, 0x1f, 0xff, 0xff, 0xf8, 0x0, 0x0,
    0x0, 0x0, 0x0, 0x0, 0x0, 0x0, 0xef, 0xff,
    0xff, 0xb0, 0x0, 0x0, 0x0, 0x0, 0x0, 0x0,
    0x0, 0xa, 0xff, 0xff, 0xff, 0x20, 0x0, 0x0,
    0x0, 0x7f, 0xff, 0xff, 0xb0, 0x4f, 0xff, 0xff,
    0xfc, 0x0, 0x0, 0x0, 0x2f, 0xff, 0xff, 0xf7,
    0x0, 0xcf, 0xff, 0xff, 0xfd, 0x51, 0x1, 0x7e,
    0xff, 0xff, 0xff, 0x10, 0x3, 0xff, 0xff, 0xff,
    0xff, 0xff, 0xff, 0xff, 0xff, 0xff, 0x70, 0x0,
    0x5, 0xff, 0xff, 0xff, 0xff, 0xff, 0xff, 0xff,
    0xff, 0xa0, 0x0, 0x0, 0x5, 0xff, 0xff, 0xff,
    0xff, 0xff, 0xff, 0xff, 0x90, 0x0, 0x0, 0x0,
    0x2, 0xaf, 0xff, 0xff, 0xff, 0xff, 0xfd, 0x50,
    0x0, 0x0, 0x0, 0x0, 0x0, 0x27, 0xbe, 0xff,
    0xfc, 0x94, 0x0, 0x0, 0x0,

    /* U+0064 "d" */
    0x0, 0x0, 0x0, 0x0, 0x0, 0x0, 0x0, 0x0,
    0x7f, 0xff, 0xff, 0xd0, 0x0, 0x0, 0x0, 0x0,
    0x0, 0x0, 0x0, 0x7, 0xff, 0xff, 0xfd, 0x0,
    0x0, 0x0, 0x0, 0x0, 0x0, 0x0, 0x0, 0x7f,
    0xff, 0xff, 0xd0, 0x0, 0x0, 0x0, 0x0, 0x0,
    0x0, 0x0, 0x7, 0xff, 0xff, 0xfd, 0x0, 0x0,
    0x0, 0x0, 0x0, 0x0, 0x0, 0x0, 0x7f, 0xff,
    0xff, 0xd0, 0x0, 0x0, 0x0, 0x0, 0x0, 0x0,
    0x0, 0x7, 0xff, 0xff, 0xfd, 0x0, 0x0, 0x0,
    0x0, 0x0, 0x0, 0x0, 0x0, 0x7f, 0xff, 0xff,
    0xd0, 0x0, 0x0, 0x0, 0x0, 0x0, 0x0, 0x0,
    0x7, 0xff, 0xff, 0xfd, 0x0, 0x0, 0x1, 0x7c,
    0xef, 0xfd, 0xa4, 0x0, 0x7f, 0xff, 0xff, 0xd0,
    0x0, 0x8, 0xff, 0xff, 0xff, 0xff, 0xfb, 0x17,
    0xff, 0xff, 0xfd, 0x0, 0xb, 0xff, 0xff, 0xff,
    0xff, 0xff, 0xfd, 0x7f, 0xff, 0xff, 0xd0, 0xa,
    0xff, 0xff, 0xff, 0xff, 0xff, 0xff, 0xfe, 0xff,
    0xff, 0xfd, 0x5, 0xff, 0xff, 0xff, 0xff, 0xff,
    0xff, 0xff, 0xff, 0xff, 0xff, 0xd0, 0xdf, 0xff,
    0xff, 0xff, 0x83, 0x12, 0x6e, 0xff, 0xff, 0xff,
    0xfd, 0x4f, 0xff, 0xff, 0xfe, 0x30, 0x0, 0x0,
    0x1d, 0xff, 0xff, 0xff, 0xd9, 0xff, 0xff, 0xff,
    0x50, 0x0, 0x0, 0x0, 0x2f, 0xff, 0xff, 0xfd,
    0xcf, 0xff, 0xff, 0xe0, 0x0, 0x0, 0x0, 0x0,
    0xbf, 0xff, 0xff, 0xde, 0xff, 0xff, 0xfa, 0x0,
    0x0, 0x0, 0x0, 0x7, 0xff, 0xff, 0xfd, 0xff,
    0xff, 0xff, 0x90, 0x0, 0x0, 0x0, 0x0, 0x6f,
    0xff, 0xff, 0xdf, 0xff, 0xff, 0xf9, 0x0, 0x0,
    0x0, 0x0, 0x6, 0xff, 0xff, 0xfd, 0xef, 0xff,
    0xff, 0xa0, 0x0, 0x0, 0x0, 0x0, 0x7f, 0xff,
    0xff, 0xdc, 0xff, 0xff, 0xfe, 0x0, 0x0, 0x0,
    0x0, 0xb, 0xff, 0xff, 0xfd, 0x9f, 0xff, 0xff,
    0xf5, 0x0, 0x0, 0x0, 0x2, 0xff, 0xff, 0xff,
    0xd5, 0xff, 0xff, 0xff, 0xe2, 0x0, 0x0, 0x1,
    0xcf, 0xff, 0xff, 0xfd, 0xe, 0xff, 0xff, 0xff,
    0xf8, 0x31, 0x26, 0xef, 0xff, 0xff, 0xff, 0xd0,
    0x7f, 0xff, 0xff, 0xff, 0xff, 0xff, 0xff, 0xff,
    0xff, 0xff, 0xfd, 0x0, 0xcf, 0xff, 0xff, 0xff,
    0xff, 0xff, 0xff, 0xdf, 0xff, 0xff, 0xd0, 0x1,
    0xdf, 0xff, 0xff, 0xff, 0xff, 0xff, 0xc5, 0xff,
    0xff, 0xfd, 0x0, 0x0, 0x9f, 0xff, 0xff, 0xff,
    0xff, 0xa1, 0x5f, 0xff, 0xff, 0xd0, 0x0, 0x0,
    0x28, 0xcf, 0xff, 0xd9, 0x30, 0x5, 0xff, 0xff,
    0xfd,

    /* U+0065 "e" */
    0x0, 0x0, 0x0, 0x2, 0x7b, 0xef, 0xff, 0xda,
    0x50, 0x0, 0x0, 0x0, 0x0, 0x0, 0x2, 0xaf,
    0xff, 0xff, 0xff, 0xff, 0xfe, 0x60, 0x0, 0x0,
    0x0, 0x0, 0x5f, 0xff, 0xff, 0xff, 0xff, 0xff,
    0xff, 0xfb, 0x0, 0x0, 0x0, 0x6, 0xff, 0xff,
    0xff, 0xff, 0xff, 0xff, 0xff, 0xff, 0xc0, 0x0,
    0x0, 0x3f, 0xff, 0xff, 0xff, 0xda, 0x9b, 0xff,
    0xff, 0xff, 0xf8, 0x0, 0x0, 0xdf, 0xff, 0xff,
    0xf5, 0x0, 0x0, 0xa, 0xff, 0xff, 0xff, 0x20,
    0x5, 0xff, 0xff, 0xff, 0x40, 0x0, 0x0, 0x0,
    0xcf, 0xff, 0xff, 0x90, 0xa, 0xff, 0xff, 0xfb,
    0x0, 0x0, 0x0, 0x0, 0x5f, 0xff, 0xff, 0xe0,
    0xe, 0xff, 0xff, 0xf8, 0x33, 0x33, 0x33, 0x33,
    0x5f, 0xff, 0xff, 0xf1, 0x1f, 0xff, 0xff, 0xff,
    0xff, 0xff, 0xff, 0xff, 0xff, 0xff, 0xff, 0xf3,
    0x2f, 0xff, 0xff, 0xff, 0xff, 0xff, 0xff, 0xff,
    0xff, 0xff, 0xff, 0xf4, 0x2f, 0xff, 0xff, 0xff,
    0xff, 0xff, 0xff, 0xff, 0xff, 0xff, 0xff, 0xf3,
    0x1f, 0xff, 0xff, 0xff, 0xff, 0xff, 0xff, 0xff,
    0xff, 0xff, 0xff, 0xf2, 0xe, 0xff, 0xff, 0xf5,
    0x0, 0x0, 0x0, 0x0, 0x0, 0x0, 0x0, 0x0,
    0xa, 0xff, 0xff, 0xfa, 0x0, 0x0, 0x0, 0x0,
    0x0, 0x0, 0x0, 0x0, 0x4, 0xff, 0xff, 0xff,
    0x30, 0x0, 0x0, 0x0, 0x39, 0x99, 0x99, 0x50,
    0x0, 0xdf, 0xff, 0xff, 0xe4, 0x0, 0x0, 0x3,
    0xef, 0xff, 0xff, 0x40, 0x0, 0x3f, 0xff, 0xff,
    0xff, 0xda, 0x9a, 0xdf, 0xff, 0xff, 0xfb, 0x0,
    0x0, 0x6, 0xff, 0xff, 0xff, 0xff, 0xff, 0xff,
    0xff, 0xff, 0xe1, 0x0, 0x0, 0x0, 0x5f, 0xff,
    0xff, 0xff, 0xff, 0xff, 0xff, 0xfe, 0x20, 0x0,
    0x0, 0x0, 0x2, 0xaf, 0xff, 0xff, 0xff, 0xff,
    0xff, 0xa1, 0x0, 0x0, 0x0, 0x0, 0x0, 0x1,
    0x7b, 0xdf, 0xff, 0xeb, 0x72, 0x0, 0x0, 0x0,

    /* U+0066 "f" */
    0x0, 0x0, 0x0, 0x0, 0x6a, 0xdf, 0xff, 0xd3,
    0x0, 0x0, 0x0, 0x4e, 0xff, 0xff, 0xff, 0xf4,
    0x0, 0x0, 0x4, 0xff, 0xff, 0xff, 0xff, 0xf4,
    0x0, 0x0, 0xe, 0xff, 0xff, 0xff, 0xff, 0xf4,
    0x0, 0x0, 0x5f, 0xff, 0xff, 0xff, 0xff, 0xf4,
    0x0, 0x0, 0xaf, 0xff, 0xff, 0xf8, 0x10, 0x0,
    0x0, 0x0, 0xcf, 0xff, 0xff, 0xb0, 0x0, 0x0,
    0x0, 0x0, 0xdf, 0xff, 0xff, 0x70, 0x0, 0x0,
    0x6f, 0xff, 0xff, 0xff, 0xff, 0xff, 0xff, 0xd0,
    0x6f, 0xff, 0xff, 0xff, 0xff, 0xff, 0xff, 0xd0,
    0x6f, 0xff, 0xff, 0xff, 0xff, 0xff, 0xff, 0xd0,
    0x6f, 0xff, 0xff, 0xff, 0xff, 0xff, 0xff, 0xd0,
    0x5d, 0xdd, 0xff, 0xff, 0xff, 0xed, 0xdd, 0xb0,
    0x0, 0x0, 0xdf, 0xff, 0xff, 0x70, 0x0, 0x0,
    0x0, 0x0, 0xdf, 0xff, 0xff, 0x70, 0x0, 0x0,
    0x0, 0x0, 0xdf, 0xff, 0xff, 0x70, 0x0, 0x0,
    0x0, 0x0, 0xdf, 0xff, 0xff, 0x70, 0x0, 0x0,
    0x0, 0x0, 0xdf, 0xff, 0xff, 0x70, 0x0, 0x0,
    0x0, 0x0, 0xdf, 0xff, 0xff, 0x70, 0x0, 0x0,
    0x0, 0x0, 0xdf, 0xff, 0xff, 0x70, 0x0, 0x0,
    0x0, 0x0, 0xdf, 0xff, 0xff, 0x70, 0x0, 0x0,
    0x0, 0x0, 0xdf, 0xff, 0xff, 0x70, 0x0, 0x0,
    0x0, 0x0, 0xdf, 0xff, 0xff, 0x70, 0x0, 0x0,
    0x0, 0x0, 0xdf, 0xff, 0xff, 0x70, 0x0, 0x0,
    0x0, 0x0, 0xdf, 0xff, 0xff, 0x70, 0x0, 0x0,
    0x0, 0x0, 0xdf, 0xff, 0xff, 0x70, 0x0, 0x0,
    0x0, 0x0, 0xdf, 0xff, 0xff, 0x70, 0x0, 0x0,
    0x0, 0x0, 0xdf, 0xff, 0xff, 0x70, 0x0, 0x0,
    0x0, 0x0, 0xdf, 0xff, 0xff, 0x70, 0x0, 0x0,
    0x0, 0x0, 0xdf, 0xff, 0xff, 0x70, 0x0, 0x0,

    /* U+0067 "g" */
    0x0, 0x0, 0x1, 0x7c, 0xef, 0xfd, 0xa4, 0x0,
    0x5f, 0xff, 0xff, 0xd0, 0x0, 0x8, 0xff, 0xff,
    0xff, 0xff, 0xfb, 0x5, 0xff, 0xff, 0xfd, 0x0,
    0xb, 0xff, 0xff, 0xff, 0xff, 0xff, 0xfc, 0x5f,
    0xff, 0xff, 0xd0, 0xa, 0xff, 0xff, 0xff, 0xff,
    0xff, 0xff, 0xfb, 0xff, 0xff, 0xfd, 0x5, 0xff,
    0xff, 0xff, 0xff, 0xfe, 0xff, 0xff, 0xff, 0xff,
    0xff, 0xd0, 0xdf, 0xff, 0xff, 0xfe, 0x50, 0x0,
    0x3c, 0xff, 0xff, 0xff, 0xfd, 0x4f, 0xff, 0xff,
    0xfe, 0x10, 0x0, 0x0, 0xb, 0xff, 0xff, 0xff,
    0xd9, 0xff, 0xff, 0xff, 0x40, 0x0, 0x0, 0x0,
    0x1f, 0xff, 0xff, 0xfd, 0xcf, 0xff, 0xff, 0xe0,
    0x0, 0x0, 0x0, 0x0, 0xbf, 0xff, 0xff, 0xde,
    0xff, 0xff, 0xfa, 0x0, 0x0, 0x0, 0x0, 0x7,
    0xff, 0xff, 0xfd, 0xff, 0xff, 0xff, 0x90, 0x0,
    0x0, 0x0, 0x0, 0x6f, 0xff, 0xff, 0xdf, 0xff,
    0xff, 0xf9, 0x0, 0x0, 0x0, 0x0, 0x6, 0xff,
    0xff, 0xfd, 0xef, 0xff, 0xff, 0xa0, 0x0, 0x0,
    0x0, 0x0, 0x7f, 0xff, 0xff, 0xdc, 0xff, 0xff,
    0xfe, 0x0, 0x0, 0x0, 0x0, 0xa, 0xff, 0xff,
    0xfd, 0x9f, 0xff, 0xff, 0xf4, 0x0, 0x0, 0x0,
    0x1, 0xff, 0xff, 0xff, 0xd5, 0xff, 0xff, 0xff,
    0xd1, 0x0, 0x0, 0x0, 0xbf, 0xff, 0xff, 0xfd,
    0xe, 0xff, 0xff, 0xff, 0xd4, 0x0, 0x3, 0xcf,
    0xff, 0xff, 0xff, 0xd0, 0x7f, 0xff, 0xff, 0xff,
    0xff, 0xee, 0xff, 0xff, 0xff, 0xff, 0xfd, 0x0,
    0xcf, 0xff, 0xff, 0xff, 0xff, 0xff, 0xff, 0xcf,
    0xff, 0xff, 0xd0, 0x1, 0xdf, 0xff, 0xff, 0xff,
    0xff, 0xff, 0xa7, 0xff, 0xff, 0xfd, 0x0, 0x1,
    0xaf, 0xff, 0xff, 0xff, 0xff, 0x90, 0x7f, 0xff,
    0xff, 0xd0, 0x0, 0x0, 0x39, 0xdf, 0xff, 0xc8,
    0x20, 0x7, 0xff, 0xff, 0xfd, 0x0, 0x0, 0x0,
    0x0, 0x0, 0x0, 0x0, 0x0, 0x9f, 0xff, 0xff,
    0xb0, 0x0, 0x0, 0x0, 0x0, 0x0, 0x0, 0x0,
    0xe, 0xff, 0xff, 0xf9, 0xd, 0xee, 0xee, 0xd3,
    0x0, 0x0, 0x0, 0x1a, 0xff, 0xff, 0xff, 0x40,
    0xcf, 0xff, 0xff, 0xfb, 0x86, 0x67, 0xaf, 0xff,
    0xff, 0xff, 0xd0, 0x5, 0xff, 0xff, 0xff, 0xff,
    0xff, 0xff, 0xff, 0xff, 0xff, 0xf5, 0x0, 0xa,
    0xff, 0xff, 0xff, 0xff, 0xff, 0xff, 0xff, 0xff,
    0xf8, 0x0, 0x0, 0xa, 0xff, 0xff, 0xff, 0xff,
    0xff, 0xff, 0xff, 0xf8, 0x0, 0x0, 0x0, 0x5,
    0xdf, 0xff, 0xff, 0xff, 0xff, 0xff, 0xc3, 0x0,
    0x0, 0x0, 0x0, 0x0, 0x49, 0xce, 0xff, 0xfd,
    0xb8, 0x30, 0x0, 0x0, 0x0,

    /* U+0068 "h" */
    0x7f, 0xff, 0xff, 0xd0, 0x0, 0x0, 0x0, 0x0,
    0x0, 0x0, 0x0, 0x7f, 0xff, 0xff, 0xd0, 0x0,
    0x0, 0x0, 0x0, 0x0, 0x0, 0x0, 0x7f, 0xff,
    0xff, 0xd0, 0x0, 0x0, 0x0, 0x0, 0x0, 0x0,
    0x0, 0x7f, 0xff, 0xff, 0xd0, 0x0, 0x0, 0x0,
    0x0, 0x0, 0x0, 0x0, 0x7f, 0xff, 0xff, 0xd0,
    0x0, 0x0, 0x0, 0x0, 0x0, 0x0, 0x0, 0x7f,
    0xff, 0xff, 0xd0, 0x0, 0x0, 0x0, 0x0, 0x0,
    0x0, 0x0, 0x7f, 0xff, 0xff, 0xd0, 0x0, 0x0,
    0x0, 0x0, 0x0, 0x0, 0x0, 0x7f, 0xff, 0xff,
    0xd0, 0x0, 0x0, 0x0, 0x0, 0x0, 0x0, 0x0,
    0x7f, 0xff, 0xff, 0xd0, 0x0, 0x39, 0xdf, 0xfe,
    0xc7, 0x10, 0x0, 0x7f, 0xff, 0xff, 0xd0, 0xa,
    0xff, 0xff, 0xff, 0xff, 0xf5, 0x0, 0x7f, 0xff,
    0xff, 0xd1, 0xdf, 0xff, 0xff, 0xff, 0xff, 0xff,
    0x40, 0x7f, 0xff, 0xff, 0xdb, 0xff, 0xff, 0xff,
    0xff, 0xff, 0xff, 0xd0, 0x7f, 0xff, 0xff, 0xff,
    0xff, 0xff, 0xff, 0xff, 0xff, 0xff, 0xf4, 0x7f,
    0xff, 0xff, 0xff, 0xfa, 0x41, 0x25, 0xef, 0xff,
    0xff, 0xf8, 0x7f, 0xff, 0xff, 0xff, 0x50, 0x0,
    0x0, 0x2f, 0xff, 0xff, 0xfb, 0x7f, 0xff, 0xff,
    0xf8, 0x0, 0x0, 0x0, 0xb, 0xff, 0xff, 0xfb,
    0x7f, 0xff, 0xff, 0xf1, 0x0, 0x0, 0x0, 0x9,
    0xff, 0xff, 0xfb, 0x7f, 0xff, 0xff, 0xf0, 0x0,
    0x0, 0x0, 0x9, 0xff, 0xff, 0xfb, 0x7f, 0xff,
    0xff, 0xd0, 0x0, 0x0, 0x0, 0x9, 0xff, 0xff,
    0xfb, 0x7f, 0xff, 0xff, 0xd0, 0x0, 0x0, 0x0,
    0x9, 0xff, 0xff, 0xfb, 0x7f, 0xff, 0xff, 0xd0,
    0x0, 0x0, 0x0, 0x9, 0xff, 0xff, 0xfb, 0x7f,
    0xff, 0xff, 0xd0, 0x0, 0x0, 0x0, 0x9, 0xff,
    0xff, 0xfb, 0x7f, 0xff, 0xff, 0xd0, 0x0, 0x0,
    0x0, 0x9, 0xff, 0xff, 0xfb, 0x7f, 0xff, 0xff,
    0xd0, 0x0, 0x0, 0x0, 0x9, 0xff, 0xff, 0xfb,
    0x7f, 0xff, 0xff, 0xd0, 0x0, 0x0, 0x0, 0x9,
    0xff, 0xff, 0xfb, 0x7f, 0xff, 0xff, 0xd0, 0x0,
    0x0, 0x0, 0x9, 0xff, 0xff, 0xfb, 0x7f, 0xff,
    0xff, 0xd0, 0x0, 0x0, 0x0, 0x9, 0xff, 0xff,
    0xfb, 0x7f, 0xff, 0xff, 0xd0, 0x0, 0x0, 0x0,
    0x9, 0xff, 0xff, 0xfb, 0x7f, 0xff, 0xff, 0xd0,
    0x0, 0x0, 0x0, 0x9, 0xff, 0xff, 0xfb, 0x7f,
    0xff, 0xff, 0xd0, 0x0, 0x0, 0x0, 0x9, 0xff,
    0xff, 0xfb,

    /* U+0069 "i" */
    0xbf, 0xff, 0xff, 0xf0, 0xbf, 0xff, 0xff, 0xf0,
    0xbf, 0xff, 0xff, 0xf0, 0xbf, 0xff, 0xff, 0xf0,
    0xbf, 0xff, 0xff, 0xf0, 0xbf, 0xff, 0xff, 0xf0,
    0x9d, 0xdd, 0xdd, 0xd0, 0x0, 0x0, 0x0, 0x0,
    0x0, 0x0, 0x0, 0x0, 0x7f, 0xff, 0xff, 0xd0,
    0x7f, 0xff, 0xff, 0xd0, 0x7f, 0xff, 0xff, 0xd0,
    0x7f, 0xff, 0xff, 0xd0, 0x7f, 0xff, 0xff, 0xd0,
    0x7f, 0xff, 0xff, 0xd0, 0x7f, 0xff, 0xff, 0xd0,
    0x7f, 0xff, 0xff, 0xd0, 0x7f, 0xff, 0xff, 0xd0,
    0x7f, 0xff, 0xff, 0xd0, 0x7f, 0xff, 0xff, 0xd0,
    0x7f, 0xff, 0xff, 0xd0, 0x7f, 0xff, 0xff, 0xd0,
    0x7f, 0xff, 0xff, 0xd0, 0x7f, 0xff, 0xff, 0xd0,
    0x7f, 0xff, 0xff, 0xd0, 0x7f, 0xff, 0xff, 0xd0,
    0x7f, 0xff, 0xff, 0xd0, 0x7f, 0xff, 0xff, 0xd0,
    0x7f, 0xff, 0xff, 0xd0, 0x7f, 0xff, 0xff, 0xd0,
    0x7f, 0xff, 0xff, 0xd0,

    /* U+006A "j" */
    0x0, 0x0, 0xbf, 0xff, 0xff, 0xf0, 0x0, 0x0,
    0xbf, 0xff, 0xff, 0xf0, 0x0, 0x0, 0xbf, 0xff,
    0xff, 0xf0, 0x0, 0x0, 0xbf, 0xff, 0xff, 0xf0,
    0x0, 0x0, 0xbf, 0xff, 0xff, 0xf0, 0x0, 0x0,
    0xbf, 0xff, 0xff, 0xf0, 0x0, 0x0, 0x9d, 0xdd,
    0xdd, 0xd0, 0x0, 0x0, 0x0, 0x0, 0x0, 0x0,
    0x0, 0x0, 0x0, 0x0, 0x0, 0x0, 0x0, 0x0,
    0x7f, 0xff, 0xff, 0xd0, 0x0, 0x0, 0x7f, 0xff,
    0xff, 0xd0, 0x0, 0x0, 0x7f, 0xff, 0xff, 0xd0,
    0x0, 0x0, 0x7f, 0xff, 0xff, 0xd0, 0x0, 0x0,
    0x7f, 0xff, 0xff, 0xd0, 0x0, 0x0, 0x7f, 0xff,
    0xff, 0xd0, 0x0, 0x0, 0x7f, 0xff, 0xff, 0xd0,
    0x0, 0x0, 0x7f, 0xff, 0xff, 0xd0, 0x0, 0x0,
    0x7f, 0xff, 0xff, 0xd0, 0x0, 0x0, 0x7f, 0xff,
    0xff, 0xd0, 0x0, 0x0, 0x7f, 0xff, 0xff, 0xd0,
    0x0, 0x0, 0x7f, 0xff, 0xff, 0xd0, 0x0, 0x0,
    0x7f, 0xff, 0xff, 0xd0, 0x0, 0x0, 0x7f, 0xff,
    0xff, 0xd0, 0x0, 0x0, 0x7f, 0xff, 0xff, 0xd0,
    0x0, 0x0, 0x7f, 0xff, 0xff, 0xd0, 0x0, 0x0,
    0x7f, 0xff, 0xff, 0xd0, 0x0, 0x0, 0x7f, 0xff,
    0xff, 0xd0, 0x0, 0x0, 0x7f, 0xff, 0xff, 0xd0,
    0x0, 0x0, 0x7f, 0xff, 0xff, 0xd0, 0x0, 0x0,
    0x7f, 0xff, 0xff, 0xd0, 0x0, 0x0, 0x7f, 0xff,
    0xff, 0xd0, 0x0, 0x0, 0x7f, 0xff, 0xff, 0xd0,
    0x0, 0x0, 0x7f, 0xff, 0xff, 0xd0, 0x0, 0x0,
    0x9f, 0xff, 0xff, 0xc0, 0x0, 0x4, 0xff, 0xff,
    0xff, 0xa0, 0x4f, 0xff, 0xff, 0xff, 0xff, 0x70,
    0x4f, 0xff, 0xff, 0xff, 0xff, 0x10, 0x4f, 0xff,
    0xff, 0xff, 0xf7, 0x0, 0x4f, 0xff, 0xff, 0xff,
    0x80, 0x0, 0x2c, 0xff, 0xfd, 0x92, 0x0, 0x0,

    /* U+006B "k" */
    0x7f, 0xff, 0xff, 0xd0, 0x0, 0x0, 0x0, 0x0,
    0x0, 0x0, 0x0, 0x7f, 0xff, 0xff, 0xd0, 0x0,
    0x0, 0x0, 0x0, 0x0, 0x0, 0x0, 0x7f, 0xff,
    0xff, 0xd0, 0x0, 0x0, 0x0, 0x0, 0x0, 0x0,
    0x0, 0x7f, 0xff, 0xff, 0xd0, 0x0, 0x0, 0x0,
    0x0, 0x0, 0x0, 0x0, 0x7f, 0xff, 0xff, 0xd0,
    0x0, 0x0, 0x0, 0x0, 0x0, 0x0, 0x0, 0x7f,
    0xff, 0xff, 0xd0, 0x0, 0x0, 0x0, 0x0, 0x0,
    0x0, 0x0, 0x7f, 0xff, 0xff, 0xd0, 0x0, 0x0,
    0x0, 0x0, 0x0, 0x0, 0x0, 0x7f, 0xff, 0xff,
    0xd0, 0x0, 0x0, 0x0, 0x0, 0x0, 0x0, 0x0,
    0x7f, 0xff, 0xff, 0xd0, 0x0, 0x0, 0x5, 0xff,
    0xff, 0xff, 0xd0, 0x7f, 0xff, 0xff, 0xd0, 0x0,
    0x0, 0x3f, 0xff, 0xff, 0xfe, 0x10, 0x7f, 0xff,
    0xff, 0xd0, 0x0, 0x1, 0xef, 0xff, 0xff, 0xf2,
    0x0, 0x7f, 0xff, 0xff, 0xd0, 0x0, 0xc, 0xff,
    0xff, 0xff, 0x40, 0x0, 0x7f, 0xff, 0xff, 0xd0,
    0x0, 0xaf, 0xff, 0xff, 0xf5, 0x0, 0x0, 0x7f,
    0xff, 0xff, 0xd0, 0x7, 0xff, 0xff, 0xff, 0x70,
    0x0, 0x0, 0x7f, 0xff, 0xff, 0xd0, 0x5f, 0xff,
    0xff, 0xf9, 0x0, 0x0, 0x0, 0x7f, 0xff, 0xff,
    0xd2, 0xff, 0xff, 0xff, 0xa0, 0x0, 0x0, 0x0,
    0x7f, 0xff, 0xff, 0xee, 0xff, 0xff, 0xfc, 0x0,
    0x0, 0x0, 0x0, 0x7f, 0xff, 0xff, 0xff, 0xff,
    0xff, 0xd1, 0x0, 0x0, 0x0, 0x0, 0x7f, 0xff,
    0xff, 0xff, 0xff, 0xff, 0x50, 0x0, 0x0, 0x0,
    0x0, 0x7f, 0xff, 0xff, 0xff, 0xff, 0xff, 0xe1,
    0x0, 0x0, 0x0, 0x0, 0x7f, 0xff, 0xff, 0xef,
    0xff, 0xff, 0xfc, 0x0, 0x0, 0x0, 0x0, 0x7f,
    0xff, 0xff, 0xd5, 0xff, 0xff, 0xff, 0xa0, 0x0,
    0x0, 0x0, 0x7f, 0xff, 0xff, 0xd0, 0x9f, 0xff,
    0xff, 0xf8, 0x0, 0x0, 0x0, 0x7f, 0xff, 0xff,
    0xd0, 0xc, 0xff, 0xff, 0xff, 0x50, 0x0, 0x0,
    0x7f, 0xff, 0xff, 0xd0, 0x1, 0xef, 0xff, 0xff,
    0xf3, 0x0, 0x0, 0x7f, 0xff, 0xff, 0xd0, 0x0,
    0x4f, 0xff, 0xff, 0xfe, 0x10, 0x0, 0x7f, 0xff,
    0xff, 0xd0, 0x0, 0x7, 0xff, 0xff, 0xff, 0xc0,
    0x0, 0x7f, 0xff, 0xff, 0xd0, 0x0, 0x0, 0xbf,
    0xff, 0xff, 0xfa, 0x0, 0x7f, 0xff, 0xff, 0xd0,
    0x0, 0x0, 0x1d, 0xff, 0xff, 0xff, 0x70, 0x7f,
    0xff, 0xff, 0xd0, 0x0, 0x0, 0x2, 0xff, 0xff,
    0xff, 0xf5,

    /* U+006C "l" */
    0x7f, 0xff, 0xff, 0xd7, 0xff, 0xff, 0xfd, 0x7f,
    0xff, 0xff, 0xd7, 0xff, 0xff, 0xfd, 0x7f, 0xff,
    0xff, 0xd7, 0xff, 0xff, 0xfd, 0x7f, 0xff, 0xff,
    0xd7, 0xff, 0xff, 0xfd, 0x7f, 0xff, 0xff, 0xd7,
    0xff, 0xff, 0xfd, 0x7f, 0xff, 0xff, 0xd7, 0xff,
    0xff, 0xfd, 0x7f, 0xff, 0xff, 0xd7, 0xff, 0xff,
    0xfd, 0x7f, 0xff, 0xff, 0xd7, 0xff, 0xff, 0xfd,
    0x7f, 0xff, 0xff, 0xd7, 0xff, 0xff, 0xfd, 0x7f,
    0xff, 0xff, 0xd7, 0xff, 0xff, 0xfd, 0x7f, 0xff,
    0xff, 0xd7, 0xff, 0xff, 0xfd, 0x7f, 0xff, 0xff,
    0xd7, 0xff, 0xff, 0xfd, 0x7f, 0xff, 0xff, 0xd7,
    0xff, 0xff, 0xfd, 0x7f, 0xff, 0xff, 0xd7, 0xff,
    0xff, 0xfd, 0x7f, 0xff, 0xff, 0xd7, 0xff, 0xff,
    0xfd,

    /* U+006D "m" */
    0x7f, 0xff, 0xff, 0xb0, 0x0, 0x4a, 0xdf, 0xfe,
    0xb5, 0x0, 0x0, 0x0, 0x39, 0xdf, 0xfe, 0xc7,
    0x10, 0x0, 0x7f, 0xff, 0xff, 0xb0, 0x1a, 0xff,
    0xff, 0xff, 0xff, 0xc1, 0x0, 0xa, 0xff, 0xff,
    0xff, 0xff, 0xe4, 0x0, 0x7f, 0xff, 0xff, 0xb1,
    0xdf, 0xff, 0xff, 0xff, 0xff, 0xfd, 0x1, 0xdf,
    0xff, 0xff, 0xff, 0xff, 0xff, 0x30, 0x7f, 0xff,
    0xff, 0xbb, 0xff, 0xff, 0xff, 0xff, 0xff, 0xff,
    0x8b, 0xff, 0xff, 0xff, 0xff, 0xff, 0xff, 0xd0,
    0x7f, 0xff, 0xff, 0xff, 0xff, 0xff, 0xff, 0xff,
    0xff, 0xff, 0xff, 0xff, 0xff, 0xff, 0xff, 0xff,
    0xff, 0xf3, 0x7f, 0xff, 0xff, 0xff, 0xf8, 0x31,
    0x28, 0xff, 0xff, 0xff, 0xff, 0xfc, 0x52, 0x15,
    0xdf, 0xff, 0xff, 0xf7, 0x7f, 0xff, 0xff, 0xff,
    0x30, 0x0, 0x0, 0x7f, 0xff, 0xff, 0xff, 0x90,
    0x0, 0x0, 0x1f, 0xff, 0xff, 0xf9, 0x7f, 0xff,
    0xff, 0xf6, 0x0, 0x0, 0x0, 0x2f, 0xff, 0xff,
    0xfd, 0x0, 0x0, 0x0, 0xc, 0xff, 0xff, 0xfa,
    0x7f, 0xff, 0xff, 0xf0, 0x0, 0x0, 0x0, 0x1f,
    0xff, 0xff, 0xf6, 0x0, 0x0, 0x0, 0xa, 0xff,
    0xff, 0xfa, 0x7f, 0xff, 0xff, 0xe0, 0x0, 0x0,
    0x0, 0x1f, 0xff, 0xff, 0xf4, 0x0, 0x0, 0x0,
    0xa, 0xff, 0xff, 0xfa, 0x7f, 0xff, 0xff, 0xd0,
    0x0, 0x0, 0x0, 0x1f, 0xff, 0xff, 0xf3, 0x0,
    0x0, 0x0, 0xa, 0xff, 0xff, 0xfa, 0x7f, 0xff,
    0xff, 0xd0, 0x0, 0x0, 0x0, 0x1f, 0xff, 0xff,
    0xf3, 0x0, 0x0, 0x0, 0xa, 0xff, 0xff, 0xfa,
    0x7f, 0xff, 0xff, 0xd0, 0x0, 0x0, 0x0, 0x1f,
    0xff, 0xff, 0xf3, 0x0, 0x0, 0x0, 0xa, 0xff,
    0xff, 0xfa, 0x7f, 0xff, 0xff, 0xd0, 0x0, 0x0,
    0x0, 0x1f, 0xff, 0xff, 0xf3, 0x0, 0x0, 0x0,
    0xa, 0xff, 0xff, 0xfa, 0x7f, 0xff, 0xff, 0xd0,
    0x0, 0x0, 0x0, 0x1f, 0xff, 0xff, 0xf3, 0x0,
    0x0, 0x0, 0xa, 0xff, 0xff, 0xfa, 0x7f, 0xff,
    0xff, 0xd0, 0x0, 0x0, 0x0, 0x1f, 0xff, 0xff,
    0xf3, 0x0, 0x0, 0x0, 0xa, 0xff, 0xff, 0xfa,
    0x7f, 0xff, 0xff, 0xd0, 0x0, 0x0, 0x0, 0x1f,
    0xff, 0xff, 0xf3, 0x0, 0x0, 0x0, 0xa, 0xff,
    0xff, 0xfa, 0x7f, 0xff, 0xff, 0xd0, 0x0, 0x0,
    0x0, 0x1f, 0xff, 0xff, 0xf3, 0x0, 0x0, 0x0,
    0xa, 0xff, 0xff, 0xfa, 0x7f, 0xff, 0xff, 0xd0,
    0x0, 0x0, 0x0, 0x1f, 0xff, 0xff, 0xf3, 0x0,
    0x0, 0x0, 0xa, 0xff, 0xff, 0xfa, 0x7f, 0xff,
    0xff, 0xd0, 0x0, 0x0, 0x0, 0x1f, 0xff, 0xff,
    0xf3, 0x0, 0x0, 0x0, 0xa, 0xff, 0xff, 0xfa,
    0x7f, 0xff, 0xff, 0xd0, 0x0, 0x0, 0x0, 0x1f,
    0xff, 0xff, 0xf3, 0x0, 0x0, 0x0, 0xa, 0xff,
    0xff, 0xfa, 0x7f, 0xff, 0xff, 0xd0, 0x0, 0x0,
    0x0, 0x1f, 0xff, 0xff, 0xf3, 0x0, 0x0, 0x0,
    0xa, 0xff, 0xff, 0xfa,

    /* U+006E "n" */
    0x7f, 0xff, 0xff, 0xb0, 0x0, 0x39, 0xdf, 0xfe,
    0xc7, 0x10, 0x0, 0x7f, 0xff, 0xff, 0xb0, 0xa,
    0xff, 0xff, 0xff, 0xff, 0xf5, 0x0, 0x7f, 0xff,
    0xff, 0xb1, 0xdf, 0xff, 0xff, 0xff, 0xff, 0xff,
    0x40, 0x7f, 0xff, 0xff, 0xbb, 0xff, 0xff, 0xff,
    0xff, 0xff, 0xff, 0xd0, 0x7f, 0xff, 0xff, 0xff,
    0xff, 0xff, 0xff, 0xff, 0xff, 0xff, 0xf4, 0x7f,
    0xff, 0xff, 0xff, 0xfa, 0x41, 0x25, 0xef, 0xff,
    0xff, 0xf8, 0x7f, 0xff, 0xff, 0xff, 0x50, 0x0,
    0x0, 0x2f, 0xff, 0xff, 0xfb, 0x7f, 0xff, 0xff,
    0xf8, 0x0, 0x0, 0x0, 0xb, 0xff, 0xff, 0xfb,
    0x7f, 0xff, 0xff, 0xf1, 0x0, 0x0, 0x0, 0x9,
    0xff, 0xff, 0xfb, 0x7f, 0xff, 0xff, 0xf0, 0x0,
    0x0, 0x0, 0x9, 0xff, 0xff, 0xfb, 0x7f, 0xff,
    0xff, 0xd0, 0x0, 0x0, 0x0, 0x9, 0xff, 0xff,
    0xfb, 0x7f, 0xff, 0xff, 0xd0, 0x0, 0x0, 0x0,
    0x9, 0xff, 0xff, 0xfb, 0x7f, 0xff, 0xff, 0xd0,
    0x0, 0x0, 0x0, 0x9, 0xff, 0xff, 0xfb, 0x7f,
    0xff, 0xff, 0xd0, 0x0, 0x0, 0x0, 0x9, 0xff,
    0xff, 0xfb, 0x7f, 0xff, 0xff, 0xd0, 0x0, 0x0,
    0x0, 0x9, 0xff, 0xff, 0xfb, 0x7f, 0xff, 0xff,
    0xd0, 0x0, 0x0, 0x0, 0x9, 0xff, 0xff, 0xfb,
    0x7f, 0xff, 0xff, 0xd0, 0x0, 0x0, 0x0, 0x9,
    0xff, 0xff, 0xfb, 0x7f, 0xff, 0xff, 0xd0, 0x0,
    0x0, 0x0, 0x9, 0xff, 0xff, 0xfb, 0x7f, 0xff,
    0xff, 0xd0, 0x0, 0x0, 0x0, 0x9, 0xff, 0xff,
    0xfb, 0x7f, 0xff, 0xff, 0xd0, 0x0, 0x0, 0x0,
    0x9, 0xff, 0xff, 0xfb, 0x7f, 0xff, 0xff, 0xd0,
    0x0, 0x0, 0x0, 0x9, 0xff, 0xff, 0xfb, 0x7f,
    0xff, 0xff, 0xd0, 0x0, 0x0, 0x0, 0x9, 0xff,
    0xff, 0xfb,

    /* U+006F "o" */
    0x0, 0x0, 0x0, 0x1, 0x6a, 0xdf, 0xff, 0xec,
    0x83, 0x0, 0x0, 0x0, 0x0, 0x0, 0x0, 0x19,
    0xff, 0xff, 0xff, 0xff, 0xff, 0xfd, 0x40, 0x0,
    0x0, 0x0, 0x0, 0x4f, 0xff, 0xff, 0xff, 0xff,
    0xff, 0xff, 0xff, 0xa0, 0x0, 0x0, 0x0, 0x5f,
    0xff, 0xff, 0xff, 0xff, 0xff, 0xff, 0xff, 0xff,
    0xb0, 0x0, 0x0, 0x3f, 0xff, 0xff, 0xff, 0xff,
    0xff, 0xff, 0xff, 0xff, 0xff, 0x90, 0x0, 0xd,
    0xff, 0xff, 0xff, 0xf7, 0x20, 0x15, 0xcf, 0xff,
    0xff, 0xff, 0x30, 0x5, 0xff, 0xff, 0xff, 0xd2,
    0x0, 0x0, 0x0, 0x9f, 0xff, 0xff, 0xfb, 0x0,
    0xaf, 0xff, 0xff, 0xf3, 0x0, 0x0, 0x0, 0x0,
    0xdf, 0xff, 0xff, 0xf1, 0xe, 0xff, 0xff, 0xfc,
    0x0, 0x0, 0x0, 0x0, 0x6, 0xff, 0xff, 0xff,
    0x41, 0xff, 0xff, 0xff, 0x80, 0x0, 0x0, 0x0,
    0x0, 0x2f, 0xff, 0xff, 0xf7, 0x2f, 0xff, 0xff,
    0xf6, 0x0, 0x0, 0x0, 0x0, 0x0, 0xff, 0xff,
    0xff, 0x82, 0xff, 0xff, 0xff, 0x60, 0x0, 0x0,
    0x0, 0x0, 0x1f, 0xff, 0xff, 0xf8, 0xf, 0xff,
    0xff, 0xf8, 0x0, 0x0, 0x0, 0x0, 0x3, 0xff,
    0xff, 0xff, 0x60, 0xef, 0xff, 0xff, 0xd0, 0x0,
    0x0, 0x0, 0x0, 0x7f, 0xff, 0xff, 0xf4, 0xa,
    0xff, 0xff, 0xff, 0x50, 0x0, 0x0, 0x0, 0xe,
    0xff, 0xff, 0xff, 0x0, 0x4f, 0xff, 0xff, 0xfe,
    0x20, 0x0, 0x0, 0xb, 0xff, 0xff, 0xff, 0xa0,
    0x0, 0xcf, 0xff, 0xff, 0xff, 0x72, 0x1, 0x5d,
    0xff, 0xff, 0xff, 0xf2, 0x0, 0x2, 0xff, 0xff,
    0xff, 0xff, 0xff, 0xff, 0xff, 0xff, 0xff, 0xf8,
    0x0, 0x0, 0x5, 0xff, 0xff, 0xff, 0xff, 0xff,
    0xff, 0xff, 0xff, 0xfa, 0x0, 0x0, 0x0, 0x4,
    0xef, 0xff, 0xff, 0xff, 0xff, 0xff, 0xff, 0xf9,
    0x0, 0x0, 0x0, 0x0, 0x1, 0x9f, 0xff, 0xff,
    0xff, 0xff, 0xff, 0xc4, 0x0, 0x0, 0x0, 0x0,
    0x0, 0x0, 0x16, 0xad, 0xff, 0xfe, 0xb8, 0x30,
    0x0, 0x0, 0x0,

    /* U+0070 "p" */
    0x7f, 0xff, 0xff, 0xb0, 0x1, 0x7b, 0xef, 0xfe,
    0xa5, 0x0, 0x0, 0x0, 0x7f, 0xff, 0xff, 0xb0,
    0x5f, 0xff, 0xff, 0xff, 0xff, 0xd4, 0x0, 0x0,
    0x7f, 0xff, 0xff, 0xb6, 0xff, 0xff, 0xff, 0xff,
    0xff, 0xff, 0x50, 0x0, 0x7f, 0xff, 0xff, 0xdf,
    0xff, 0xff, 0xff, 0xff, 0xff, 0xff, 0xf3, 0x0,
    0x7f, 0xff, 0xff, 0xff, 0xff, 0xff, 0xff, 0xff,
    0xff, 0xff, 0xfd, 0x0, 0x7f, 0xff, 0xff, 0xff,
    0xf9, 0x31, 0x25, 0xdf, 0xff, 0xff, 0xff, 0x50,
    0x7f, 0xff, 0xff, 0xff, 0x40, 0x0, 0x0, 0xa,
    0xff, 0xff, 0xff, 0xb0, 0x7f, 0xff, 0xff, 0xf8,
    0x0, 0x0, 0x0, 0x0, 0xef, 0xff, 0xff, 0xf0,
    0x7f, 0xff, 0xff, 0xf1, 0x0, 0x0, 0x0, 0x0,
    0x8f, 0xff, 0xff, 0xf3, 0x7f, 0xff, 0xff, 0xd0,
    0x0, 0x0, 0x0, 0x0, 0x4f, 0xff, 0xff, 0xf5,
    0x7f, 0xff, 0xff, 0xc0, 0x0, 0x0, 0x0, 0x0,
    0x3f, 0xff, 0xff, 0xf5, 0x7f, 0xff, 0xff, 0xc0,
    0x0, 0x0, 0x0, 0x0, 0x3f, 0xff, 0xff, 0xf5,
    0x7f, 0xff, 0xff, 0xd0, 0x0, 0x0, 0x0, 0x0,
    0x4f, 0xff, 0xff, 0xf4, 0x7f, 0xff, 0xff, 0xf1,
    0x0, 0x0, 0x0, 0x0, 0x8f, 0xff, 0xff, 0xf2,
    0x7f, 0xff, 0xff, 0xf8, 0x0, 0x0, 0x0, 0x0,
    0xef, 0xff, 0xff, 0xf0, 0x7f, 0xff, 0xff, 0xff,
    0x40, 0x0, 0x0, 0xb, 0xff, 0xff, 0xff, 0xa0,
    0x7f, 0xff, 0xff, 0xff, 0xf9, 0x31, 0x25, 0xdf,
    0xff, 0xff, 0xff, 0x40, 0x7f, 0xff, 0xff, 0xff,
    0xff, 0xff, 0xff, 0xff, 0xff, 0xff, 0xfb, 0x0,
    0x7f, 0xff, 0xff, 0xde, 0xff, 0xff, 0xff, 0xff,
    0xff, 0xff, 0xf2, 0x0, 0x7f, 0xff, 0xff, 0xd6,
    0xff, 0xff, 0xff, 0xff, 0xff, 0xff, 0x30, 0x0,
    0x7f, 0xff, 0xff, 0xd0, 0x6f, 0xff, 0xff, 0xff,
    0xff, 0xc2, 0x0, 0x0, 0x7f, 0xff, 0xff, 0xd0,
    0x2, 0x8c, 0xff, 0xfd, 0x94, 0x0, 0x0, 0x0,
    0x7f, 0xff, 0xff, 0xd0, 0x0, 0x0, 0x0, 0x0,
    0x0, 0x0, 0x0, 0x0, 0x7f, 0xff, 0xff, 0xd0,
    0x0, 0x0, 0x0, 0x0, 0x0, 0x0, 0x0, 0x0,
    0x7f, 0xff, 0xff, 0xd0, 0x0, 0x0, 0x0, 0x0,
    0x0, 0x0, 0x0, 0x0, 0x7f, 0xff, 0xff, 0xd0,
    0x0, 0x0, 0x0, 0x0, 0x0, 0x0, 0x0, 0x0,
    0x7f, 0xff, 0xff, 0xd0, 0x0, 0x0, 0x0, 0x0,
    0x0, 0x0, 0x0, 0x0, 0x7f, 0xff, 0xff, 0xd0,
    0x0, 0x0, 0x0, 0x0, 0x0, 0x0, 0x0, 0x0,
    0x7f, 0xff, 0xff, 0xd0, 0x0, 0x0, 0x0, 0x0,
    0x0, 0x0, 0x0, 0x0, 0x7f, 0xff, 0xff, 0xd0,
    0x0, 0x0, 0x0, 0x0, 0x0, 0x0, 0x0, 0x0,
    0x7f, 0xff, 0xff, 0xd0, 0x0, 0x0, 0x0, 0x0,
    0x0, 0x0, 0x0, 0x0,

    /* U+0071 "q" */
    0x0, 0x0, 0x1, 0x7c, 0xef, 0xfd, 0xa4, 0x0,
    0x5f, 0xff, 0xff, 0xd0, 0x0, 0x8, 0xff, 0xff,
    0xff, 0xff, 0xfb, 0x15, 0xff, 0xff, 0xfd, 0x0,
    0xb, 0xff, 0xff, 0xff, 0xff, 0xff, 0xfd, 0x5f,
    0xff, 0xff, 0xd0, 0xa, 0xff, 0xff, 0xff, 0xff,
    0xff, 0xff, 0xfc, 0xff, 0xff, 0xfd, 0x5, 0xff,
    0xff, 0xff, 0xff, 0xff, 0xff, 0xff, 0xff, 0xff,
    0xff, 0xd0, 0xdf, 0xff, 0xff, 0xff, 0x73, 0x12,
    0x6e, 0xff, 0xff, 0xff, 0xfd, 0x4f, 0xff, 0xff,
    0xfe, 0x20, 0x0, 0x0, 0x1c, 0xff, 0xff, 0xff,
    0xd9, 0xff, 0xff, 0xff, 0x50, 0x0, 0x0, 0x0,
    0x2f, 0xff, 0xff, 0xfd, 0xcf, 0xff, 0xff, 0xe0,
    0x0, 0x0, 0x0, 0x0, 0xbf, 0xff, 0xff, 0xde,
    0xff, 0xff, 0xfa, 0x0, 0x0, 0x0, 0x0, 0x7,
    0xff, 0xff, 0xfd, 0xff, 0xff, 0xff, 0x90, 0x0,
    0x0, 0x0, 0x0, 0x6f, 0xff, 0xff, 0xdf, 0xff,
    0xff, 0xf9, 0x0, 0x0, 0x0, 0x0, 0x6, 0xff,
    0xff, 0xfd, 0xef, 0xff, 0xff, 0xa0, 0x0, 0x0,
    0x0, 0x0, 0x7f, 0xff, 0xff, 0xdc, 0xff, 0xff,
    0xfe, 0x0, 0x0, 0x0, 0x0, 0xb, 0xff, 0xff,
    0xfd, 0x9f, 0xff, 0xff, 0xf4, 0x0, 0x0, 0x0,
    0x2, 0xff, 0xff, 0xff, 0xd5, 0xff, 0xff, 0xff,
    0xe2, 0x0, 0x0, 0x0, 0xcf, 0xff, 0xff, 0xfd,
    0xe, 0xff, 0xff, 0xff, 0xf7, 0x31, 0x26, 0xdf,
    0xff, 0xff, 0xff, 0xd0, 0x7f, 0xff, 0xff, 0xff,
    0xff, 0xff, 0xff, 0xff, 0xff, 0xff, 0xfd, 0x0,
    0xcf, 0xff, 0xff, 0xff, 0xff, 0xff, 0xff, 0xef,
    0xff, 0xff, 0xd0, 0x1, 0xdf, 0xff, 0xff, 0xff,
    0xff, 0xff, 0xc7, 0xff, 0xff, 0xfd, 0x0, 0x0,
    0x9f, 0xff, 0xff, 0xff, 0xff, 0xa1, 0x7f, 0xff,
    0xff, 0xd0, 0x0, 0x0, 0x28, 0xcf, 0xff, 0xd9,
    0x30, 0x7, 0xff, 0xff, 0xfd, 0x0, 0x0, 0x0,
    0x0, 0x0, 0x0, 0x0, 0x0, 0x7f, 0xff, 0xff,
    0xd0, 0x0, 0x0, 0x0, 0x0, 0x0, 0x0, 0x0,
    0x7, 0xff, 0xff, 0xfd, 0x0, 0x0, 0x0, 0x0,
    0x0, 0x0, 0x0, 0x0, 0x7f, 0xff, 0xff, 0xd0,
    0x0, 0x0, 0x0, 0x0, 0x0, 0x0, 0x0, 0x7,
    0xff, 0xff, 0xfd, 0x0, 0x0, 0x0, 0x0, 0x0,
    0x0, 0x0, 0x0, 0x7f, 0xff, 0xff, 0xd0, 0x0,
    0x0, 0x0, 0x0, 0x0, 0x0, 0x0, 0x7, 0xff,
    0xff, 0xfd, 0x0, 0x0, 0x0, 0x0, 0x0, 0x0,
    0x0, 0x0, 0x7f, 0xff, 0xff, 0xd0, 0x0, 0x0,
    0x0, 0x0, 0x0, 0x0, 0x0, 0x7, 0xff, 0xff,
    0xfd, 0x0, 0x0, 0x0, 0x0, 0x0, 0x0, 0x0,
    0x0, 0x7f, 0xff, 0xff, 0xd0,

    /* U+0072 "r" */
    0x7f, 0xff, 0xff, 0xb0, 0x2, 0x9d, 0xff, 0x37,
    0xff, 0xff, 0xfb, 0x5, 0xff, 0xff, 0xf3, 0x7f,
    0xff, 0xff, 0xb4, 0xff, 0xff, 0xff, 0x37, 0xff,
    0xff, 0xfb, 0xdf, 0xff, 0xff, 0xf3, 0x7f, 0xff,
    0xff, 0xff, 0xff, 0xff, 0xff, 0x37, 0xff, 0xff,
    0xff, 0xff, 0xff, 0xff, 0xf3, 0x7f, 0xff, 0xff,
    0xff, 0xd6, 0x20, 0x0, 0x7, 0xff, 0xff, 0xff,
    0xc0, 0x0, 0x0, 0x0, 0x7f, 0xff, 0xff, 0xf3,
    0x0, 0x0, 0x0, 0x7, 0xff, 0xff, 0xff, 0x0,
    0x0, 0x0, 0x0, 0x7f, 0xff, 0xff, 0xd0, 0x0,
    0x0, 0x0, 0x7, 0xff, 0xff, 0xfd, 0x0, 0x0,
    0x0, 0x0, 0x7f, 0xff, 0xff, 0xd0, 0x0, 0x0,
    0x0, 0x7, 0xff, 0xff, 0xfd, 0x0, 0x0, 0x0,
    0x0, 0x7f, 0xff, 0xff, 0xd0, 0x0, 0x0, 0x0,
    0x7, 0xff, 0xff, 0xfd, 0x0, 0x0, 0x0, 0x0,
    0x7f, 0xff, 0xff, 0xd0, 0x0, 0x0, 0x0, 0x7,
    0xff, 0xff, 0xfd, 0x0, 0x0, 0x0, 0x0, 0x7f,
    0xff, 0xff, 0xd0, 0x0, 0x0, 0x0, 0x7, 0xff,
    0xff, 0xfd, 0x0, 0x0, 0x0, 0x0, 0x7f, 0xff,
    0xff, 0xd0, 0x0, 0x0, 0x0, 0x7, 0xff, 0xff,
    0xfd, 0x0, 0x0, 0x0, 0x0,

    /* U+0073 "s" */
    0x0, 0x0, 0x1, 0x7b, 0xdf, 0xff, 0xec, 0x94,
    0x0, 0x0, 0x0, 0x0, 0x9, 0xff, 0xff, 0xff,
    0xff, 0xff, 0xfd, 0x40, 0x0, 0x0, 0xc, 0xff,
    0xff, 0xff, 0xff, 0xff, 0xff, 0xff, 0x60, 0x0,
    0x9, 0xff, 0xff, 0xff, 0xff, 0xff, 0xff, 0xff,
    0xff, 0x40, 0x1, 0xff, 0xff, 0xff, 0x84, 0x34,
    0x7d, 0xff, 0xff, 0xfc, 0x0, 0x4f, 0xff, 0xff,
    0x60, 0x0, 0x0, 0xc, 0xff, 0xff, 0xf1, 0x5,
    0xff, 0xff, 0xf6, 0x0, 0x0, 0x0, 0x26, 0x66,
    0x66, 0x10, 0x4f, 0xff, 0xff, 0xf7, 0x20, 0x0,
    0x0, 0x0, 0x0, 0x0, 0x0, 0xff, 0xff, 0xff,
    0xff, 0xfb, 0x85, 0x10, 0x0, 0x0, 0x0, 0x7,
    0xff, 0xff, 0xff, 0xff, 0xff, 0xff, 0xd7, 0x0,
    0x0, 0x0, 0x9, 0xff, 0xff, 0xff, 0xff, 0xff,
    0xff, 0xfe, 0x30, 0x0, 0x0, 0x5, 0xdf, 0xff,
    0xff, 0xff, 0xff, 0xff, 0xff, 0x20, 0x0, 0x0,
    0x0, 0x49, 0xdf, 0xff, 0xff, 0xff, 0xff, 0xfd,
    0x0, 0x0, 0x0, 0x0, 0x0, 0x4, 0x7a, 0xef,
    0xff, 0xff, 0xf4, 0x0, 0x0, 0x0, 0x0, 0x0,
    0x0, 0x0, 0x8f, 0xff, 0xff, 0x74, 0xff, 0xff,
    0xf7, 0x0, 0x0, 0x0, 0x1, 0xff, 0xff, 0xf9,
    0xf, 0xff, 0xff, 0xe2, 0x0, 0x0, 0x0, 0x4f,
    0xff, 0xff, 0x70, 0xaf, 0xff, 0xff, 0xfa, 0x64,
    0x35, 0x8f, 0xff, 0xff, 0xf4, 0x1, 0xef, 0xff,
    0xff, 0xff, 0xff, 0xff, 0xff, 0xff, 0xfc, 0x0,
    0x2, 0xef, 0xff, 0xff, 0xff, 0xff, 0xff, 0xff,
    0xfe, 0x20, 0x0, 0x1, 0x9f, 0xff, 0xff, 0xff,
    0xff, 0xff, 0xfa, 0x10, 0x0, 0x0, 0x0, 0x16,
    0xad, 0xef, 0xff, 0xdb, 0x72, 0x0, 0x0,

    /* U+0074 "t" */
    0x0, 0x0, 0x0, 0x0, 0x0, 0x0, 0x0, 0x0,
    0x0, 0x0, 0x0, 0x0, 0x4, 0xad, 0x0, 0x0,
    0x0, 0x0, 0x0, 0x2, 0x8e, 0xff, 0xe0, 0x0,
    0x0, 0x0, 0x0, 0x6, 0xff, 0xff, 0xfe, 0x0,
    0x0, 0x0, 0x0, 0x0, 0x6f, 0xff, 0xff, 0xe0,
    0x0, 0x0, 0x0, 0x0, 0x6, 0xff, 0xff, 0xfe,
    0x0, 0x0, 0x0, 0x0, 0x0, 0x6f, 0xff, 0xff,
    0xe0, 0x0, 0x0, 0x0, 0x0, 0x6, 0xff, 0xff,
    0xfe, 0x0, 0x0, 0x0, 0x6f, 0xff, 0xff, 0xff,
    0xff, 0xff, 0xff, 0xff, 0x66, 0xff, 0xff, 0xff,
    0xff, 0xff, 0xff, 0xff, 0xf6, 0x6f, 0xff, 0xff,
    0xff, 0xff, 0xff, 0xff, 0xff, 0x66, 0xff, 0xff,
    0xff, 0xff, 0xff, 0xff, 0xff, 0xf6, 0x5d, 0xdd,
    0xef, 0xff, 0xff, 0xfd, 0xdd, 0xdd, 0x50, 0x0,
    0x6, 0xff, 0xff, 0xfe, 0x0, 0x0, 0x0, 0x0,
    0x0, 0x6f, 0xff, 0xff, 0xe0, 0x0, 0x0, 0x0,
    0x0, 0x6, 0xff, 0xff, 0xfe, 0x0, 0x0, 0x0,
    0x0, 0x0, 0x6f, 0xff, 0xff, 0xe0, 0x0, 0x0,
    0x0, 0x0, 0x6, 0xff, 0xff, 0xfe, 0x0, 0x0,
    0x0, 0x0, 0x0, 0x6f, 0xff, 0xff, 0xe0, 0x0,
    0x0, 0x0, 0x0, 0x6, 0xff, 0xff, 0xfe, 0x0,
    0x0, 0x0, 0x0, 0x0, 0x6f, 0xff, 0xff, 0xe0,
    0x0, 0x0, 0x0, 0x0, 0x6, 0xff, 0xff, 0xfe,
    0x0, 0x0, 0x0, 0x0, 0x0, 0x6f, 0xff, 0xff,
    0xe0, 0x0, 0x0, 0x0, 0x0, 0x5, 0xff, 0xff,
    0xff, 0x20, 0x0, 0x0, 0x0, 0x0, 0x2f, 0xff,
    0xff, 0xfd, 0x41, 0x3, 0x20, 0x0, 0x0, 0xef,
    0xff, 0xff, 0xff, 0xff, 0xf6, 0x0, 0x0, 0x7,
    0xff, 0xff, 0xff, 0xff, 0xff, 0x60, 0x0, 0x0,
    0xc, 0xff, 0xff, 0xff, 0xff, 0xf6, 0x0, 0x0,
    0x0, 0x1b, 0xff, 0xff, 0xff, 0xff, 0x60, 0x0,
    0x0, 0x0, 0x4, 0x9d, 0xff, 0xfe, 0xb3,

    /* U+0075 "u" */
    0xbf, 0xff, 0xff, 0x90, 0x0, 0x0, 0x0, 0x2f,
    0xff, 0xff, 0xf2, 0xbf, 0xff, 0xff, 0x90, 0x0,
    0x0, 0x0, 0x2f, 0xff, 0xff, 0xf2, 0xbf, 0xff,
    0xff, 0x90, 0x0, 0x0, 0x0, 0x2f, 0xff, 0xff,
    0xf2, 0xbf, 0xff, 0xff, 0x90, 0x0, 0x0, 0x0,
    0x2f, 0xff, 0xff, 0xf2, 0xbf, 0xff, 0xff, 0x90,
    0x0, 0x0, 0x0, 0x2f, 0xff, 0xff, 0xf2, 0xbf,
    0xff, 0xff, 0x90, 0x0, 0x0, 0x0, 0x2f, 0xff,
    0xff, 0xf2, 0xbf, 0xff, 0xff, 0x90, 0x0, 0x0,
    0x0, 0x2f, 0xff, 0xff, 0xf2, 0xbf, 0xff, 0xff,
    0x90, 0x0, 0x0, 0x0, 0x2f, 0xff, 0xff, 0xf2,
    0xbf, 0xff, 0xff, 0x90, 0x0, 0x0, 0x0, 0x2f,
    0xff, 0xff, 0xf2, 0xbf, 0xff, 0xff, 0x90, 0x0,
    0x0, 0x0, 0x2f, 0xff, 0xff, 0xf2, 0xbf, 0xff,
    0xff, 0x90, 0x0, 0x0, 0x0, 0x2f, 0xff, 0xff,
    0xf2, 0xbf, 0xff, 0xff, 0x90, 0x0, 0x0, 0x0,
    0x2f, 0xff, 0xff, 0xf2, 0xbf, 0xff, 0xff, 0x90,
    0x0, 0x0, 0x0, 0x4f, 0xff, 0xff, 0xf2, 0xbf,
    0xff, 0xff, 0x90, 0x0, 0x0, 0x0, 0x7f, 0xff,
    0xff, 0xf2, 0xbf, 0xff, 0xff, 0xb0, 0x0, 0x0,
    0x0, 0xdf, 0xff, 0xff, 0xf2, 0xaf, 0xff, 0xff,
    0xf1, 0x0, 0x0, 0xa, 0xff, 0xff, 0xff, 0xf2,
    0x8f, 0xff, 0xff, 0xfd, 0x51, 0x25, 0xcf, 0xff,
    0xff, 0xff, 0xf2, 0x3f, 0xff, 0xff, 0xff, 0xff,
    0xff, 0xff, 0xff, 0xff, 0xff, 0xf2, 0xc, 0xff,
    0xff, 0xff, 0xff, 0xff, 0xff, 0x6f, 0xff, 0xff,
    0xf2, 0x2, 0xff, 0xff, 0xff, 0xff, 0xff, 0xf8,
    0xf, 0xff, 0xff, 0xf2, 0x0, 0x3e, 0xff, 0xff,
    0xff, 0xff, 0x60, 0xf, 0xff, 0xff, 0xf2, 0x0,
    0x0, 0x7c, 0xff, 0xfc, 0x81, 0x0, 0xf, 0xff,
    0xff, 0xf2,

    /* U+0076 "v" */
    0xe, 0xff, 0xff, 0xfd, 0x0, 0x0, 0x0, 0x0,
    0xd, 0xff, 0xff, 0xfb, 0x8, 0xff, 0xff, 0xff,
    0x20, 0x0, 0x0, 0x0, 0x2f, 0xff, 0xff, 0xf5,
    0x2, 0xff, 0xff, 0xff, 0x70, 0x0, 0x0, 0x0,
    0x8f, 0xff, 0xff, 0xe0, 0x0, 0xbf, 0xff, 0xff,
    0xc0, 0x0, 0x0, 0x0, 0xdf, 0xff, 0xff, 0x80,
    0x0, 0x5f, 0xff, 0xff, 0xf1, 0x0, 0x0, 0x2,
    0xff, 0xff, 0xff, 0x20, 0x0, 0xf, 0xff, 0xff,
    0xf6, 0x0, 0x0, 0x7, 0xff, 0xff, 0xfc, 0x0,
    0x0, 0x9, 0xff, 0xff, 0xfc, 0x0, 0x0, 0xc,
    0xff, 0xff, 0xf6, 0x0, 0x0, 0x3, 0xff, 0xff,
    0xff, 0x10, 0x0, 0x1f, 0xff, 0xff, 0xf0, 0x0,
    0x0, 0x0, 0xdf, 0xff, 0xff, 0x60, 0x0, 0x6f,
    0xff, 0xff, 0xa0, 0x0, 0x0, 0x0, 0x7f, 0xff,
    0xff, 0xb0, 0x0, 0xbf, 0xff, 0xff, 0x40, 0x0,
    0x0, 0x0, 0x1f, 0xff, 0xff, 0xf1, 0x1, 0xff,
    0xff, 0xfd, 0x0, 0x0, 0x0, 0x0, 0xa, 0xff,
    0xff, 0xf5, 0x5, 0xff, 0xff, 0xf7, 0x0, 0x0,
    0x0, 0x0, 0x4, 0xff, 0xff, 0xfa, 0xb, 0xff,
    0xff, 0xf1, 0x0, 0x0, 0x0, 0x0, 0x0, 0xef,
    0xff, 0xff, 0x1f, 0xff, 0xff, 0xb0, 0x0, 0x0,
    0x0, 0x0, 0x0, 0x8f, 0xff, 0xff, 0xaf, 0xff,
    0xff, 0x50, 0x0, 0x0, 0x0, 0x0, 0x0, 0x2f,
    0xff, 0xff, 0xff, 0xff, 0xfe, 0x0, 0x0, 0x0,
    0x0, 0x0, 0x0, 0xc, 0xff, 0xff, 0xff, 0xff,
    0xf9, 0x0, 0x0, 0x0, 0x0, 0x0, 0x0, 0x5,
    0xff, 0xff, 0xff, 0xff, 0xf2, 0x0, 0x0, 0x0,
    0x0, 0x0, 0x0, 0x0, 0xff, 0xff, 0xff, 0xff,
    0xc0, 0x0, 0x0, 0x0, 0x0, 0x0, 0x0, 0x0,
    0x9f, 0xff, 0xff, 0xff, 0x60, 0x0, 0x0, 0x0,
    0x0, 0x0, 0x0, 0x0, 0x3f, 0xff, 0xff, 0xff,
    0x10, 0x0, 0x0, 0x0, 0x0, 0x0, 0x0, 0x0,
    0xd, 0xff, 0xff, 0xfa, 0x0, 0x0, 0x0, 0x0,

    /* U+0077 "w" */
    0x6f, 0xff, 0xff, 0xf2, 0x0, 0x0, 0x0, 0xdf,
    0xff, 0xff, 0x40, 0x0, 0x0, 0xb, 0xff, 0xff,
    0xfb, 0x2f, 0xff, 0xff, 0xf6, 0x0, 0x0, 0x1,
    0xff, 0xff, 0xff, 0x80, 0x0, 0x0, 0xe, 0xff,
    0xff, 0xf6, 0xd, 0xff, 0xff, 0xf9, 0x0, 0x0,
    0x6, 0xff, 0xff, 0xff, 0xd0, 0x0, 0x0, 0x2f,
    0xff, 0xff, 0xf1, 0x8, 0xff, 0xff, 0xfc, 0x0,
    0x0, 0xa, 0xff, 0xff, 0xff, 0xf1, 0x0, 0x0,
    0x5f, 0xff, 0xff, 0xd0, 0x3, 0xff, 0xff, 0xff,
    0x0, 0x0, 0xe, 0xff, 0xff, 0xff, 0xf5, 0x0,
    0x0, 0x8f, 0xff, 0xff, 0x80, 0x0, 0xef, 0xff,
    0xff, 0x30, 0x0, 0x3f, 0xff, 0xff, 0xff, 0xfa,
    0x0, 0x0, 0xcf, 0xff, 0xff, 0x30, 0x0, 0xaf,
    0xff, 0xff, 0x70, 0x0, 0x7f, 0xff, 0xff, 0xff,
    0xfe, 0x0, 0x0, 0xff, 0xff, 0xfe, 0x0, 0x0,
    0x5f, 0xff, 0xff, 0xa0, 0x0, 0xbf, 0xff, 0xfc,
    0xff, 0xff, 0x20, 0x3, 0xff, 0xff, 0xf9, 0x0,
    0x0, 0x1f, 0xff, 0xff, 0xd0, 0x0, 0xff, 0xff,
    0xb7, 0xff, 0xff, 0x70, 0x6, 0xff, 0xff, 0xf5,
    0x0, 0x0, 0xc, 0xff, 0xff, 0xf1, 0x4, 0xff,
    0xff, 0x72, 0xff, 0xff, 0xb0, 0x9, 0xff, 0xff,
    0xf0, 0x0, 0x0, 0x7, 0xff, 0xff, 0xf4, 0x8,
    0xff, 0xff, 0x20, 0xef, 0xff, 0xf0, 0xd, 0xff,
    0xff, 0xb0, 0x0, 0x0, 0x2, 0xff, 0xff, 0xf8,
    0xc, 0xff, 0xfe, 0x0, 0xaf, 0xff, 0xf4, 0xf,
    0xff, 0xff, 0x60, 0x0, 0x0, 0x0, 0xdf, 0xff,
    0xfb, 0x1f, 0xff, 0xf9, 0x0, 0x5f, 0xff, 0xf8,
    0x3f, 0xff, 0xff, 0x20, 0x0, 0x0, 0x0, 0x9f,
    0xff, 0xfe, 0x5f, 0xff, 0xf5, 0x0, 0x1f, 0xff,
    0xfc, 0x7f, 0xff, 0xfd, 0x0, 0x0, 0x0, 0x0,
    0x4f, 0xff, 0xff, 0xcf, 0xff, 0xf1, 0x0, 0xc,
    0xff, 0xff, 0xbf, 0xff, 0xf8, 0x0, 0x0, 0x0,
    0x0, 0xf, 0xff, 0xff, 0xff, 0xff, 0xc0, 0x0,
    0x8, 0xff, 0xff, 0xff, 0xff, 0xf3, 0x0, 0x0,
    0x0, 0x0, 0xa, 0xff, 0xff, 0xff, 0xff, 0x80,
    0x0, 0x4, 0xff, 0xff, 0xff, 0xff, 0xe0, 0x0,
    0x0, 0x0, 0x0, 0x5, 0xff, 0xff, 0xff, 0xff,
    0x40, 0x0, 0x0, 0xff, 0xff, 0xff, 0xff, 0xa0,
    0x0, 0x0, 0x0, 0x0, 0x1, 0xff, 0xff, 0xff,
    0xff, 0x0, 0x0, 0x0, 0xbf, 0xff, 0xff, 0xff,
    0x50, 0x0, 0x0, 0x0, 0x0, 0x0, 0xcf, 0xff,
    0xff, 0xfb, 0x0, 0x0, 0x0, 0x7f, 0xff, 0xff,
    0xff, 0x10, 0x0, 0x0, 0x0, 0x0, 0x0, 0x7f,
    0xff, 0xff, 0xf6, 0x0, 0x0, 0x0, 0x2f, 0xff,
    0xff, 0xfb, 0x0, 0x0, 0x0, 0x0, 0x0, 0x0,
    0x2f, 0xff, 0xff, 0xf2, 0x0, 0x0, 0x0, 0xe,
    0xff, 0xff, 0xf7, 0x0, 0x0, 0x0,

    /* U+0078 "x" */
    0xb, 0xff, 0xff, 0xff, 0x40, 0x0, 0x0, 0x3,
    0xff, 0xff, 0xff, 0xa0, 0x1, 0xef, 0xff, 0xff,
    0xe0, 0x0, 0x0, 0xd, 0xff, 0xff, 0xfe, 0x10,
    0x0, 0x4f, 0xff, 0xff, 0xf9, 0x0, 0x0, 0x8f,
    0xff, 0xff, 0xf3, 0x0, 0x0, 0x8, 0xff, 0xff,
    0xff, 0x30, 0x3, 0xff, 0xff, 0xff, 0x70, 0x0,
    0x0, 0x0, 0xcf, 0xff, 0xff, 0xd0, 0xd, 0xff,
    0xff, 0xfb, 0x0, 0x0, 0x0, 0x0, 0x1e, 0xff,
    0xff, 0xf8, 0x9f, 0xff, 0xff, 0xe1, 0x0, 0x0,
    0x0, 0x0, 0x5, 0xff, 0xff, 0xff, 0xff, 0xff,
    0xff, 0x30, 0x0, 0x0, 0x0, 0x0, 0x0, 0x9f,
    0xff, 0xff, 0xff, 0xff, 0xf7, 0x0, 0x0, 0x0,
    0x0, 0x0, 0x0, 0xc, 0xff, 0xff, 0xff, 0xff,
    0xb0, 0x0, 0x0, 0x0, 0x0, 0x0, 0x0, 0x2,
    0xff, 0xff, 0xff, 0xfe, 0x10, 0x0, 0x0, 0x0,
    0x0, 0x0, 0x0, 0x0, 0x9f, 0xff, 0xff, 0xf5,
    0x0, 0x0, 0x0, 0x0, 0x0, 0x0, 0x0, 0x2,
    0xff, 0xff, 0xff, 0xfa, 0x0, 0x0, 0x0, 0x0,
    0x0, 0x0, 0x0, 0xd, 0xff, 0xff, 0xff, 0xff,
    0x60, 0x0, 0x0, 0x0, 0x0, 0x0, 0x0, 0xaf,
    0xff, 0xff, 0xff, 0xff, 0xf3, 0x0, 0x0, 0x0,
    0x0, 0x0, 0x6, 0xff, 0xff, 0xff, 0xff, 0xff,
    0xfd, 0x0, 0x0, 0x0, 0x0, 0x0, 0x2f, 0xff,
    0xff, 0xf6, 0xef, 0xff, 0xff, 0xa0, 0x0, 0x0,
    0x0, 0x0, 0xdf, 0xff, 0xff, 0xa0, 0x4f, 0xff,
    0xff, 0xf5, 0x0, 0x0, 0x0, 0xa, 0xff, 0xff,
    0xfe, 0x10, 0x9, 0xff, 0xff, 0xff, 0x20, 0x0,
    0x0, 0x5f, 0xff, 0xff, 0xf4, 0x0, 0x1, 0xef,
    0xff, 0xff, 0xc0, 0x0, 0x2, 0xff, 0xff, 0xff,
    0x90, 0x0, 0x0, 0x4f, 0xff, 0xff, 0xf9, 0x0,
    0xd, 0xff, 0xff, 0xfd, 0x0, 0x0, 0x0, 0xa,
    0xff, 0xff, 0xff, 0x40, 0x9f, 0xff, 0xff, 0xf3,
    0x0, 0x0, 0x0, 0x1, 0xef, 0xff, 0xff, 0xe1,

    /* U+0079 "y" */
    0xe, 0xff, 0xff, 0xfe, 0x0, 0x0, 0x0, 0x0,
    0xf, 0xff, 0xff, 0xfa, 0x8, 0xff, 0xff, 0xff,
    0x30, 0x0, 0x0, 0x0, 0x5f, 0xff, 0xff, 0xf4,
    0x2, 0xff, 0xff, 0xff, 0x90, 0x0, 0x0, 0x0,
    0xbf, 0xff, 0xff, 0xd0, 0x0, 0xcf, 0xff, 0xff,
    0xe0, 0x0, 0x0, 0x1, 0xff, 0xff, 0xff, 0x60,
    0x0, 0x5f, 0xff, 0xff, 0xf4, 0x0, 0x0, 0x6,
    0xff, 0xff, 0xff, 0x0, 0x0, 0xf, 0xff, 0xff,
    0xf9, 0x0, 0x0, 0xc, 0xff, 0xff, 0xf9, 0x0,
    0x0, 0x9, 0xff, 0xff, 0xfe, 0x0, 0x0, 0x2f,
    0xff, 0xff, 0xf2, 0x0, 0x0, 0x3, 0xff, 0xff,
    0xff, 0x40, 0x0, 0x7f, 0xff, 0xff, 0xc0, 0x0,
    0x0, 0x0, 0xdf, 0xff, 0xff, 0xa0, 0x0, 0xdf,
    0xff, 0xff, 0x50, 0x0, 0x0, 0x0, 0x7f, 0xff,
    0xff, 0xf0, 0x3, 0xff, 0xff, 0xfe, 0x0, 0x0,
    0x0, 0x0, 0x1f, 0xff, 0xff, 0xf5, 0x8, 0xff,
    0xff, 0xf7, 0x0, 0x0, 0x0, 0x0, 0xb, 0xff,
    0xff, 0xfa, 0xe, 0xff, 0xff, 0xf1, 0x0, 0x0,
    0x0, 0x0, 0x5, 0xff, 0xff, 0xff, 0x5f, 0xff,
    0xff, 0xa0, 0x0, 0x0, 0x0, 0x0, 0x0, 0xef,
    0xff, 0xff, 0xef, 0xff, 0xff, 0x30, 0x0, 0x0,
    0x0, 0x0, 0x0, 0x9f, 0xff, 0xff, 0xff, 0xff,
    0xfd, 0x0, 0x0, 0x0, 0x0, 0x0, 0x0, 0x3f,
    0xff, 0xff, 0xff, 0xff, 0xf6, 0x0, 0x0, 0x0,
    0x0, 0x0, 0x0, 0xd, 0xff, 0xff, 0xff, 0xff,
    0xf0, 0x0, 0x0, 0x0, 0x0, 0x0, 0x0, 0x6,
    0xff, 0xff, 0xff, 0xff, 0x80, 0x0, 0x0, 0x0,
    0x0, 0x0, 0x0, 0x1, 0xff, 0xff, 0xff, 0xff,
    0x20, 0x0, 0x0, 0x0, 0x0, 0x0, 0x0, 0x0,
    0xaf, 0xff, 0xff, 0xfb, 0x0, 0x0, 0x0, 0x0,
    0x0, 0x0, 0x0, 0x0, 0x4f, 0xff, 0xff, 0xf4,
    0x0, 0x0, 0x0, 0x0, 0x0, 0x0, 0x0, 0x0,
    0x3f, 0xff, 0xff, 0xd0, 0x0, 0x0, 0x0, 0x0,
    0x0, 0x0, 0x0, 0x0, 0xaf, 0xff, 0xff, 0x70,
    0x0, 0x0, 0x0, 0x0, 0x0, 0x0, 0x0, 0x1,
    0xff, 0xff, 0xff, 0x10, 0x0, 0x0, 0x0, 0x0,
    0x0, 0x0, 0x0, 0x8, 0xff, 0xff, 0xfa, 0x0,
    0x0, 0x0, 0x0, 0x0, 0x0, 0x0, 0x0, 0xf,
    0xff, 0xff, 0xf3, 0x0, 0x0, 0x0, 0x0, 0x0,
    0x0, 0x0, 0x0, 0x6f, 0xff, 0xff, 0xc0, 0x0,
    0x0, 0x0, 0x0, 0x0, 0x0, 0x0, 0x0, 0xdf,
    0xff, 0xff, 0x50, 0x0, 0x0, 0x0, 0x0, 0x0,
    0x0, 0x0, 0x4, 0xff, 0xff, 0xfe, 0x0, 0x0,
    0x0, 0x0, 0x0, 0x0, 0x0, 0x0, 0xb, 0xff,
    0xff, 0xf8, 0x0, 0x0, 0x0, 0x0, 0x0, 0x0,
    0x0, 0x0, 0x2f, 0xff, 0xff, 0xf2, 0x0, 0x0,
    0x0, 0x0, 0x0, 0x0,

    /* U+007A "z" */
    0xd, 0xff, 0xff, 0xff, 0xff, 0xff, 0xff, 0xff,
    0xff, 0xf1, 0xd, 0xff, 0xff, 0xff, 0xff, 0xff,
    0xff, 0xff, 0xff, 0xf1, 0xd, 0xff, 0xff, 0xff,
    0xff, 0xff, 0xff, 0xff, 0xff, 0xf1, 0xd, 0xff,
    0xff, 0xff, 0xff, 0xff, 0xff, 0xff, 0xff, 0xf1,
    0xa, 0xdd, 0xdd, 0xdd, 0xdd, 0xdf, 0xff, 0xff,
    0xff, 0xe0, 0x0, 0x0, 0x0, 0x0, 0x0, 0x8f,
    0xff, 0xff, 0xff, 0x30, 0x0, 0x0, 0x0, 0x0,
    0x5, 0xff, 0xff, 0xff, 0xf6, 0x0, 0x0, 0x0,
    0x0, 0x0, 0x2f, 0xff, 0xff, 0xff, 0xa0, 0x0,
    0x0, 0x0, 0x0, 0x1, 0xdf, 0xff, 0xff, 0xfc,
    0x0, 0x0, 0x0, 0x0, 0x0, 0xb, 0xff, 0xff,
    0xff, 0xe1, 0x0, 0x0, 0x0, 0x0, 0x0, 0x8f,
    0xff, 0xff, 0xff, 0x40, 0x0, 0x0, 0x0, 0x0,
    0x5, 0xff, 0xff, 0xff, 0xf7, 0x0, 0x0, 0x0,
    0x0, 0x0, 0x2f, 0xff, 0xff, 0xff, 0xa0, 0x0,
    0x0, 0x0, 0x0, 0x0, 0xdf, 0xff, 0xff, 0xfd,
    0x0, 0x0, 0x0, 0x0, 0x0, 0xb, 0xff, 0xff,
    0xff, 0xf2, 0x0, 0x0, 0x0, 0x0, 0x0, 0x7f,
    0xff, 0xff, 0xff, 0x40, 0x0, 0x0, 0x0, 0x0,
    0x4, 0xff, 0xff, 0xff, 0xf7, 0x0, 0x0, 0x0,
    0x0, 0x0, 0x1f, 0xff, 0xff, 0xff, 0xfd, 0xdd,
    0xdd, 0xdd, 0xdd, 0xd3, 0x2f, 0xff, 0xff, 0xff,
    0xff, 0xff, 0xff, 0xff, 0xff, 0xf4, 0x2f, 0xff,
    0xff, 0xff, 0xff, 0xff, 0xff, 0xff, 0xff, 0xf4,
    0x2f, 0xff, 0xff, 0xff, 0xff, 0xff, 0xff, 0xff,
    0xff, 0xf4, 0x2f, 0xff, 0xff, 0xff, 0xff, 0xff,
    0xff, 0xff, 0xff, 0xf4,

    /* U+007B "{" */
    0x0, 0x0, 0x0, 0x4, 0xad, 0xff, 0xff, 0xff,
    0x0, 0x0, 0x0, 0x2c, 0xff, 0xff, 0xff, 0xff,
    0xf0, 0x0, 0x0, 0x1e, 0xff, 0xff, 0xff, 0xff,
    0xff, 0x0, 0x0, 0x9, 0xff, 0xff, 0xff, 0xff,
    0xff, 0xf0, 0x0, 0x0, 0xef, 0xff, 0xff, 0xff,
    0xff, 0xff, 0x0, 0x0, 0xf, 0xff, 0xff, 0xf9,
    0x10, 0x0, 0x0, 0x0, 0x0, 0xff, 0xff, 0xfe,
    0x0, 0x0, 0x0, 0x0, 0x0, 0xd, 0xff, 0xff,
    0xd0, 0x0, 0x0, 0x0, 0x0, 0x0, 0xaf, 0xff,
    0xff, 0x10, 0x0, 0x0, 0x0, 0x0, 0x6, 0xff,
    0xff, 0xf5, 0x0, 0x0, 0x0, 0x0, 0x0, 0x2f,
    0xff, 0xff, 0x90, 0x0, 0x0, 0x0, 0x0, 0x0,
    0xff, 0xff, 0xfe, 0x0, 0x0, 0x0, 0x0, 0x0,
    0xf, 0xff, 0xff, 0xf0, 0x0, 0x0, 0x0, 0x0,
    0x3, 0xff, 0xff, 0xff, 0x0, 0x0, 0x0, 0x0,
    0x4, 0xdf, 0xff, 0xff, 0xb0, 0x0, 0x0, 0xb,
    0xff, 0xff, 0xff, 0xff, 0xf3, 0x0, 0x0, 0x0,
    0xbf, 0xff, 0xff, 0xff, 0xe3, 0x0, 0x0, 0x0,
    0xb, 0xff, 0xff, 0xff, 0xb0, 0x0, 0x0, 0x0,
    0x0, 0xbf, 0xff, 0xff, 0xff, 0xd3, 0x0, 0x0,
    0x0, 0xb, 0xff, 0xff, 0xff, 0xff, 0xe1, 0x0,
    0x0, 0x0, 0x0, 0x5, 0xef, 0xff, 0xff, 0xa0,
    0x0, 0x0, 0x0, 0x0, 0x3, 0xff, 0xff, 0xff,
    0x0, 0x0, 0x0, 0x0, 0x0, 0xf, 0xff, 0xff,
    0xf0, 0x0, 0x0, 0x0, 0x0, 0x0, 0xff, 0xff,
    0xff, 0x0, 0x0, 0x0, 0x0, 0x0, 0x1f, 0xff,
    0xff, 0xc0, 0x0, 0x0, 0x0, 0x0, 0x5, 0xff,
    0xff, 0xf8, 0x0, 0x0, 0x0, 0x0, 0x0, 0x8f,
    0xff, 0xff, 0x40, 0x0, 0x0, 0x0, 0x0, 0xc,
    0xff, 0xff, 0xf0, 0x0, 0x0, 0x0, 0x0, 0x0,
    0xff, 0xff, 0xfd, 0x0, 0x0, 0x0, 0x0, 0x0,
    0xf, 0xff, 0xff, 0xf0, 0x0, 0x0, 0x0, 0x0,
    0x0, 0xff, 0xff, 0xff, 0xa1, 0x0, 0x0, 0x0,
    0x0, 0xc, 0xff, 0xff, 0xff, 0xff, 0xff, 0xf0,
    0x0, 0x0, 0x7f, 0xff, 0xff, 0xff, 0xff, 0xff,
    0x0, 0x0, 0x0, 0xdf, 0xff, 0xff, 0xff, 0xff,
    0xf0, 0x0, 0x0, 0x1, 0xbf, 0xff, 0xff, 0xff,
    0xff, 0x0, 0x0, 0x0, 0x0, 0x49, 0xdf, 0xff,
    0xff, 0xf0,

    /* U+007C "|" */
    0xde, 0xee, 0xe8, 0xef, 0xff, 0xf9, 0xef, 0xff,
    0xf9, 0xef, 0xff, 0xf9, 0xef, 0xff, 0xf9, 0xef,
    0xff, 0xf9, 0xef, 0xff, 0xf9, 0xef, 0xff, 0xf9,
    0xef, 0xff, 0xf9, 0xef, 0xff, 0xf9, 0xef, 0xff,
    0xf9, 0xef, 0xff, 0xf9, 0xef, 0xff, 0xf9, 0xef,
    0xff, 0xf9, 0xef, 0xff, 0xf9, 0xef, 0xff, 0xf9,
    0xef, 0xff, 0xf9, 0xef, 0xff, 0xf9, 0xef, 0xff,
    0xf9, 0xef, 0xff, 0xf9, 0xef, 0xff, 0xf9, 0xef,
    0xff, 0xf9, 0xef, 0xff, 0xf9, 0xef, 0xff, 0xf9,
    0xef, 0xff, 0xf9, 0xef, 0xff, 0xf9, 0xef, 0xff,
    0xf9, 0xef, 0xff, 0xf9, 0xef, 0xff, 0xf9, 0xef,
    0xff, 0xf9, 0xef, 0xff, 0xf9, 0xef, 0xff, 0xf9,
    0xef, 0xff, 0xf9, 0xef, 0xff, 0xf9, 0xef, 0xff,
    0xf9, 0xef, 0xff, 0xf9, 0xef, 0xff, 0xf9, 0xef,
    0xff, 0xf9, 0xef, 0xff, 0xf9,

    /* U+007D "}" */
    0xef, 0xff, 0xff, 0xda, 0x50, 0x0, 0x0, 0x0,
    0xef, 0xff, 0xff, 0xff, 0xfd, 0x30, 0x0, 0x0,
    0xef, 0xff, 0xff, 0xff, 0xff, 0xf2, 0x0, 0x0,
    0xef, 0xff, 0xff, 0xff, 0xff, 0xfb, 0x0, 0x0,
    0xef, 0xff, 0xff, 0xff, 0xff, 0xff, 0x0, 0x0,
    0x0, 0x0, 0x7, 0xff, 0xff, 0xff, 0x20, 0x0,
    0x0, 0x0, 0x0, 0xcf, 0xff, 0xff, 0x20, 0x0,
    0x0, 0x0, 0x0, 0xbf, 0xff, 0xff, 0x0, 0x0,
    0x0, 0x0, 0x0, 0xef, 0xff, 0xfc, 0x0, 0x0,
    0x0, 0x0, 0x3, 0xff, 0xff, 0xf8, 0x0, 0x0,
    0x0, 0x0, 0x7, 0xff, 0xff, 0xf5, 0x0, 0x0,
    0x0, 0x0, 0xb, 0xff, 0xff, 0xf2, 0x0, 0x0,
    0x0, 0x0, 0xe, 0xff, 0xff, 0xf1, 0x0, 0x0,
    0x0, 0x0, 0xd, 0xff, 0xff, 0xf5, 0x0, 0x0,
    0x0, 0x0, 0x9, 0xff, 0xff, 0xfe, 0x51, 0x0,
    0x0, 0x0, 0x1, 0xef, 0xff, 0xff, 0xff, 0xfe,
    0x0, 0x0, 0x0, 0x2d, 0xff, 0xff, 0xff, 0xfe,
    0x0, 0x0, 0x0, 0x0, 0x9f, 0xff, 0xff, 0xfe,
    0x0, 0x0, 0x0, 0x1c, 0xff, 0xff, 0xff, 0xfe,
    0x0, 0x0, 0x0, 0xdf, 0xff, 0xff, 0xff, 0xfe,
    0x0, 0x0, 0x7, 0xff, 0xff, 0xff, 0x61, 0x0,
    0x0, 0x0, 0xc, 0xff, 0xff, 0xf5, 0x0, 0x0,
    0x0, 0x0, 0xe, 0xff, 0xff, 0xf1, 0x0, 0x0,
    0x0, 0x0, 0xd, 0xff, 0xff, 0xf1, 0x0, 0x0,
    0x0, 0x0, 0xa, 0xff, 0xff, 0xf4, 0x0, 0x0,
    0x0, 0x0, 0x5, 0xff, 0xff, 0xf7, 0x0, 0x0,
    0x0, 0x0, 0x1, 0xff, 0xff, 0xfb, 0x0, 0x0,
    0x0, 0x0, 0x0, 0xdf, 0xff, 0xfe, 0x0, 0x0,
    0x0, 0x0, 0x0, 0xbf, 0xff, 0xff, 0x10, 0x0,
    0x0, 0x0, 0x0, 0xdf, 0xff, 0xff, 0x20, 0x0,
    0x0, 0x0, 0x18, 0xff, 0xff, 0xff, 0x20, 0x0,
    0xef, 0xff, 0xff, 0xff, 0xff, 0xff, 0x0, 0x0,
    0xef, 0xff, 0xff, 0xff, 0xff, 0xfa, 0x0, 0x0,
    0xef, 0xff, 0xff, 0xff, 0xff, 0xe1, 0x0, 0x0,
    0xef, 0xff, 0xff, 0xff, 0xfd, 0x20, 0x0, 0x0,
    0xef, 0xff, 0xff, 0xda, 0x50, 0x0, 0x0, 0x0,

    /* U+007E "~" */
    0x0, 0x0, 0x4a, 0xef, 0xfd, 0x93, 0x0, 0x0,
    0x0, 0x0, 0x58, 0x88, 0x40, 0x0, 0xaf, 0xff,
    0xff, 0xff, 0xfc, 0x40, 0x0, 0x0, 0x1e, 0xff,
    0xf6, 0x0, 0xaf, 0xff, 0xff, 0xff, 0xff, 0xff,
    0xc5, 0x10, 0x3c, 0xff, 0xff, 0x30, 0x4f, 0xff,
    0xff, 0xff, 0xff, 0xff, 0xff, 0xff, 0xff, 0xff,
    0xff, 0xe0, 0xc, 0xff, 0xff, 0xff, 0xff, 0xff,
    0xff, 0xff, 0xff, 0xff, 0xff, 0xf7, 0x0, 0xff,
    0xff, 0xe4, 0x0, 0x4b, 0xff, 0xff, 0xff, 0xff,
    0xff, 0xfc, 0x0, 0x3f, 0xff, 0xf3, 0x0, 0x0,
    0x3, 0xbf, 0xff, 0xff, 0xff, 0xfc, 0x10, 0x2,
    0x88, 0x87, 0x0, 0x0, 0x0, 0x0, 0x28, 0xcf,
    0xfe, 0xb6, 0x0, 0x0,

    /* U+00B0 "°" */
    0x0, 0x2, 0x9d, 0xff, 0xb5, 0x0, 0x0, 0x5,
    0xff, 0xff, 0xff, 0xfb, 0x0, 0x3, 0xff, 0xff,
    0xff, 0xff, 0xf9, 0x0, 0xcf, 0xff, 0x84, 0x5d,
    0xff, 0xf2, 0x2f, 0xff, 0x50, 0x0, 0x1e, 0xff,
    0x84, 0xff, 0xf0, 0x0, 0x0, 0x9f, 0xfa, 0x4f,
    0xff, 0x0, 0x0, 0x9, 0xff, 0xa1, 0xff, 0xf6,
    0x0, 0x1, 0xef, 0xf7, 0xb, 0xff, 0xf8, 0x35,
    0xdf, 0xff, 0x20, 0x3f, 0xff, 0xff, 0xff, 0xff,
    0x90, 0x0, 0x4f, 0xff, 0xff, 0xff, 0xa0, 0x0,
    0x0, 0x19, 0xdf, 0xfb, 0x50, 0x0,

    /* U+2022 "•" */
    0x6c, 0xcc, 0xcc, 0xcc, 0xcc, 0x27, 0xff, 0xff,
    0xff, 0xff, 0xf3, 0x7f, 0xff, 0xff, 0xff, 0xff,
    0x37, 0xff, 0xff, 0xff, 0xff, 0xf3, 0x7f, 0xff,
    0xff, 0xff, 0xff, 0x37, 0xff, 0xff, 0xff, 0xff,
    0xf3, 0x7f, 0xff, 0xff, 0xff, 0xff, 0x37, 0xff,
    0xff, 0xff, 0xff, 0xf3, 0x7f, 0xff, 0xff, 0xff,
    0xff, 0x37, 0xff, 0xff, 0xff, 0xff, 0xf3
};


/*---------------------
 *  GLYPH DESCRIPTION
 *--------------------*/

static const lv_font_fmt_txt_glyph_dsc_t glyph_dsc[] = {
    {.bitmap_index = 0, .adv_w = 0, .box_w = 0, .box_h = 0, .ofs_x = 0, .ofs_y = 0} /* id = 0 reserved */,
    {.bitmap_index = 0, .adv_w = 128, .box_w = 0, .box_h = 0, .ofs_x = 0, .ofs_y = 0},
    {.bitmap_index = 0, .adv_w = 206, .box_w = 8, .box_h = 31, .ofs_x = 2, .ofs_y = 0},
    {.bitmap_index = 124, .adv_w = 324, .box_w = 17, .box_h = 14, .ofs_x = 2, .ofs_y = 18},
    {.bitmap_index = 243, .adv_w = 492, .box_w = 29, .box_h = 30, .ofs_x = 1, .ofs_y = 0},
    {.bitmap_index = 678, .adv_w = 438, .box_w = 26, .box_h = 40, .ofs_x = 1, .ofs_y = -4},
    {.bitmap_index = 1198, .adv_w = 528, .box_w = 31, .box_h = 30, .ofs_x = 1, .ofs_y = 0},
    {.bitmap_index = 1663, .adv_w = 520, .box_w = 33, .box_h = 30, .ofs_x = 0, .ofs_y = 0},
    {.bitmap_index = 2158, .adv_w = 180, .box_w = 8, .box_h = 14, .ofs_x = 2, .ofs_y = 18},
    {.bitmap_index = 2214, .adv_w = 306, .box_w = 16, .box_h = 37, .ofs_x = 2, .ofs_y = -5},
    {.bitmap_index = 2510, .adv_w = 306, .box_w = 16, .box_h = 37, .ofs_x = 1, .ofs_y = -4},
    {.bitmap_index = 2806, .adv_w = 296, .box_w = 16, .box_h = 15, .ofs_x = 1, .ofs_y = 17},
    {.bitmap_index = 2926, .adv_w = 370, .box_w = 20, .box_h = 21, .ofs_x = 2, .ofs_y = 5},
    {.bitmap_index = 3136, .adv_w = 192, .box_w = 8, .box_h = 15, .ofs_x = 2, .ofs_y = -8},
    {.bitmap_index = 3196, .adv_w = 327, .box_w = 16, .box_h = 6, .ofs_x = 2, .ofs_y = 9},
    {.bitmap_index = 3244, .adv_w = 192, .box_w = 8, .box_h = 7, .ofs_x = 2, .ofs_y = 0},
    {.bitmap_index = 3272, .adv_w = 299, .box_w = 17, .box_h = 36, .ofs_x = 1, .ofs_y = -3},
    {.bitmap_index = 3578, .adv_w = 458, .box_w = 27, .box_h = 30, .ofs_x = 1, .ofs_y = 0},
    {.bitmap_index = 3983, .adv_w = 259, .box_w = 15, .box_h = 30, .ofs_x = 0, .ofs_y = 0},
    {.bitmap_index = 4208, .adv_w = 378, .box_w = 23, .box_h = 30, .ofs_x = 0, .ofs_y = 0},
    {.bitmap_index = 4553, .adv_w = 391, .box_w = 24, .box_h = 30, .ofs_x = 0, .ofs_y = 0},
    {.bitmap_index = 4913, .adv_w = 418, .box_w = 25, .box_h = 30, .ofs_x = 1, .ofs_y = 0},
    {.bitmap_index = 5288, .adv_w = 393, .box_w = 23, .box_h = 30, .ofs_x = 1, .ofs_y = 0},
    {.bitmap_index = 5633, .adv_w = 419, .box_w = 25, .box_h = 30, .ofs_x = 1, .ofs_y = 0},
    {.bitmap_index = 6008, .adv_w = 386, .box_w = 23, .box_h = 30, .ofs_x = 1, .ofs_y = 0},
    {.bitmap_index = 6353, .adv_w = 407, .box_w = 24, .box_h = 30, .ofs_x = 1, .ofs_y = 0},
    {.bitmap_index = 6713, .adv_w = 419, .box_w = 24, .box_h = 30, .ofs_x = 1, .ofs_y = 0},
    {.bitmap_index = 7073, .adv_w = 192, .box_w = 8, .box_h = 21, .ofs_x = 2, .ofs_y = 0},
    {.bitmap_index = 7157, .adv_w = 192, .box_w = 8, .box_h = 29, .ofs_x = 2, .ofs_y = -8},
    {.bitmap_index = 7273, .adv_w = 370, .box_w = 20, .box_h = 19, .ofs_x = 2, .ofs_y = 6},
    {.bitmap_index = 7463, .adv_w = 370, .box_w = 20, .box_h = 13, .ofs_x = 2, .ofs_y = 9},
    {.bitmap_index = 7593, .adv_w = 370, .box_w = 20, .box_h = 19, .ofs_x = 2, .ofs_y = 6},
    {.bitmap_index = 7783, .adv_w = 394, .box_w = 23, .box_h = 32, .ofs_x = 1, .ofs_y = 0},
    {.bitmap_index = 8151, .adv_w = 587, .box_w = 35, .box_h = 30, .ofs_x = 1, .ofs_y = 0},
    {.bitmap_index = 8676, .adv_w = 495, .box_w = 29, .box_h = 30, .ofs_x = 1, .ofs_y = 0},
    {.bitmap_index = 9111, .adv_w = 436, .box_w = 24, .box_h = 30, .ofs_x = 2, .ofs_y = 0},
    {.bitmap_index = 9471, .adv_w = 504, .box_w = 30, .box_h = 30, .ofs_x = 1, .ofs_y = 0},
    {.bitmap_index = 9921, .adv_w = 508, .box_w = 29, .box_h = 30, .ofs_x = 2, .ofs_y = 0},
    {.bitmap_index = 10356, .adv_w = 421, .box_w = 23, .box_h = 30, .ofs_x = 2, .ofs_y = 0},
    {.bitmap_index = 10701, .adv_w = 396, .box_w = 22, .box_h = 30, .ofs_x = 2, .ofs_y = 0},
    {.bitmap_index = 11031, .adv_w = 513, .box_w = 30, .box_h = 30, .ofs_x = 1, .ofs_y = 0},
    {.bitmap_index = 11481, .adv_w = 484, .box_w = 27, .box_h = 30, .ofs_x = 2, .ofs_y = 0},
    {.bitmap_index = 11886, .adv_w = 171, .box_w = 7, .box_h = 30, .ofs_x = 2, .ofs_y = 0},
    {.bitmap_index = 11991, .adv_w = 278, .box_w = 16, .box_h = 30, .ofs_x = 0, .ofs_y = 0},
    {.bitmap_index = 12231, .adv_w = 485, .box_w = 28, .box_h = 30, .ofs_x = 2, .ofs_y = 0},
    {.bitmap_index = 12651, .adv_w = 396, .box_w = 22, .box_h = 30, .ofs_x = 2, .ofs_y = 0},
    {.bitmap_index = 12981, .adv_w = 601, .box_w = 34, .box_h = 30, .ofs_x = 2, .ofs_y = 0},
    {.bitmap_index = 13491, .adv_w = 484, .box_w = 27, .box_h = 30, .ofs_x = 2, .ofs_y = 0},
    {.bitmap_index = 13896, .adv_w = 536, .box_w = 32, .box_h = 30, .ofs_x = 1, .ofs_y = 0},
    {.bitmap_index = 14376, .adv_w = 452, .box_w = 26, .box_h = 30, .ofs_x = 2, .ofs_y = 0},
    {.bitmap_index = 14766, .adv_w = 548, .box_w = 33, .box_h = 30, .ofs_x = 1, .ofs_y = 0},
    {.bitmap_index = 15261, .adv_w = 449, .box_w = 27, .box_h = 30, .ofs_x = 1, .ofs_y = 0},
    {.bitmap_index = 15666, .adv_w = 438, .box_w = 26, .box_h = 30, .ofs_x = 1, .ofs_y = 0},
    {.bitmap_index = 16056, .adv_w = 452, .box_w = 27, .box_h = 30, .ofs_x = 1, .ofs_y = 0},
    {.bitmap_index = 16461, .adv_w = 470, .box_w = 27, .box_h = 30, .ofs_x = 1, .ofs_y = 0},
    {.bitmap_index = 16866, .adv_w = 495, .box_w = 29, .box_h = 30, .ofs_x = 1, .ofs_y = 0},
    {.bitmap_index = 17301, .adv_w = 730, .box_w = 44, .box_h = 30, .ofs_x = 1, .ofs_y = 0},
    {.bitmap_index = 17961, .adv_w = 481, .box_w = 30, .box_h = 30, .ofs_x = 0, .ofs_y = 0},
    {.bitmap_index = 18411, .adv_w = 478, .box_w = 30, .box_h = 30, .ofs_x = 0, .ofs_y = 0},
    {.bitmap_index = 18861, .adv_w = 427, .box_w = 25, .box_h = 30, .ofs_x = 1, .ofs_y = 0},
    {.bitmap_index = 19236, .adv_w = 306, .box_w = 15, .box_h = 36, .ofs_x = 3, .ofs_y = -5},
    {.bitmap_index = 19506, .adv_w = 299, .box_w = 17, .box_h = 36, .ofs_x = 1, .ofs_y = -3},
    {.bitmap_index = 19812, .adv_w = 306, .box_w = 14, .box_h = 36, .ofs_x = 2, .ofs_y = -5},
    {.bitmap_index = 20064, .adv_w = 370, .box_w = 19, .box_h = 11, .ofs_x = 2, .ofs_y = 21},
    {.bitmap_index = 20169, .adv_w = 327, .box_w = 21, .box_h = 5, .ofs_x = 0, .ofs_y = -7},
    {.bitmap_index = 20222, .adv_w = 238, .box_w = 13, .box_h = 7, .ofs_x = 2, .ofs_y = 25},
    {.bitmap_index = 20268, .adv_w = 384, .box_w = 22, .box_h = 22, .ofs_x = 1, .ofs_y = 0},
    {.bitmap_index = 20510, .adv_w = 422, .box_w = 24, .box_h = 30, .ofs_x = 2, .ofs_y = 0},
    {.bitmap_index = 20870, .adv_w = 378, .box_w = 23, .box_h = 22, .ofs_x = 0, .ofs_y = 0},
    {.bitmap_index = 21123, .adv_w = 422, .box_w = 23, .box_h = 30, .ofs_x = 1, .ofs_y = 0},
    {.bitmap_index = 21468, .adv_w = 386, .box_w = 24, .box_h = 22, .ofs_x = 0, .ofs_y = 0},
    {.bitmap_index = 21732, .adv_w = 254, .box_w = 16, .box_h = 30, .ofs_x = 0, .ofs_y = 0},
    {.bitmap_index = 21972, .adv_w = 422, .box_w = 23, .box_h = 31, .ofs_x = 1, .ofs_y = -9},
    {.bitmap_index = 22329, .adv_w = 416, .box_w = 22, .box_h = 30, .ofs_x = 2, .ofs_y = 0},
    {.bitmap_index = 22659, .adv_w = 181, .box_w = 8, .box_h = 31, .ofs_x = 2, .ofs_y = 0},
    {.bitmap_index = 22783, .adv_w = 181, .box_w = 12, .box_h = 40, .ofs_x = -2, .ofs_y = -9},
    {.bitmap_index = 23023, .adv_w = 382, .box_w = 22, .box_h = 30, .ofs_x = 2, .ofs_y = 0},
    {.bitmap_index = 23353, .adv_w = 181, .box_w = 7, .box_h = 30, .ofs_x = 2, .ofs_y = 0},
    {.bitmap_index = 23458, .adv_w = 638, .box_w = 36, .box_h = 22, .ofs_x = 2, .ofs_y = 0},
    {.bitmap_index = 23854, .adv_w = 416, .box_w = 22, .box_h = 22, .ofs_x = 2, .ofs_y = 0},
    {.bitmap_index = 24096, .adv_w = 406, .box_w = 25, .box_h = 22, .ofs_x = 0, .ofs_y = 0},
    {.bitmap_index = 24371, .adv_w = 422, .box_w = 24, .box_h = 31, .ofs_x = 2, .ofs_y = -9},
    {.bitmap_index = 24743, .adv_w = 422, .box_w = 23, .box_h = 31, .ofs_x = 1, .ofs_y = -9},
    {.bitmap_index = 25100, .adv_w = 267, .box_w = 15, .box_h = 22, .ofs_x = 2, .ofs_y = 0},
    {.bitmap_index = 25265, .adv_w = 339, .box_w = 21, .box_h = 22, .ofs_x = 0, .ofs_y = 0},
    {.bitmap_index = 25496, .adv_w = 283, .box_w = 17, .box_h = 30, .ofs_x = 0, .ofs_y = 0},
    {.bitmap_index = 25751, .adv_w = 411, .box_w = 22, .box_h = 22, .ofs_x = 2, .ofs_y = 0},
    {.bitmap_index = 25993, .adv_w = 365, .box_w = 24, .box_h = 22, .ofs_x = -1, .ofs_y = 0},
    {.bitmap_index = 26257, .adv_w = 548, .box_w = 34, .box_h = 22, .ofs_x = 0, .ofs_y = 0},
    {.bitmap_index = 26631, .adv_w = 407, .box_w = 24, .box_h = 22, .ofs_x = 1, .ofs_y = 0},
    {.bitmap_index = 26895, .adv_w = 365, .box_w = 24, .box_h = 31, .ofs_x = -1, .ofs_y = -9},
    {.bitmap_index = 27267, .adv_w = 351, .box_w = 20, .box_h = 22, .ofs_x = 1, .ofs_y = 0},
    {.bitmap_index = 27487, .adv_w = 306, .box_w = 17, .box_h = 36, .ofs_x = 1, .ofs_y = -5},
    {.bitmap_index = 27793, .adv_w = 155, .box_w = 6, .box_h = 39, .ofs_x = 2, .ofs_y = -5},
    {.bitmap_index = 27910, .adv_w = 306, .box_w = 16, .box_h = 36, .ofs_x = 2, .ofs_y = -5},
    {.bitmap_index = 28198, .adv_w = 370, .box_w = 25, .box_h = 8, .ofs_x = -1, .ofs_y = 11},
    {.bitmap_index = 28298, .adv_w = 246, .box_w = 13, .box_h = 12, .ofs_x = 1, .ofs_y = 19},
    {.bitmap_index = 28376, .adv_w = 236, .box_w = 11, .box_h = 10, .ofs_x = 2, .ofs_y = 10}
};

/*---------------------
 *  CHARACTER MAPPING
 *--------------------*/

static const uint16_t unicode_list_1[] = {
    0x0, 0x1f72
};

/*Collect the unicode lists and glyph_id offsets*/
static const lv_font_fmt_txt_cmap_t cmaps[] =
{
    {
        .range_start = 32, .range_length = 95, .glyph_id_start = 1,
        .unicode_list = NULL, .glyph_id_ofs_list = NULL, .list_length = 0, .type = LV_FONT_FMT_TXT_CMAP_FORMAT0_TINY
    },
    {
        .range_start = 176, .range_length = 8051, .glyph_id_start = 96,
        .unicode_list = unicode_list_1, .glyph_id_ofs_list = NULL, .list_length = 2, .type = LV_FONT_FMT_TXT_CMAP_SPARSE_TINY
    }
};



/*--------------------
 *  ALL CUSTOM DATA
 *--------------------*/

#if LVGL_VERSION_MAJOR == 8
/*Store all the custom data of the font*/
static  lv_font_fmt_txt_glyph_cache_t cache;
#endif

#if LVGL_VERSION_MAJOR >= 8
static const lv_font_fmt_txt_dsc_t font_dsc = {
#else
static lv_font_fmt_txt_dsc_t font_dsc = {
#endif
    .glyph_bitmap = glyph_bitmap,
    .glyph_dsc = glyph_dsc,
    .cmaps = cmaps,
    .kern_dsc = NULL,
    .kern_scale = 0,
    .cmap_num = 2,
    .bpp = 4,
    .kern_classes = 0,
    .bitmap_format = 0,
#if LVGL_VERSION_MAJOR == 8
    .cache = &cache
#endif
};



/*-----------------
 *  PUBLIC FONT
 *----------------*/

/*Initialize a public general font descriptor*/
#if LVGL_VERSION_MAJOR >= 8
const lv_font_t lv_font_instrument_sans_bold_42 = {
#else
lv_font_t lv_font_instrument_sans_bold_42 = {
#endif
    .get_glyph_dsc = lv_font_get_glyph_dsc_fmt_txt,    /*Function pointer to get glyph's data*/
    .get_glyph_bitmap = lv_font_get_bitmap_fmt_txt,    /*Function pointer to get glyph's bitmap*/
    .line_height = 45,          /*The maximum line height required by the font*/
    .base_line = 9,             /*Baseline measured from the bottom of the line*/
#if !(LVGL_VERSION_MAJOR == 6 && LVGL_VERSION_MINOR == 0)
    .subpx = LV_FONT_SUBPX_NONE,
#endif
#if LV_VERSION_CHECK(7, 4, 0) || LVGL_VERSION_MAJOR >= 8
    .underline_position = -8,
    .underline_thickness = 2,
#endif
    .dsc = &font_dsc,          /*The custom font data. Will be accessed by `get_glyph_bitmap/dsc` */
#if LV_VERSION_CHECK(8, 2, 0) || LVGL_VERSION_MAJOR >= 9
    .fallback = NULL,
#endif
    .user_data = NULL,
};



#endif /*#if LV_FONT_INSTRUMENT_SANS_BOLD_42*/

