/*******************************************************************************
 * Size: 30 px
 * Bpp: 4
 * Opts: --no-compress --no-prefilter --bpp 4 --size 30 --font /home/pc/d213-100ask/d211/source/artinchip/test-lvgl/aic_ui/font/InstrumentSans-SemiBold.ttf -r 0x20-0x7E,0xB0,0x2022 --format lvgl --lv-font-name lv_font_instrument_sans_semibold_30 -o /home/pc/d213-100ask/d211/source/artinchip/test-lvgl/un260/font/lv_font_instrument_sans_semibold_30.c
 ******************************************************************************/

#ifdef LV_LVGL_H_INCLUDE_SIMPLE
#include "lvgl.h"
#else
#include "lvgl/lvgl.h"
#endif

#ifndef LV_FONT_INSTRUMENT_SANS_SEMIBOLD_30
#define LV_FONT_INSTRUMENT_SANS_SEMIBOLD_30 1
#endif

#if LV_FONT_INSTRUMENT_SANS_SEMIBOLD_30

/*-----------------
 *    BITMAPS
 *----------------*/

/*Store the image of the glyphs*/
static LV_ATTRIBUTE_LARGE_CONST const uint8_t glyph_bitmap[] = {
    /* U+0020 " " */

    /* U+0021 "!" */
    0xaf, 0xff, 0x79, 0xff, 0xf7, 0x9f, 0xff, 0x68,
    0xff, 0xf6, 0x8f, 0xff, 0x57, 0xff, 0xf4, 0x6f,
    0xff, 0x46, 0xff, 0xf3, 0x5f, 0xff, 0x35, 0xff,
    0xf2, 0x4f, 0xff, 0x14, 0xff, 0xf1, 0x3f, 0xff,
    0x2, 0xff, 0xf0, 0x2f, 0xff, 0x0, 0x0, 0x0,
    0x0, 0x0, 0x5, 0x77, 0x74, 0xbf, 0xff, 0x9b,
    0xff, 0xf9, 0xbf, 0xff, 0x9b, 0xff, 0xf9,

    /* U+0022 "\"" */
    0x0, 0x54, 0x0, 0x1, 0x53, 0x0, 0xdf, 0xf8,
    0x2, 0xef, 0xf5, 0x4f, 0xff, 0xf0, 0x7f, 0xff,
    0xb4, 0xff, 0xff, 0x8, 0xff, 0xfc, 0x2f, 0xff,
    0xd0, 0x6f, 0xff, 0xa0, 0xef, 0xf9, 0x2, 0xff,
    0xf6, 0xb, 0xff, 0x50, 0xe, 0xff, 0x20, 0x7f,
    0xf1, 0x0, 0xaf, 0xe0, 0x2, 0xfd, 0x0, 0x6,
    0xfa, 0x0, 0xe, 0x90, 0x0, 0x2f, 0x60,

    /* U+0023 "#" */
    0x0, 0x0, 0x0, 0xff, 0xf3, 0x0, 0x9, 0xff,
    0xb0, 0x0, 0x0, 0x0, 0x3, 0xff, 0xf1, 0x0,
    0xb, 0xff, 0x90, 0x0, 0x0, 0x0, 0x5, 0xff,
    0xf0, 0x0, 0xd, 0xff, 0x70, 0x0, 0x0, 0x0,
    0x7, 0xff, 0xd0, 0x0, 0xf, 0xff, 0x50, 0x0,
    0x0, 0x0, 0x9, 0xff, 0xb0, 0x0, 0x2f, 0xff,
    0x20, 0x0, 0x3, 0x33, 0x3c, 0xff, 0xa3, 0x33,
    0x6f, 0xff, 0x43, 0x32, 0x3f, 0xff, 0xff, 0xff,
    0xff, 0xff, 0xff, 0xff, 0xff, 0xfb, 0x3f, 0xff,
    0xff, 0xff, 0xff, 0xff, 0xff, 0xff, 0xff, 0xfb,
    0x3f, 0xff, 0xff, 0xff, 0xff, 0xff, 0xff, 0xff,
    0xff, 0xfb, 0x0, 0x0, 0x4f, 0xff, 0x0, 0x0,
    0xdf, 0xf8, 0x0, 0x0, 0x0, 0x0, 0x6f, 0xfe,
    0x0, 0x0, 0xff, 0xf5, 0x0, 0x0, 0x0, 0x0,
    0x8f, 0xfb, 0x0, 0x1, 0xff, 0xf3, 0x0, 0x0,
    0x33, 0x33, 0xbf, 0xfb, 0x33, 0x35, 0xff, 0xf4,
    0x33, 0x30, 0xff, 0xff, 0xff, 0xff, 0xff, 0xff,
    0xff, 0xff, 0xff, 0xf0, 0xff, 0xff, 0xff, 0xff,
    0xff, 0xff, 0xff, 0xff, 0xff, 0xf0, 0xff, 0xff,
    0xff, 0xff, 0xff, 0xff, 0xff, 0xff, 0xff, 0xf0,
    0x0, 0x3, 0xff, 0xf1, 0x0, 0xc, 0xff, 0x80,
    0x0, 0x0, 0x0, 0x5, 0xff, 0xe0, 0x0, 0xe,
    0xff, 0x60, 0x0, 0x0, 0x0, 0x8, 0xff, 0xc0,
    0x0, 0xf, 0xff, 0x40, 0x0, 0x0, 0x0, 0xa,
    0xff, 0xa0, 0x0, 0x2f, 0xff, 0x20, 0x0, 0x0,
    0x0, 0xc, 0xff, 0x80, 0x0, 0x5f, 0xff, 0x0,
    0x0, 0x0, 0x0, 0xe, 0xff, 0x60, 0x0, 0x7f,
    0xfd, 0x0, 0x0, 0x0,

    /* U+0024 "$" */
    0x0, 0x0, 0x0, 0x0, 0xbf, 0xf6, 0x0, 0x0,
    0x0, 0x0, 0x0, 0x0, 0x0, 0xb, 0xff, 0x60,
    0x0, 0x0, 0x0, 0x0, 0x0, 0x0, 0x0, 0xbf,
    0xf6, 0x0, 0x0, 0x0, 0x0, 0x0, 0x0, 0x0,
    0xb, 0xff, 0x60, 0x0, 0x0, 0x0, 0x0, 0x0,
    0x3, 0x9c, 0xff, 0xfe, 0xa5, 0x0, 0x0, 0x0,
    0x0, 0xa, 0xff, 0xff, 0xff, 0xff, 0xfd, 0x30,
    0x0, 0x0, 0xc, 0xff, 0xff, 0xff, 0xff, 0xff,
    0xff, 0x40, 0x0, 0x7, 0xff, 0xfe, 0x62, 0x12,
    0x5d, 0xff, 0xfe, 0x0, 0x0, 0xdf, 0xff, 0x10,
    0x0, 0x0, 0xb, 0xff, 0xf6, 0x0, 0xf, 0xff,
    0xc0, 0x0, 0x0, 0x0, 0x2f, 0xff, 0xb0, 0x0,
    0xff, 0xfe, 0x0, 0x0, 0x0, 0x0, 0x78, 0x87,
    0x0, 0xd, 0xff, 0xf9, 0x0, 0x0, 0x0, 0x0,
    0x0, 0x0, 0x0, 0x7f, 0xff, 0xfe, 0x94, 0x0,
    0x0, 0x0, 0x0, 0x0, 0x0, 0xcf, 0xff, 0xff,
    0xff, 0xb6, 0x10, 0x0, 0x0, 0x0, 0x0, 0x9f,
    0xff, 0xff, 0xff, 0xff, 0xa2, 0x0, 0x0, 0x0,
    0x0, 0x29, 0xef, 0xff, 0xff, 0xff, 0xf6, 0x0,
    0x0, 0x0, 0x0, 0x0, 0x38, 0xdf, 0xff, 0xff,
    0xf5, 0x0, 0x0, 0x0, 0x0, 0x0, 0x0, 0x27,
    0xef, 0xff, 0xd0, 0x2, 0x22, 0x10, 0x0, 0x0,
    0x0, 0x2, 0xef, 0xff, 0x20, 0xff, 0xfc, 0x0,
    0x0, 0x0, 0x0, 0x9, 0xff, 0xf4, 0xb, 0xff,
    0xf3, 0x0, 0x0, 0x0, 0x0, 0x8f, 0xff, 0x30,
    0x5f, 0xff, 0xe2, 0x0, 0x0, 0x0, 0xd, 0xff,
    0xf0, 0x0, 0xcf, 0xff, 0xf9, 0x41, 0x12, 0x6d,
    0xff, 0xfa, 0x0, 0x1, 0xdf, 0xff, 0xff, 0xff,
    0xff, 0xff, 0xfe, 0x10, 0x0, 0x1, 0xaf, 0xff,
    0xff, 0xff, 0xff, 0xfc, 0x20, 0x0, 0x0, 0x0,
    0x28, 0xbf, 0xff, 0xfd, 0x94, 0x0, 0x0, 0x0,
    0x0, 0x0, 0x0, 0xbf, 0xf6, 0x0, 0x0, 0x0,
    0x0, 0x0, 0x0, 0x0, 0xb, 0xff, 0x60, 0x0,
    0x0, 0x0, 0x0, 0x0, 0x0, 0x0, 0xbf, 0xf6,
    0x0, 0x0, 0x0, 0x0,

    /* U+0025 "%" */
    0x0, 0x6c, 0xff, 0xc5, 0x0, 0x0, 0x0, 0x0,
    0x2f, 0xfe, 0x10, 0xa, 0xff, 0xff, 0xff, 0x90,
    0x0, 0x0, 0x0, 0xdf, 0xf4, 0x0, 0x6f, 0xfc,
    0x66, 0xef, 0xf3, 0x0, 0x0, 0x9, 0xff, 0x90,
    0x0, 0xcf, 0xe0, 0x0, 0x1f, 0xf9, 0x0, 0x0,
    0x4f, 0xfd, 0x0, 0x0, 0xef, 0x90, 0x0, 0xc,
    0xfc, 0x0, 0x1, 0xef, 0xf2, 0x0, 0x0, 0xff,
    0x90, 0x0, 0xb, 0xfc, 0x0, 0xb, 0xff, 0x60,
    0x0, 0x0, 0xdf, 0xc0, 0x0, 0xe, 0xfa, 0x0,
    0x7f, 0xfb, 0x0, 0x0, 0x0, 0x8f, 0xf8, 0x1,
    0xaf, 0xf5, 0x3, 0xff, 0xe1, 0x0, 0x0, 0x0,
    0x1e, 0xff, 0xff, 0xff, 0xc0, 0xd, 0xff, 0x40,
    0x0, 0x0, 0x0, 0x2, 0xcf, 0xff, 0xfa, 0x10,
    0xaf, 0xf8, 0x0, 0x0, 0x0, 0x0, 0x0, 0x2,
    0x54, 0x10, 0x5, 0xff, 0xc0, 0x3, 0x53, 0x0,
    0x0, 0x0, 0x0, 0x0, 0x0, 0x2f, 0xff, 0x23,
    0xdf, 0xff, 0xe6, 0x0, 0x0, 0x0, 0x0, 0x0,
    0xcf, 0xf5, 0x2f, 0xff, 0xff, 0xff, 0x60, 0x0,
    0x0, 0x0, 0x8, 0xff, 0xa0, 0xbf, 0xf5, 0x3,
    0xef, 0xf1, 0x0, 0x0, 0x0, 0x4f, 0xfd, 0x1,
    0xff, 0x90, 0x0, 0x4f, 0xf5, 0x0, 0x0, 0x1,
    0xef, 0xf3, 0x3, 0xff, 0x50, 0x0, 0xf, 0xf7,
    0x0, 0x0, 0xa, 0xff, 0x70, 0x3, 0xff, 0x40,
    0x0, 0xf, 0xf8, 0x0, 0x0, 0x6f, 0xfb, 0x0,
    0x2, 0xff, 0x60, 0x0, 0x1f, 0xf7, 0x0, 0x2,
    0xff, 0xe1, 0x0, 0x0, 0xff, 0xc0, 0x0, 0x8f,
    0xf3, 0x0, 0xd, 0xff, 0x40, 0x0, 0x0, 0x8f,
    0xfb, 0x69, 0xff, 0xd0, 0x0, 0x9f, 0xf9, 0x0,
    0x0, 0x0, 0xc, 0xff, 0xff, 0xfe, 0x20, 0x4,
    0xff, 0xd0, 0x0, 0x0, 0x0, 0x0, 0x8d, 0xfe,
    0x92, 0x0,

    /* U+0026 "&" */
    0x0, 0x0, 0x0, 0x3a, 0xef, 0xfd, 0x82, 0x0,
    0x0, 0x0, 0x0, 0x0, 0x0, 0x0, 0x8f, 0xff,
    0xff, 0xff, 0xf5, 0x0, 0x0, 0x0, 0x0, 0x0,
    0x0, 0x6f, 0xff, 0xfd, 0xdf, 0xff, 0xf3, 0x0,
    0x0, 0x0, 0x0, 0x0, 0xd, 0xff, 0xe2, 0x0,
    0x3e, 0xff, 0xb0, 0x0, 0x0, 0x0, 0x0, 0x1,
    0xff, 0xf8, 0x0, 0x0, 0x8f, 0xfe, 0x0, 0x0,
    0x0, 0x0, 0x0, 0x1f, 0xff, 0x80, 0x0, 0x8,
    0xff, 0xe0, 0x0, 0x0, 0x0, 0x0, 0x0, 0xef,
    0xfd, 0x0, 0x1, 0xef, 0xfa, 0x0, 0x0, 0x0,
    0x0, 0x0, 0x7, 0xff, 0xf9, 0x3, 0xdf, 0xff,
    0x30, 0x0, 0x0, 0x0, 0x0, 0x0, 0xd, 0xff,
    0xfd, 0xff, 0xff, 0x50, 0x0, 0x0, 0x0, 0x0,
    0x0, 0x1, 0x9f, 0xff, 0xff, 0xfd, 0x30, 0x0,
    0x0, 0x0, 0x0, 0x0, 0x5, 0xef, 0xff, 0xff,
    0xf9, 0x0, 0x0, 0xc, 0xff, 0xc0, 0x0, 0x7,
    0xff, 0xff, 0xaf, 0xff, 0xf5, 0x0, 0x0, 0xdf,
    0xfc, 0x0, 0x4, 0xff, 0xfe, 0x30, 0x4f, 0xff,
    0xf5, 0x0, 0xf, 0xff, 0xa0, 0x0, 0xcf, 0xff,
    0x20, 0x0, 0x4f, 0xff, 0xf5, 0x3, 0xff, 0xf6,
    0x0, 0xf, 0xff, 0xc0, 0x0, 0x0, 0x5f, 0xff,
    0xf4, 0x9f, 0xff, 0x10, 0x2, 0xff, 0xfa, 0x0,
    0x0, 0x0, 0x6f, 0xff, 0xff, 0xff, 0xb0, 0x0,
    0x1f, 0xff, 0xe0, 0x0, 0x0, 0x0, 0x7f, 0xff,
    0xff, 0xf3, 0x0, 0x0, 0xdf, 0xff, 0x90, 0x0,
    0x0, 0x0, 0xaf, 0xff, 0xfa, 0x0, 0x0, 0x6,
    0xff, 0xff, 0xd7, 0x43, 0x47, 0xbf, 0xff, 0xff,
    0xf4, 0x0, 0x0, 0x9, 0xff, 0xff, 0xff, 0xff,
    0xff, 0xff, 0xff, 0xff, 0xf3, 0x0, 0x0, 0x7,
    0xff, 0xff, 0xff, 0xff, 0xff, 0xd4, 0xaf, 0xff,
    0xf3, 0x0, 0x0, 0x1, 0x6b, 0xef, 0xfe, 0xc9,
    0x40, 0x0, 0xbf, 0xff, 0xf3,

    /* U+0027 "'" */
    0x0, 0x54, 0x0, 0xd, 0xff, 0x80, 0x4f, 0xff,
    0xf0, 0x4f, 0xff, 0xf0, 0x2f, 0xff, 0xd0, 0xe,
    0xff, 0x90, 0xb, 0xff, 0x50, 0x7, 0xff, 0x10,
    0x2, 0xfd, 0x0, 0x0, 0xe9, 0x0,

    /* U+0028 "(" */
    0x0, 0x0, 0x0, 0x77, 0x74, 0x0, 0x0, 0xc,
    0xff, 0xd1, 0x0, 0x0, 0xaf, 0xfe, 0x10, 0x0,
    0x7, 0xff, 0xf4, 0x0, 0x0, 0x2f, 0xff, 0x90,
    0x0, 0x0, 0xbf, 0xfe, 0x0, 0x0, 0x3, 0xff,
    0xf7, 0x0, 0x0, 0x9, 0xff, 0xf0, 0x0, 0x0,
    0xe, 0xff, 0xa0, 0x0, 0x0, 0x4f, 0xff, 0x50,
    0x0, 0x0, 0x7f, 0xff, 0x10, 0x0, 0x0, 0xaf,
    0xff, 0x0, 0x0, 0x0, 0xcf, 0xfd, 0x0, 0x0,
    0x0, 0xcf, 0xfd, 0x0, 0x0, 0x0, 0xcf, 0xfd,
    0x0, 0x0, 0x0, 0xbf, 0xfe, 0x0, 0x0, 0x0,
    0x9f, 0xff, 0x0, 0x0, 0x0, 0x6f, 0xff, 0x30,
    0x0, 0x0, 0x2f, 0xff, 0x70, 0x0, 0x0, 0xd,
    0xff, 0xd0, 0x0, 0x0, 0x7, 0xff, 0xf3, 0x0,
    0x0, 0x0, 0xef, 0xfb, 0x0, 0x0, 0x0, 0x7f,
    0xff, 0x40, 0x0, 0x0, 0xd, 0xff, 0xd0, 0x0,
    0x0, 0x2, 0xff, 0xfa, 0x0, 0x0, 0x0, 0x4f,
    0xff, 0x70, 0x0, 0x0, 0x5, 0xff, 0xf6,

    /* U+0029 ")" */
    0x37, 0x77, 0x10, 0x0, 0x0, 0xb, 0xff, 0xd1,
    0x0, 0x0, 0x1, 0xdf, 0xfd, 0x0, 0x0, 0x0,
    0x2f, 0xff, 0xa0, 0x0, 0x0, 0x7, 0xff, 0xf4,
    0x0, 0x0, 0x0, 0xdf, 0xfd, 0x0, 0x0, 0x0,
    0x5f, 0xff, 0x60, 0x0, 0x0, 0xd, 0xff, 0xc0,
    0x0, 0x0, 0x7, 0xff, 0xf2, 0x0, 0x0, 0x3,
    0xff, 0xf7, 0x0, 0x0, 0x0, 0xff, 0xfa, 0x0,
    0x0, 0x0, 0xdf, 0xfd, 0x0, 0x0, 0x0, 0xbf,
    0xfe, 0x0, 0x0, 0x0, 0xaf, 0xff, 0x0, 0x0,
    0x0, 0xaf, 0xff, 0x0, 0x0, 0x0, 0xbf, 0xfe,
    0x0, 0x0, 0x0, 0xef, 0xfc, 0x0, 0x0, 0x1,
    0xff, 0xf8, 0x0, 0x0, 0x5, 0xff, 0xf4, 0x0,
    0x0, 0xa, 0xff, 0xf0, 0x0, 0x0, 0x1f, 0xff,
    0x90, 0x0, 0x0, 0x8f, 0xff, 0x20, 0x0, 0x1,
    0xff, 0xf9, 0x0, 0x0, 0xb, 0xff, 0xe1, 0x0,
    0x0, 0x7f, 0xff, 0x40, 0x0, 0x4, 0xff, 0xf7,
    0x0, 0x0, 0x3f, 0xff, 0x80, 0x0, 0x0,

    /* U+002A "*" */
    0x0, 0x1, 0xff, 0xf0, 0x0, 0x0, 0x57, 0xd,
    0xfc, 0x8, 0x30, 0xd, 0xf8, 0xaf, 0x89, 0xfc,
    0x7, 0xff, 0xfe, 0xfe, 0xff, 0xf5, 0x4, 0x9e,
    0xff, 0xfe, 0x94, 0x0, 0x5a, 0xff, 0xff, 0xe9,
    0x40, 0x7f, 0xff, 0xef, 0xef, 0xff, 0x50, 0xdf,
    0x7a, 0xf8, 0x9f, 0xc0, 0x4, 0x60, 0xdf, 0xc0,
    0x73, 0x0, 0x0, 0x1f, 0xfe, 0x0, 0x0,

    /* U+002B "+" */
    0x0, 0x0, 0x2, 0x88, 0x50, 0x0, 0x0, 0x0,
    0x0, 0x4, 0xff, 0xa0, 0x0, 0x0, 0x0, 0x0,
    0x4, 0xff, 0xa0, 0x0, 0x0, 0x0, 0x0, 0x4,
    0xff, 0xa0, 0x0, 0x0, 0x0, 0x0, 0x4, 0xff,
    0xa0, 0x0, 0x0, 0x0, 0x0, 0x4, 0xff, 0xa0,
    0x0, 0x0, 0x5e, 0xee, 0xee, 0xff, 0xfe, 0xee,
    0xea, 0x6f, 0xff, 0xff, 0xff, 0xff, 0xff, 0xfb,
    0x6f, 0xff, 0xff, 0xff, 0xff, 0xff, 0xfb, 0x0,
    0x0, 0x4, 0xff, 0xa0, 0x0, 0x0, 0x0, 0x0,
    0x4, 0xff, 0xa0, 0x0, 0x0, 0x0, 0x0, 0x4,
    0xff, 0xa0, 0x0, 0x0, 0x0, 0x0, 0x4, 0xff,
    0xa0, 0x0, 0x0, 0x0, 0x0, 0x4, 0xff, 0xa0,
    0x0, 0x0, 0x0, 0x0, 0x2, 0x88, 0x50, 0x0,
    0x0,

    /* U+002C "," */
    0x7, 0x77, 0x71, 0xf, 0xff, 0xf4, 0xf, 0xff,
    0xf4, 0xf, 0xff, 0xf4, 0xf, 0xff, 0xf3, 0x0,
    0xf, 0xf1, 0x0, 0x4f, 0xd0, 0x3, 0xdf, 0x50,
    0xf, 0xf9, 0x0, 0xb, 0x50, 0x0,

    /* U+002D "-" */
    0x44, 0x44, 0x44, 0x44, 0x44, 0x3f, 0xff, 0xff,
    0xff, 0xff, 0xfc, 0xff, 0xff, 0xff, 0xff, 0xff,
    0xcf, 0xff, 0xff, 0xff, 0xff, 0xfc,

    /* U+002E "." */
    0x7, 0x77, 0x72, 0xf, 0xff, 0xf4, 0xf, 0xff,
    0xf4, 0xf, 0xff, 0xf4, 0xf, 0xff, 0xf4,

    /* U+002F "/" */
    0x0, 0x0, 0x0, 0x1, 0x88, 0x81, 0x0, 0x0,
    0x0, 0x5, 0xff, 0xe0, 0x0, 0x0, 0x0, 0xa,
    0xff, 0x90, 0x0, 0x0, 0x0, 0xf, 0xff, 0x50,
    0x0, 0x0, 0x0, 0x4f, 0xff, 0x0, 0x0, 0x0,
    0x0, 0x9f, 0xfb, 0x0, 0x0, 0x0, 0x0, 0xef,
    0xf6, 0x0, 0x0, 0x0, 0x3, 0xff, 0xf1, 0x0,
    0x0, 0x0, 0x8, 0xff, 0xc0, 0x0, 0x0, 0x0,
    0xd, 0xff, 0x70, 0x0, 0x0, 0x0, 0x2f, 0xff,
    0x20, 0x0, 0x0, 0x0, 0x7f, 0xfd, 0x0, 0x0,
    0x0, 0x0, 0xbf, 0xf8, 0x0, 0x0, 0x0, 0x1,
    0xff, 0xf3, 0x0, 0x0, 0x0, 0x5, 0xff, 0xe0,
    0x0, 0x0, 0x0, 0xa, 0xff, 0xa0, 0x0, 0x0,
    0x0, 0xf, 0xff, 0x50, 0x0, 0x0, 0x0, 0x4f,
    0xff, 0x0, 0x0, 0x0, 0x0, 0x9f, 0xfb, 0x0,
    0x0, 0x0, 0x0, 0xef, 0xf6, 0x0, 0x0, 0x0,
    0x3, 0xff, 0xf1, 0x0, 0x0, 0x0, 0x8, 0xff,
    0xc0, 0x0, 0x0, 0x0, 0xd, 0xff, 0x70, 0x0,
    0x0, 0x0, 0x1f, 0xff, 0x20, 0x0, 0x0, 0x0,
    0x6f, 0xfd, 0x0, 0x0, 0x0, 0x0, 0xbf, 0xf8,
    0x0, 0x0, 0x0, 0x0,

    /* U+0030 "0" */
    0x0, 0x0, 0x3, 0x9d, 0xff, 0xea, 0x50, 0x0,
    0x0, 0x0, 0x0, 0xa, 0xff, 0xff, 0xff, 0xff,
    0xd2, 0x0, 0x0, 0x0, 0x1d, 0xff, 0xff, 0xff,
    0xff, 0xff, 0xf3, 0x0, 0x0, 0xb, 0xff, 0xff,
    0xb6, 0x69, 0xff, 0xff, 0xe1, 0x0, 0x6, 0xff,
    0xff, 0x50, 0x0, 0x1, 0xdf, 0xff, 0xa0, 0x0,
    0xdf, 0xff, 0x70, 0x0, 0x0, 0x2, 0xff, 0xff,
    0x20, 0x3f, 0xff, 0xf0, 0x0, 0x0, 0x0, 0xa,
    0xff, 0xf8, 0x8, 0xff, 0xfa, 0x0, 0x0, 0x0,
    0x0, 0x5f, 0xff, 0xd0, 0xbf, 0xff, 0x70, 0x0,
    0x0, 0x0, 0x2, 0xff, 0xff, 0xd, 0xff, 0xf5,
    0x0, 0x0, 0x0, 0x0, 0xf, 0xff, 0xf2, 0xef,
    0xff, 0x40, 0x0, 0x0, 0x0, 0x0, 0xff, 0xff,
    0x3e, 0xff, 0xf4, 0x0, 0x0, 0x0, 0x0, 0xf,
    0xff, 0xf3, 0xcf, 0xff, 0x50, 0x0, 0x0, 0x0,
    0x0, 0xff, 0xff, 0x1a, 0xff, 0xf7, 0x0, 0x0,
    0x0, 0x0, 0x2f, 0xff, 0xf0, 0x7f, 0xff, 0xb0,
    0x0, 0x0, 0x0, 0x6, 0xff, 0xfc, 0x3, 0xff,
    0xff, 0x10, 0x0, 0x0, 0x0, 0xbf, 0xff, 0x80,
    0xc, 0xff, 0xf8, 0x0, 0x0, 0x0, 0x4f, 0xff,
    0xf2, 0x0, 0x4f, 0xff, 0xf5, 0x0, 0x0, 0x2e,
    0xff, 0xf9, 0x0, 0x0, 0xaf, 0xff, 0xfb, 0x66,
    0x9f, 0xff, 0xfe, 0x10, 0x0, 0x0, 0xcf, 0xff,
    0xff, 0xff, 0xff, 0xfe, 0x30, 0x0, 0x0, 0x0,
    0x9f, 0xff, 0xff, 0xff, 0xfc, 0x20, 0x0, 0x0,
    0x0, 0x0, 0x39, 0xdf, 0xfe, 0xa5, 0x0, 0x0,
    0x0,

    /* U+0031 "1" */
    0x0, 0x0, 0x0, 0xbf, 0xfc, 0x0, 0x0, 0x9,
    0xff, 0xfc, 0x0, 0x2, 0xbf, 0xff, 0xfc, 0x3,
    0x9f, 0xff, 0xff, 0xfc, 0x7f, 0xff, 0xff, 0xff,
    0xfc, 0x7f, 0xff, 0xf6, 0xff, 0xfc, 0x7f, 0xfc,
    0x21, 0xff, 0xfc, 0x69, 0x30, 0x1, 0xff, 0xfc,
    0x0, 0x0, 0x1, 0xff, 0xfc, 0x0, 0x0, 0x1,
    0xff, 0xfc, 0x0, 0x0, 0x1, 0xff, 0xfc, 0x0,
    0x0, 0x1, 0xff, 0xfc, 0x0, 0x0, 0x1, 0xff,
    0xfc, 0x0, 0x0, 0x1, 0xff, 0xfc, 0x0, 0x0,
    0x1, 0xff, 0xfc, 0x0, 0x0, 0x1, 0xff, 0xfc,
    0x0, 0x0, 0x1, 0xff, 0xfc, 0x0, 0x0, 0x1,
    0xff, 0xfc, 0x0, 0x0, 0x1, 0xff, 0xfc, 0x0,
    0x0, 0x1, 0xff, 0xfc, 0x0, 0x0, 0x1, 0xff,
    0xfc, 0x0, 0x0, 0x1, 0xff, 0xfc,

    /* U+0032 "2" */
    0x0, 0x0, 0x28, 0xcf, 0xff, 0xd9, 0x20, 0x0,
    0x0, 0x0, 0x8f, 0xff, 0xff, 0xff, 0xff, 0x80,
    0x0, 0x0, 0x9f, 0xff, 0xff, 0xff, 0xff, 0xff,
    0x70, 0x0, 0x5f, 0xff, 0xfa, 0x43, 0x5c, 0xff,
    0xff, 0x20, 0xc, 0xff, 0xf8, 0x0, 0x0, 0xd,
    0xff, 0xf7, 0x1, 0xff, 0xfe, 0x0, 0x0, 0x0,
    0x8f, 0xff, 0xa0, 0x2a, 0xaa, 0x70, 0x0, 0x0,
    0x7, 0xff, 0xfb, 0x0, 0x0, 0x0, 0x0, 0x0,
    0x0, 0x9f, 0xff, 0xa0, 0x0, 0x0, 0x0, 0x0,
    0x0, 0xe, 0xff, 0xf7, 0x0, 0x0, 0x0, 0x0,
    0x0, 0x6, 0xff, 0xff, 0x20, 0x0, 0x0, 0x0,
    0x0, 0x2, 0xff, 0xff, 0xb0, 0x0, 0x0, 0x0,
    0x0, 0x1, 0xdf, 0xff, 0xf2, 0x0, 0x0, 0x0,
    0x0, 0x1, 0xdf, 0xff, 0xf6, 0x0, 0x0, 0x0,
    0x0, 0x1, 0xdf, 0xff, 0xf9, 0x0, 0x0, 0x0,
    0x0, 0x2, 0xdf, 0xff, 0xf9, 0x0, 0x0, 0x0,
    0x0, 0x3, 0xef, 0xff, 0xf9, 0x0, 0x0, 0x0,
    0x0, 0x5, 0xff, 0xff, 0xf8, 0x0, 0x0, 0x0,
    0x0, 0x7, 0xff, 0xff, 0xf5, 0x0, 0x0, 0x0,
    0x0, 0xa, 0xff, 0xff, 0xf6, 0x22, 0x22, 0x22,
    0x22, 0x1, 0xff, 0xff, 0xff, 0xff, 0xff, 0xff,
    0xff, 0xf1, 0x1f, 0xff, 0xff, 0xff, 0xff, 0xff,
    0xff, 0xff, 0x11, 0xff, 0xff, 0xff, 0xff, 0xff,
    0xff, 0xff, 0xf1,

    /* U+0033 "3" */
    0x0, 0x0, 0x6, 0xbe, 0xff, 0xda, 0x50, 0x0,
    0x0, 0x0, 0x4e, 0xff, 0xff, 0xff, 0xff, 0xc1,
    0x0, 0x0, 0x5f, 0xff, 0xff, 0xff, 0xff, 0xff,
    0xd0, 0x0, 0x1e, 0xff, 0xfc, 0x53, 0x49, 0xff,
    0xff, 0x80, 0x7, 0xff, 0xfc, 0x0, 0x0, 0x9,
    0xff, 0xfd, 0x0, 0xcf, 0xff, 0x30, 0x0, 0x0,
    0x3f, 0xff, 0xe0, 0x5, 0x66, 0x60, 0x0, 0x0,
    0x4, 0xff, 0xfe, 0x0, 0x0, 0x0, 0x0, 0x0,
    0x0, 0x9f, 0xff, 0xa0, 0x0, 0x0, 0x0, 0x11,
    0x13, 0x9f, 0xff, 0xf3, 0x0, 0x0, 0x0, 0xc,
    0xff, 0xff, 0xff, 0xf5, 0x0, 0x0, 0x0, 0x0,
    0xcf, 0xff, 0xff, 0xf7, 0x0, 0x0, 0x0, 0x0,
    0xc, 0xff, 0xff, 0xff, 0xfa, 0x0, 0x0, 0x0,
    0x0, 0x0, 0x1, 0x6e, 0xff, 0xf8, 0x0, 0x0,
    0x0, 0x0, 0x0, 0x0, 0x3f, 0xff, 0xf1, 0x1,
    0x11, 0x0, 0x0, 0x0, 0x0, 0xcf, 0xff, 0x51,
    0xff, 0xfd, 0x0, 0x0, 0x0, 0xb, 0xff, 0xf7,
    0xe, 0xff, 0xf2, 0x0, 0x0, 0x0, 0xcf, 0xff,
    0x60, 0x9f, 0xff, 0xb0, 0x0, 0x0, 0x4f, 0xff,
    0xf3, 0x1, 0xff, 0xff, 0xc5, 0x33, 0x8f, 0xff,
    0xfd, 0x0, 0x5, 0xff, 0xff, 0xff, 0xff, 0xff,
    0xff, 0x30, 0x0, 0x4, 0xef, 0xff, 0xff, 0xff,
    0xfd, 0x30, 0x0, 0x0, 0x0, 0x6b, 0xef, 0xfe,
    0xa5, 0x0, 0x0,

    /* U+0034 "4" */
    0x0, 0x0, 0x0, 0x0, 0x0, 0xd, 0xff, 0xf6,
    0x0, 0x0, 0x0, 0x0, 0x0, 0x0, 0x9f, 0xff,
    0xf6, 0x0, 0x0, 0x0, 0x0, 0x0, 0x6, 0xff,
    0xff, 0xf6, 0x0, 0x0, 0x0, 0x0, 0x0, 0x2f,
    0xff, 0xff, 0xf6, 0x0, 0x0, 0x0, 0x0, 0x0,
    0xdf, 0xff, 0xff, 0xf6, 0x0, 0x0, 0x0, 0x0,
    0xa, 0xff, 0xff, 0xff, 0xf6, 0x0, 0x0, 0x0,
    0x0, 0x6f, 0xff, 0xd7, 0xff, 0xf6, 0x0, 0x0,
    0x0, 0x3, 0xff, 0xff, 0x26, 0xff, 0xf6, 0x0,
    0x0, 0x0, 0xd, 0xff, 0xf6, 0x6, 0xff, 0xf6,
    0x0, 0x0, 0x0, 0xaf, 0xff, 0xa0, 0x6, 0xff,
    0xf6, 0x0, 0x0, 0x7, 0xff, 0xfd, 0x0, 0x6,
    0xff, 0xf6, 0x0, 0x0, 0x3f, 0xff, 0xf3, 0x0,
    0x6, 0xff, 0xf6, 0x0, 0x1, 0xef, 0xff, 0x60,
    0x0, 0x6, 0xff, 0xf6, 0x0, 0xb, 0xff, 0xfa,
    0x0, 0x0, 0x6, 0xff, 0xf6, 0x0, 0x2f, 0xff,
    0xff, 0xff, 0xff, 0xff, 0xff, 0xff, 0xfb, 0x3f,
    0xff, 0xff, 0xff, 0xff, 0xff, 0xff, 0xff, 0xfb,
    0x3f, 0xff, 0xff, 0xff, 0xff, 0xff, 0xff, 0xff,
    0xfb, 0x2, 0x22, 0x22, 0x22, 0x22, 0x2a, 0xff,
    0xf8, 0x22, 0x0, 0x0, 0x0, 0x0, 0x0, 0x9,
    0xff, 0xf6, 0x0, 0x0, 0x0, 0x0, 0x0, 0x0,
    0x9, 0xff, 0xf6, 0x0, 0x0, 0x0, 0x0, 0x0,
    0x0, 0x9, 0xff, 0xf6, 0x0, 0x0, 0x0, 0x0,
    0x0, 0x0, 0x9, 0xff, 0xf6, 0x0,

    /* U+0035 "5" */
    0x0, 0xf, 0xff, 0xff, 0xff, 0xff, 0xff, 0xf3,
    0x0, 0x0, 0xff, 0xff, 0xff, 0xff, 0xff, 0xff,
    0x30, 0x0, 0x2f, 0xff, 0xff, 0xff, 0xff, 0xff,
    0xf3, 0x0, 0x3, 0xff, 0xf9, 0x22, 0x22, 0x22,
    0x22, 0x0, 0x0, 0x4f, 0xff, 0x70, 0x0, 0x0,
    0x0, 0x0, 0x0, 0x6, 0xff, 0xf5, 0x0, 0x0,
    0x0, 0x0, 0x0, 0x0, 0x7f, 0xff, 0x40, 0x0,
    0x0, 0x0, 0x0, 0x0, 0x9, 0xff, 0xf5, 0xad,
    0xfe, 0xb5, 0x0, 0x0, 0x0, 0xaf, 0xff, 0xff,
    0xff, 0xff, 0xfc, 0x10, 0x0, 0xc, 0xff, 0xff,
    0xff, 0xff, 0xff, 0xfd, 0x0, 0x0, 0xdf, 0xff,
    0xb3, 0x1, 0x7f, 0xff, 0xf8, 0x0, 0xb, 0xcc,
    0x90, 0x0, 0x0, 0x6f, 0xff, 0xf0, 0x0, 0x0,
    0x0, 0x0, 0x0, 0x0, 0xff, 0xff, 0x40, 0x0,
    0x0, 0x0, 0x0, 0x0, 0xc, 0xff, 0xf6, 0x0,
    0x0, 0x0, 0x0, 0x0, 0x0, 0xbf, 0xff, 0x70,
    0x99, 0x98, 0x0, 0x0, 0x0, 0xc, 0xff, 0xf6,
    0xd, 0xff, 0xf2, 0x0, 0x0, 0x0, 0xff, 0xff,
    0x40, 0x8f, 0xff, 0xc0, 0x0, 0x0, 0x8f, 0xff,
    0xf0, 0x1, 0xef, 0xff, 0xd5, 0x34, 0xaf, 0xff,
    0xf7, 0x0, 0x4, 0xff, 0xff, 0xff, 0xff, 0xff,
    0xfc, 0x0, 0x0, 0x4, 0xef, 0xff, 0xff, 0xff,
    0xfa, 0x10, 0x0, 0x0, 0x0, 0x7b, 0xef, 0xfd,
    0xa3, 0x0, 0x0,

    /* U+0036 "6" */
    0x0, 0x0, 0x5, 0xae, 0xff, 0xda, 0x40, 0x0,
    0x0, 0x0, 0x2c, 0xff, 0xff, 0xff, 0xff, 0xa0,
    0x0, 0x0, 0x2e, 0xff, 0xff, 0xff, 0xff, 0xff,
    0xb0, 0x0, 0xd, 0xff, 0xfd, 0x63, 0x38, 0xff,
    0xff, 0x60, 0x7, 0xff, 0xfc, 0x0, 0x0, 0x4,
    0xff, 0xfd, 0x0, 0xef, 0xff, 0x20, 0x0, 0x0,
    0xd, 0xff, 0xf2, 0x4f, 0xff, 0xc0, 0x0, 0x0,
    0x0, 0x0, 0x0, 0x8, 0xff, 0xf8, 0x0, 0x0,
    0x10, 0x0, 0x0, 0x0, 0xaf, 0xff, 0x50, 0x6c,
    0xff, 0xfe, 0x91, 0x0, 0xc, 0xff, 0xf5, 0xcf,
    0xff, 0xff, 0xff, 0xf4, 0x0, 0xdf, 0xff, 0xef,
    0xff, 0xff, 0xff, 0xff, 0xf3, 0xe, 0xff, 0xff,
    0xe6, 0x10, 0x27, 0xff, 0xff, 0xd0, 0xdf, 0xff,
    0xe1, 0x0, 0x0, 0x4, 0xff, 0xff, 0x3c, 0xff,
    0xf8, 0x0, 0x0, 0x0, 0xc, 0xff, 0xf7, 0xaf,
    0xff, 0x50, 0x0, 0x0, 0x0, 0x9f, 0xff, 0x86,
    0xff, 0xf6, 0x0, 0x0, 0x0, 0xa, 0xff, 0xf8,
    0x2f, 0xff, 0xa0, 0x0, 0x0, 0x0, 0xdf, 0xff,
    0x60, 0xbf, 0xff, 0x50, 0x0, 0x0, 0x7f, 0xff,
    0xf2, 0x3, 0xff, 0xff, 0xa4, 0x24, 0xaf, 0xff,
    0xfa, 0x0, 0x6, 0xff, 0xff, 0xff, 0xff, 0xff,
    0xfd, 0x10, 0x0, 0x5, 0xff, 0xff, 0xff, 0xff,
    0xfb, 0x10, 0x0, 0x0, 0x1, 0x7c, 0xef, 0xfd,
    0x93, 0x0, 0x0,

    /* U+0037 "7" */
    0x4f, 0xff, 0xff, 0xff, 0xff, 0xff, 0xff, 0xff,
    0x34, 0xff, 0xff, 0xff, 0xff, 0xff, 0xff, 0xff,
    0xf3, 0x4f, 0xff, 0xff, 0xff, 0xff, 0xff, 0xff,
    0xff, 0x30, 0x22, 0x22, 0x22, 0x22, 0x22, 0x5f,
    0xff, 0xc0, 0x0, 0x0, 0x0, 0x0, 0x0, 0xd,
    0xff, 0xf2, 0x0, 0x0, 0x0, 0x0, 0x0, 0x8,
    0xff, 0xf8, 0x0, 0x0, 0x0, 0x0, 0x0, 0x2,
    0xff, 0xfe, 0x0, 0x0, 0x0, 0x0, 0x0, 0x0,
    0xbf, 0xff, 0x50, 0x0, 0x0, 0x0, 0x0, 0x0,
    0x4f, 0xff, 0xd0, 0x0, 0x0, 0x0, 0x0, 0x0,
    0xc, 0xff, 0xf5, 0x0, 0x0, 0x0, 0x0, 0x0,
    0x4, 0xff, 0xfd, 0x0, 0x0, 0x0, 0x0, 0x0,
    0x0, 0xbf, 0xff, 0x60, 0x0, 0x0, 0x0, 0x0,
    0x0, 0x2f, 0xff, 0xf0, 0x0, 0x0, 0x0, 0x0,
    0x0, 0x8, 0xff, 0xfa, 0x0, 0x0, 0x0, 0x0,
    0x0, 0x0, 0xdf, 0xff, 0x50, 0x0, 0x0, 0x0,
    0x0, 0x0, 0x2f, 0xff, 0xf0, 0x0, 0x0, 0x0,
    0x0, 0x0, 0x7, 0xff, 0xfc, 0x0, 0x0, 0x0,
    0x0, 0x0, 0x0, 0xaf, 0xff, 0x80, 0x0, 0x0,
    0x0, 0x0, 0x0, 0xe, 0xff, 0xf5, 0x0, 0x0,
    0x0, 0x0, 0x0, 0x1, 0xff, 0xff, 0x20, 0x0,
    0x0, 0x0, 0x0, 0x0, 0x3f, 0xff, 0xf0, 0x0,
    0x0, 0x0, 0x0, 0x0, 0x5, 0xff, 0xfe, 0x0,
    0x0, 0x0, 0x0,

    /* U+0038 "8" */
    0x0, 0x0, 0x6, 0xbe, 0xff, 0xeb, 0x60, 0x0,
    0x0, 0x0, 0x4e, 0xff, 0xff, 0xff, 0xff, 0xe4,
    0x0, 0x0, 0x4f, 0xff, 0xff, 0xff, 0xff, 0xff,
    0xf3, 0x0, 0xd, 0xff, 0xfe, 0x73, 0x37, 0xff,
    0xff, 0xd0, 0x3, 0xff, 0xff, 0x20, 0x0, 0x3,
    0xff, 0xff, 0x20, 0x6f, 0xff, 0xc0, 0x0, 0x0,
    0xd, 0xff, 0xf5, 0x5, 0xff, 0xfc, 0x0, 0x0,
    0x0, 0xdf, 0xff, 0x40, 0x2f, 0xff, 0xf1, 0x0,
    0x0, 0x2f, 0xff, 0xf1, 0x0, 0xbf, 0xff, 0xd4,
    0x0, 0x4d, 0xff, 0xfa, 0x0, 0x1, 0xdf, 0xff,
    0xff, 0xff, 0xff, 0xfc, 0x10, 0x0, 0x1, 0xdf,
    0xff, 0xff, 0xff, 0xfc, 0x10, 0x0, 0x3, 0xef,
    0xff, 0xff, 0xff, 0xff, 0xfe, 0x20, 0x1, 0xef,
    0xff, 0x92, 0x0, 0x2a, 0xff, 0xfe, 0x10, 0x9f,
    0xff, 0xa0, 0x0, 0x0, 0xb, 0xff, 0xf8, 0xe,
    0xff, 0xf4, 0x0, 0x0, 0x0, 0x5f, 0xff, 0xd0,
    0xff, 0xff, 0x20, 0x0, 0x0, 0x3, 0xff, 0xff,
    0xf, 0xff, 0xf5, 0x0, 0x0, 0x0, 0x6f, 0xff,
    0xe0, 0xbf, 0xff, 0xc0, 0x0, 0x0, 0xd, 0xff,
    0xfa, 0x4, 0xff, 0xff, 0xd6, 0x33, 0x6d, 0xff,
    0xff, 0x40, 0x9, 0xff, 0xff, 0xff, 0xff, 0xff,
    0xff, 0x80, 0x0, 0x7, 0xff, 0xff, 0xff, 0xff,
    0xff, 0x70, 0x0, 0x0, 0x1, 0x7b, 0xef, 0xfe,
    0xb7, 0x10, 0x0,

    /* U+0039 "9" */
    0x0, 0x0, 0x17, 0xce, 0xff, 0xda, 0x40, 0x0,
    0x0, 0x0, 0x7, 0xff, 0xff, 0xff, 0xff, 0xfb,
    0x10, 0x0, 0x0, 0x8f, 0xff, 0xff, 0xff, 0xff,
    0xff, 0xd1, 0x0, 0x4, 0xff, 0xff, 0xe6, 0x33,
    0x6d, 0xff, 0xfa, 0x0, 0xb, 0xff, 0xfd, 0x10,
    0x0, 0x0, 0xdf, 0xff, 0x30, 0xf, 0xff, 0xf6,
    0x0, 0x0, 0x0, 0x5f, 0xff, 0x90, 0xf, 0xff,
    0xf3, 0x0, 0x0, 0x0, 0x1f, 0xff, 0xe0, 0xf,
    0xff, 0xf5, 0x0, 0x0, 0x0, 0x3f, 0xff, 0xf1,
    0xc, 0xff, 0xfc, 0x0, 0x0, 0x0, 0x9f, 0xff,
    0xf4, 0x6, 0xff, 0xff, 0xc4, 0x0, 0x3a, 0xff,
    0xff, 0xf5, 0x0, 0xcf, 0xff, 0xff, 0xff, 0xff,
    0xff, 0xff, 0xf5, 0x0, 0x1c, 0xff, 0xff, 0xff,
    0xff, 0x6f, 0xff, 0xf5, 0x0, 0x0, 0x6c, 0xff,
    0xfe, 0xa2, 0xf, 0xff, 0xf4, 0x0, 0x0, 0x0,
    0x1, 0x10, 0x0, 0xf, 0xff, 0xf3, 0x0, 0x0,
    0x0, 0x0, 0x0, 0x0, 0x2f, 0xff, 0xf0, 0xa,
    0xff, 0xf3, 0x0, 0x0, 0x0, 0x6f, 0xff, 0xc0,
    0x7, 0xff, 0xf7, 0x0, 0x0, 0x0, 0xbf, 0xff,
    0x70, 0x2, 0xff, 0xfe, 0x10, 0x0, 0x4, 0xff,
    0xff, 0x10, 0x0, 0xbf, 0xff, 0xd6, 0x33, 0x8f,
    0xff, 0xf7, 0x0, 0x0, 0x1e, 0xff, 0xff, 0xff,
    0xff, 0xff, 0xb0, 0x0, 0x0, 0x2, 0xdf, 0xff,
    0xff, 0xff, 0xf9, 0x0, 0x0, 0x0, 0x0, 0x6,
    0xbe, 0xff, 0xd9, 0x30, 0x0, 0x0,

    /* U+003A ":" */
    0xf, 0xff, 0xf4, 0xf, 0xff, 0xf4, 0xf, 0xff,
    0xf4, 0xf, 0xff, 0xf4, 0x6, 0x66, 0x62, 0x0,
    0x0, 0x0, 0x0, 0x0, 0x0, 0x0, 0x0, 0x0,
    0x0, 0x0, 0x0, 0x0, 0x0, 0x0, 0x7, 0x77,
    0x72, 0xf, 0xff, 0xf4, 0xf, 0xff, 0xf4, 0xf,
    0xff, 0xf4, 0xf, 0xff, 0xf4,

    /* U+003B ";" */
    0xf, 0xff, 0xf4, 0xf, 0xff, 0xf4, 0xf, 0xff,
    0xf4, 0xf, 0xff, 0xf4, 0x6, 0x66, 0x62, 0x0,
    0x0, 0x0, 0x0, 0x0, 0x0, 0x0, 0x0, 0x0,
    0x0, 0x0, 0x0, 0x0, 0x0, 0x0, 0x7, 0x77,
    0x71, 0xf, 0xff, 0xf4, 0xf, 0xff, 0xf4, 0xf,
    0xff, 0xf4, 0xf, 0xff, 0xf3, 0x0, 0xf, 0xf1,
    0x0, 0x4f, 0xd0, 0x3, 0xdf, 0x50, 0xf, 0xf9,
    0x0, 0xb, 0x50, 0x0,

    /* U+003C "<" */
    0x0, 0x0, 0x0, 0x0, 0x0, 0x0, 0x57, 0x0,
    0x0, 0x0, 0x0, 0x3, 0x9e, 0xfb, 0x0, 0x0,
    0x0, 0x28, 0xdf, 0xff, 0xfb, 0x0, 0x1, 0x6c,
    0xff, 0xff, 0xff, 0xc5, 0x5, 0xbf, 0xff, 0xff,
    0xfd, 0x72, 0x0, 0x6f, 0xff, 0xff, 0xd8, 0x20,
    0x0, 0x0, 0x6f, 0xff, 0xe4, 0x0, 0x0, 0x0,
    0x0, 0x6f, 0xff, 0xff, 0xc6, 0x10, 0x0, 0x0,
    0x18, 0xdf, 0xff, 0xff, 0xfb, 0x61, 0x0, 0x0,
    0x3, 0x8e, 0xff, 0xff, 0xff, 0xb4, 0x0, 0x0,
    0x0, 0x49, 0xef, 0xff, 0xfb, 0x0, 0x0, 0x0,
    0x0, 0x5, 0xaf, 0xfb, 0x0, 0x0, 0x0, 0x0,
    0x0, 0x0, 0x57,

    /* U+003D "=" */
    0x6f, 0xff, 0xff, 0xff, 0xff, 0xff, 0xfb, 0x6f,
    0xff, 0xff, 0xff, 0xff, 0xff, 0xfb, 0x5e, 0xee,
    0xee, 0xee, 0xee, 0xee, 0xea, 0x0, 0x0, 0x0,
    0x0, 0x0, 0x0, 0x0, 0x0, 0x0, 0x0, 0x0,
    0x0, 0x0, 0x0, 0x0, 0x0, 0x0, 0x0, 0x0,
    0x0, 0x0, 0x5e, 0xee, 0xee, 0xee, 0xee, 0xee,
    0xea, 0x6f, 0xff, 0xff, 0xff, 0xff, 0xff, 0xfb,
    0x6f, 0xff, 0xff, 0xff, 0xff, 0xff, 0xfb,

    /* U+003E ">" */
    0x35, 0x0, 0x0, 0x0, 0x0, 0x0, 0x0, 0x6f,
    0xf9, 0x40, 0x0, 0x0, 0x0, 0x0, 0x6f, 0xff,
    0xfe, 0x93, 0x0, 0x0, 0x0, 0x3c, 0xff, 0xff,
    0xff, 0xd8, 0x20, 0x0, 0x0, 0x16, 0xcf, 0xff,
    0xff, 0xfc, 0x71, 0x0, 0x0, 0x1, 0x7c, 0xff,
    0xff, 0xfb, 0x0, 0x0, 0x0, 0x0, 0x2c, 0xff,
    0xfb, 0x0, 0x0, 0x0, 0x39, 0xef, 0xff, 0xfb,
    0x0, 0x3, 0x8e, 0xff, 0xff, 0xff, 0xa3, 0x18,
    0xdf, 0xff, 0xff, 0xfb, 0x50, 0x0, 0x6f, 0xff,
    0xff, 0xc6, 0x10, 0x0, 0x0, 0x6f, 0xfd, 0x82,
    0x0, 0x0, 0x0, 0x0, 0x59, 0x30, 0x0, 0x0,
    0x0, 0x0, 0x0,

    /* U+003F "?" */
    0x0, 0x0, 0x0, 0x0, 0x22, 0x10, 0x0, 0x0,
    0x0, 0x0, 0x0, 0x7c, 0xff, 0xff, 0xfa, 0x30,
    0x0, 0x0, 0x3, 0xef, 0xff, 0xff, 0xff, 0xff,
    0x90, 0x0, 0x3, 0xff, 0xff, 0xff, 0xff, 0xff,
    0xff, 0x80, 0x0, 0xef, 0xff, 0xb4, 0x0, 0x29,
    0xff, 0xff, 0x20, 0x7f, 0xff, 0xa0, 0x0, 0x0,
    0xa, 0xff, 0xf7, 0xc, 0xff, 0xf1, 0x0, 0x0,
    0x0, 0x6f, 0xff, 0x90, 0x99, 0x97, 0x0, 0x0,
    0x0, 0x6, 0xff, 0xf8, 0x0, 0x0, 0x0, 0x0,
    0x0, 0x0, 0xdf, 0xff, 0x50, 0x0, 0x0, 0x0,
    0x0, 0x1, 0xcf, 0xff, 0xe0, 0x0, 0x0, 0x0,
    0x0, 0x3, 0xef, 0xff, 0xf3, 0x0, 0x0, 0x0,
    0x0, 0x3, 0xff, 0xff, 0xe4, 0x0, 0x0, 0x0,
    0x0, 0x0, 0xef, 0xff, 0xd2, 0x0, 0x0, 0x0,
    0x0, 0x0, 0x6f, 0xff, 0xd1, 0x0, 0x0, 0x0,
    0x0, 0x0, 0xb, 0xff, 0xf3, 0x0, 0x0, 0x0,
    0x0, 0x0, 0x0, 0xdf, 0xfe, 0x0, 0x0, 0x0,
    0x0, 0x0, 0x0, 0x2, 0x33, 0x20, 0x0, 0x0,
    0x0, 0x0, 0x0, 0x0, 0x0, 0x0, 0x0, 0x0,
    0x0, 0x0, 0x0, 0x0, 0x0, 0x0, 0x0, 0x0,
    0x0, 0x0, 0x0, 0x0, 0x1, 0x77, 0x77, 0x10,
    0x0, 0x0, 0x0, 0x0, 0x0, 0x2f, 0xff, 0xf2,
    0x0, 0x0, 0x0, 0x0, 0x0, 0x2, 0xff, 0xff,
    0x20, 0x0, 0x0, 0x0, 0x0, 0x0, 0x2f, 0xff,
    0xf2, 0x0, 0x0, 0x0, 0x0, 0x0, 0x2, 0xff,
    0xff, 0x20, 0x0, 0x0,

    /* U+0040 "@" */
    0x0, 0x0, 0x0, 0x0, 0x49, 0xce, 0xff, 0xfe,
    0xb7, 0x20, 0x0, 0x0, 0x0, 0x0, 0x0, 0x8e,
    0xff, 0xff, 0xff, 0xff, 0xff, 0xfa, 0x10, 0x0,
    0x0, 0x0, 0x4e, 0xff, 0xff, 0xc9, 0x87, 0x8a,
    0xdf, 0xff, 0xe4, 0x0, 0x0, 0x6, 0xff, 0xfc,
    0x50, 0x0, 0x0, 0x0, 0x3, 0xbf, 0xff, 0x30,
    0x0, 0x5f, 0xff, 0x60, 0x7, 0xcd, 0xc6, 0x0,
    0x0, 0x7, 0xff, 0xd0, 0x1, 0xff, 0xf4, 0x2,
    0xdf, 0xff, 0xff, 0x97, 0xff, 0xd0, 0xaf, 0xf5,
    0xa, 0xff, 0x60, 0x1e, 0xff, 0xff, 0xff, 0xfd,
    0xff, 0xa0, 0x2f, 0xfa, 0x1f, 0xfc, 0x0, 0x9f,
    0xff, 0x70, 0x1a, 0xff, 0xff, 0x60, 0xd, 0xfd,
    0x6f, 0xf5, 0x1, 0xff, 0xf8, 0x0, 0x0, 0xff,
    0xff, 0x20, 0xc, 0xfe, 0xaf, 0xf0, 0x6, 0xff,
    0xf1, 0x0, 0x0, 0xcf, 0xfd, 0x0, 0xc, 0xfd,
    0xcf, 0xd0, 0x9, 0xff, 0xd0, 0x0, 0x0, 0xcf,
    0xf9, 0x0, 0xe, 0xfb, 0xdf, 0xc0, 0xb, 0xff,
    0xc0, 0x0, 0x0, 0xff, 0xf5, 0x0, 0x3f, 0xf6,
    0xef, 0xc0, 0xa, 0xff, 0xf0, 0x0, 0x6, 0xff,
    0xf1, 0x0, 0xaf, 0xf1, 0xcf, 0xe0, 0x7, 0xff,
    0xf9, 0x0, 0x5f, 0xff, 0xf0, 0x4, 0xff, 0x70,
    0x9f, 0xf2, 0x2, 0xff, 0xff, 0xff, 0xfd, 0xff,
    0xfa, 0xaf, 0xfb, 0x0, 0x5f, 0xf9, 0x0, 0x8f,
    0xff, 0xff, 0xe2, 0xcf, 0xff, 0xff, 0xb0, 0x0,
    0xd, 0xff, 0x40, 0x6, 0xdf, 0xe9, 0x10, 0x1b,
    0xff, 0xc5, 0x0, 0x0, 0x4, 0xff, 0xf5, 0x0,
    0x0, 0x0, 0x0, 0x0, 0x0, 0x0, 0x0, 0x0,
    0x0, 0x7f, 0xff, 0xa3, 0x0, 0x0, 0x0, 0x0,
    0x4a, 0x10, 0x0, 0x0, 0x0, 0x6, 0xff, 0xff,
    0xea, 0x88, 0x89, 0xcf, 0xff, 0x70, 0x0, 0x0,
    0x0, 0x0, 0x2a, 0xff, 0xff, 0xff, 0xff, 0xff,
    0xff, 0x80, 0x0, 0x0, 0x0, 0x0, 0x0, 0x16,
    0xad, 0xff, 0xfe, 0xca, 0x51, 0x0, 0x0, 0x0,

    /* U+0041 "A" */
    0x0, 0x0, 0x0, 0x0, 0x6f, 0xff, 0xf6, 0x0,
    0x0, 0x0, 0x0, 0x0, 0x0, 0x0, 0x0, 0xbf,
    0xff, 0xfc, 0x0, 0x0, 0x0, 0x0, 0x0, 0x0,
    0x0, 0x1, 0xff, 0xff, 0xff, 0x20, 0x0, 0x0,
    0x0, 0x0, 0x0, 0x0, 0x7, 0xff, 0xff, 0xff,
    0x70, 0x0, 0x0, 0x0, 0x0, 0x0, 0x0, 0xd,
    0xff, 0xac, 0xff, 0xd0, 0x0, 0x0, 0x0, 0x0,
    0x0, 0x0, 0x3f, 0xff, 0x47, 0xff, 0xf3, 0x0,
    0x0, 0x0, 0x0, 0x0, 0x0, 0x8f, 0xfe, 0x1,
    0xff, 0xf9, 0x0, 0x0, 0x0, 0x0, 0x0, 0x0,
    0xef, 0xf9, 0x0, 0xcf, 0xfe, 0x0, 0x0, 0x0,
    0x0, 0x0, 0x4, 0xff, 0xf4, 0x0, 0x7f, 0xff,
    0x40, 0x0, 0x0, 0x0, 0x0, 0xa, 0xff, 0xe0,
    0x0, 0x1f, 0xff, 0xa0, 0x0, 0x0, 0x0, 0x0,
    0xf, 0xff, 0x90, 0x0, 0xc, 0xff, 0xf0, 0x0,
    0x0, 0x0, 0x0, 0x5f, 0xff, 0x40, 0x0, 0x6,
    0xff, 0xf6, 0x0, 0x0, 0x0, 0x0, 0xbf, 0xfe,
    0x0, 0x0, 0x1, 0xff, 0xfb, 0x0, 0x0, 0x0,
    0x1, 0xff, 0xff, 0xff, 0xff, 0xff, 0xff, 0xff,
    0x10, 0x0, 0x0, 0x7, 0xff, 0xff, 0xff, 0xff,
    0xff, 0xff, 0xff, 0x70, 0x0, 0x0, 0xc, 0xff,
    0xff, 0xff, 0xff, 0xff, 0xff, 0xff, 0xd0, 0x0,
    0x0, 0x2f, 0xff, 0x93, 0x33, 0x33, 0x33, 0x3c,
    0xff, 0xf2, 0x0, 0x0, 0x8f, 0xff, 0x30, 0x0,
    0x0, 0x0, 0x6, 0xff, 0xf8, 0x0, 0x0, 0xef,
    0xfd, 0x0, 0x0, 0x0, 0x0, 0x1, 0xff, 0xfe,
    0x0, 0x4, 0xff, 0xf8, 0x0, 0x0, 0x0, 0x0,
    0x0, 0xbf, 0xff, 0x40, 0x9, 0xff, 0xf3, 0x0,
    0x0, 0x0, 0x0, 0x0, 0x6f, 0xff, 0x90, 0xf,
    0xff, 0xd0, 0x0, 0x0, 0x0, 0x0, 0x0, 0x1f,
    0xff, 0xf0,

    /* U+0042 "B" */
    0x2f, 0xff, 0xff, 0xff, 0xff, 0xfe, 0xb6, 0x0,
    0x0, 0x2f, 0xff, 0xff, 0xff, 0xff, 0xff, 0xff,
    0xd2, 0x0, 0x2f, 0xff, 0xff, 0xff, 0xff, 0xff,
    0xff, 0xfd, 0x0, 0x2f, 0xff, 0xc0, 0x0, 0x0,
    0x6, 0xff, 0xff, 0x60, 0x2f, 0xff, 0xc0, 0x0,
    0x0, 0x0, 0x7f, 0xff, 0xa0, 0x2f, 0xff, 0xc0,
    0x0, 0x0, 0x0, 0x2f, 0xff, 0xc0, 0x2f, 0xff,
    0xc0, 0x0, 0x0, 0x0, 0x3f, 0xff, 0xa0, 0x2f,
    0xff, 0xc0, 0x0, 0x0, 0x0, 0x8f, 0xff, 0x60,
    0x2f, 0xff, 0xc0, 0x0, 0x0, 0x17, 0xff, 0xfd,
    0x0, 0x2f, 0xff, 0xff, 0xff, 0xff, 0xff, 0xff,
    0xd2, 0x0, 0x2f, 0xff, 0xff, 0xff, 0xff, 0xff,
    0xfd, 0x10, 0x0, 0x2f, 0xff, 0xff, 0xff, 0xff,
    0xff, 0xff, 0xe4, 0x0, 0x2f, 0xff, 0xc0, 0x0,
    0x0, 0x5, 0xef, 0xff, 0x30, 0x2f, 0xff, 0xc0,
    0x0, 0x0, 0x0, 0x2f, 0xff, 0xc0, 0x2f, 0xff,
    0xc0, 0x0, 0x0, 0x0, 0xb, 0xff, 0xf2, 0x2f,
    0xff, 0xc0, 0x0, 0x0, 0x0, 0x9, 0xff, 0xf5,
    0x2f, 0xff, 0xc0, 0x0, 0x0, 0x0, 0xb, 0xff,
    0xf5, 0x2f, 0xff, 0xc0, 0x0, 0x0, 0x0, 0x1f,
    0xff, 0xf3, 0x2f, 0xff, 0xc0, 0x0, 0x0, 0x4,
    0xdf, 0xff, 0xd0, 0x2f, 0xff, 0xff, 0xff, 0xff,
    0xff, 0xff, 0xff, 0x50, 0x2f, 0xff, 0xff, 0xff,
    0xff, 0xff, 0xff, 0xf6, 0x0, 0x2f, 0xff, 0xff,
    0xff, 0xff, 0xff, 0xd8, 0x20, 0x0,

    /* U+0043 "C" */
    0x0, 0x0, 0x0, 0x38, 0xce, 0xff, 0xda, 0x50,
    0x0, 0x0, 0x0, 0x0, 0x2, 0xbf, 0xff, 0xff,
    0xff, 0xff, 0xe5, 0x0, 0x0, 0x0, 0x5, 0xff,
    0xff, 0xff, 0xff, 0xff, 0xff, 0xf8, 0x0, 0x0,
    0x4, 0xff, 0xff, 0xfa, 0x64, 0x47, 0xdf, 0xff,
    0xf7, 0x0, 0x1, 0xef, 0xff, 0xc1, 0x0, 0x0,
    0x0, 0x7f, 0xff, 0xf3, 0x0, 0xaf, 0xff, 0xc0,
    0x0, 0x0, 0x0, 0x0, 0x7f, 0xff, 0xb0, 0x1f,
    0xff, 0xf2, 0x0, 0x0, 0x0, 0x0, 0x0, 0xef,
    0xff, 0x16, 0xff, 0xfa, 0x0, 0x0, 0x0, 0x0,
    0x0, 0x9, 0xff, 0xf4, 0xaf, 0xff, 0x50, 0x0,
    0x0, 0x0, 0x0, 0x0, 0x13, 0x33, 0x1c, 0xff,
    0xf2, 0x0, 0x0, 0x0, 0x0, 0x0, 0x0, 0x0,
    0x0, 0xef, 0xff, 0x10, 0x0, 0x0, 0x0, 0x0,
    0x0, 0x0, 0x0, 0xd, 0xff, 0xf1, 0x0, 0x0,
    0x0, 0x0, 0x0, 0x0, 0x0, 0x0, 0xcf, 0xff,
    0x20, 0x0, 0x0, 0x0, 0x0, 0x0, 0x0, 0x0,
    0xa, 0xff, 0xf5, 0x0, 0x0, 0x0, 0x0, 0x0,
    0x1, 0x22, 0x21, 0x6f, 0xff, 0xa0, 0x0, 0x0,
    0x0, 0x0, 0x0, 0x8f, 0xff, 0x51, 0xff, 0xff,
    0x20, 0x0, 0x0, 0x0, 0x0, 0xe, 0xff, 0xf1,
    0x9, 0xff, 0xfc, 0x0, 0x0, 0x0, 0x0, 0x8,
    0xff, 0xfb, 0x0, 0x1e, 0xff, 0xfc, 0x20, 0x0,
    0x0, 0x7, 0xff, 0xff, 0x30, 0x0, 0x3f, 0xff,
    0xff, 0xa6, 0x44, 0x7d, 0xff, 0xff, 0x70, 0x0,
    0x0, 0x4e, 0xff, 0xff, 0xff, 0xff, 0xff, 0xff,
    0x80, 0x0, 0x0, 0x0, 0x1b, 0xff, 0xff, 0xff,
    0xff, 0xfe, 0x50, 0x0, 0x0, 0x0, 0x0, 0x2,
    0x8c, 0xef, 0xfd, 0xa5, 0x0, 0x0, 0x0,

    /* U+0044 "D" */
    0x2f, 0xff, 0xff, 0xff, 0xff, 0xec, 0x94, 0x0,
    0x0, 0x0, 0x2, 0xff, 0xff, 0xff, 0xff, 0xff,
    0xff, 0xfd, 0x50, 0x0, 0x0, 0x2f, 0xff, 0xff,
    0xff, 0xff, 0xff, 0xff, 0xff, 0xb1, 0x0, 0x2,
    0xff, 0xfd, 0x33, 0x33, 0x35, 0x8e, 0xff, 0xff,
    0xc0, 0x0, 0x2f, 0xff, 0xc0, 0x0, 0x0, 0x0,
    0x7, 0xff, 0xff, 0xa0, 0x2, 0xff, 0xfc, 0x0,
    0x0, 0x0, 0x0, 0x5, 0xff, 0xff, 0x40, 0x2f,
    0xff, 0xc0, 0x0, 0x0, 0x0, 0x0, 0x9, 0xff,
    0xfb, 0x2, 0xff, 0xfc, 0x0, 0x0, 0x0, 0x0,
    0x0, 0x1f, 0xff, 0xf1, 0x2f, 0xff, 0xc0, 0x0,
    0x0, 0x0, 0x0, 0x0, 0xbf, 0xff, 0x52, 0xff,
    0xfc, 0x0, 0x0, 0x0, 0x0, 0x0, 0x8, 0xff,
    0xf7, 0x2f, 0xff, 0xc0, 0x0, 0x0, 0x0, 0x0,
    0x0, 0x7f, 0xff, 0x82, 0xff, 0xfc, 0x0, 0x0,
    0x0, 0x0, 0x0, 0x7, 0xff, 0xf8, 0x2f, 0xff,
    0xc0, 0x0, 0x0, 0x0, 0x0, 0x0, 0x9f, 0xff,
    0x72, 0xff, 0xfc, 0x0, 0x0, 0x0, 0x0, 0x0,
    0xc, 0xff, 0xf4, 0x2f, 0xff, 0xc0, 0x0, 0x0,
    0x0, 0x0, 0x2, 0xff, 0xff, 0x12, 0xff, 0xfc,
    0x0, 0x0, 0x0, 0x0, 0x0, 0xaf, 0xff, 0xb0,
    0x2f, 0xff, 0xc0, 0x0, 0x0, 0x0, 0x0, 0x6f,
    0xff, 0xf3, 0x2, 0xff, 0xfc, 0x0, 0x0, 0x0,
    0x0, 0x8f, 0xff, 0xf9, 0x0, 0x2f, 0xff, 0xd3,
    0x33, 0x33, 0x59, 0xef, 0xff, 0xfb, 0x0, 0x2,
    0xff, 0xff, 0xff, 0xff, 0xff, 0xff, 0xff, 0xfa,
    0x0, 0x0, 0x2f, 0xff, 0xff, 0xff, 0xff, 0xff,
    0xff, 0xd5, 0x0, 0x0, 0x2, 0xff, 0xff, 0xff,
    0xff, 0xfe, 0xc9, 0x40, 0x0, 0x0, 0x0,

    /* U+0045 "E" */
    0x2f, 0xff, 0xff, 0xff, 0xff, 0xff, 0xff, 0xff,
    0x12, 0xff, 0xff, 0xff, 0xff, 0xff, 0xff, 0xff,
    0xf1, 0x2f, 0xff, 0xff, 0xff, 0xff, 0xff, 0xff,
    0xff, 0x12, 0xff, 0xfc, 0x22, 0x22, 0x22, 0x22,
    0x22, 0x20, 0x2f, 0xff, 0xc0, 0x0, 0x0, 0x0,
    0x0, 0x0, 0x2, 0xff, 0xfc, 0x0, 0x0, 0x0,
    0x0, 0x0, 0x0, 0x2f, 0xff, 0xc0, 0x0, 0x0,
    0x0, 0x0, 0x0, 0x2, 0xff, 0xfc, 0x0, 0x0,
    0x0, 0x0, 0x0, 0x0, 0x2f, 0xff, 0xc0, 0x0,
    0x0, 0x0, 0x0, 0x0, 0x2, 0xff, 0xff, 0xff,
    0xff, 0xff, 0xff, 0xff, 0x50, 0x2f, 0xff, 0xff,
    0xff, 0xff, 0xff, 0xff, 0xf5, 0x2, 0xff, 0xff,
    0xff, 0xff, 0xff, 0xff, 0xff, 0x50, 0x2f, 0xff,
    0xc1, 0x11, 0x11, 0x11, 0x11, 0x10, 0x2, 0xff,
    0xfc, 0x0, 0x0, 0x0, 0x0, 0x0, 0x0, 0x2f,
    0xff, 0xc0, 0x0, 0x0, 0x0, 0x0, 0x0, 0x2,
    0xff, 0xfc, 0x0, 0x0, 0x0, 0x0, 0x0, 0x0,
    0x2f, 0xff, 0xc0, 0x0, 0x0, 0x0, 0x0, 0x0,
    0x2, 0xff, 0xfc, 0x0, 0x0, 0x0, 0x0, 0x0,
    0x0, 0x2f, 0xff, 0xc2, 0x22, 0x22, 0x22, 0x22,
    0x22, 0x12, 0xff, 0xff, 0xff, 0xff, 0xff, 0xff,
    0xff, 0xf6, 0x2f, 0xff, 0xff, 0xff, 0xff, 0xff,
    0xff, 0xff, 0x62, 0xff, 0xff, 0xff, 0xff, 0xff,
    0xff, 0xff, 0xf6,

    /* U+0046 "F" */
    0x2f, 0xff, 0xff, 0xff, 0xff, 0xff, 0xff, 0xf9,
    0x2f, 0xff, 0xff, 0xff, 0xff, 0xff, 0xff, 0xf9,
    0x2f, 0xff, 0xff, 0xff, 0xff, 0xff, 0xff, 0xf9,
    0x2f, 0xff, 0xc2, 0x22, 0x22, 0x22, 0x22, 0x21,
    0x2f, 0xff, 0xc0, 0x0, 0x0, 0x0, 0x0, 0x0,
    0x2f, 0xff, 0xc0, 0x0, 0x0, 0x0, 0x0, 0x0,
    0x2f, 0xff, 0xc0, 0x0, 0x0, 0x0, 0x0, 0x0,
    0x2f, 0xff, 0xc0, 0x0, 0x0, 0x0, 0x0, 0x0,
    0x2f, 0xff, 0xc0, 0x0, 0x0, 0x0, 0x0, 0x0,
    0x2f, 0xff, 0xc0, 0x0, 0x0, 0x0, 0x0, 0x0,
    0x2f, 0xff, 0xff, 0xff, 0xff, 0xff, 0xff, 0xe0,
    0x2f, 0xff, 0xff, 0xff, 0xff, 0xff, 0xff, 0xe0,
    0x2f, 0xff, 0xff, 0xff, 0xff, 0xff, 0xff, 0xe0,
    0x2f, 0xff, 0xc2, 0x22, 0x22, 0x22, 0x22, 0x20,
    0x2f, 0xff, 0xc0, 0x0, 0x0, 0x0, 0x0, 0x0,
    0x2f, 0xff, 0xc0, 0x0, 0x0, 0x0, 0x0, 0x0,
    0x2f, 0xff, 0xc0, 0x0, 0x0, 0x0, 0x0, 0x0,
    0x2f, 0xff, 0xc0, 0x0, 0x0, 0x0, 0x0, 0x0,
    0x2f, 0xff, 0xc0, 0x0, 0x0, 0x0, 0x0, 0x0,
    0x2f, 0xff, 0xc0, 0x0, 0x0, 0x0, 0x0, 0x0,
    0x2f, 0xff, 0xc0, 0x0, 0x0, 0x0, 0x0, 0x0,
    0x2f, 0xff, 0xc0, 0x0, 0x0, 0x0, 0x0, 0x0,

    /* U+0047 "G" */
    0x0, 0x0, 0x0, 0x38, 0xce, 0xff, 0xeb, 0x61,
    0x0, 0x0, 0x0, 0x0, 0x2, 0xbf, 0xff, 0xff,
    0xff, 0xff, 0xf8, 0x0, 0x0, 0x0, 0x5, 0xff,
    0xff, 0xff, 0xff, 0xff, 0xff, 0xfc, 0x10, 0x0,
    0x4, 0xff, 0xff, 0xfa, 0x64, 0x46, 0xbf, 0xff,
    0xfc, 0x0, 0x1, 0xef, 0xff, 0xc2, 0x0, 0x0,
    0x0, 0x4e, 0xff, 0xf7, 0x0, 0xaf, 0xff, 0xc0,
    0x0, 0x0, 0x0, 0x0, 0x3f, 0xff, 0xe0, 0x1f,
    0xff, 0xf2, 0x0, 0x0, 0x0, 0x0, 0x0, 0xcf,
    0xff, 0x26, 0xff, 0xfa, 0x0, 0x0, 0x0, 0x0,
    0x0, 0x1, 0x22, 0x20, 0xaf, 0xff, 0x50, 0x0,
    0x0, 0x0, 0x0, 0x0, 0x0, 0x0, 0xc, 0xff,
    0xf2, 0x0, 0x0, 0x0, 0x12, 0x22, 0x22, 0x22,
    0x21, 0xef, 0xff, 0x10, 0x0, 0x0, 0x9, 0xff,
    0xff, 0xff, 0xff, 0x7e, 0xff, 0xf1, 0x0, 0x0,
    0x0, 0x9f, 0xff, 0xff, 0xff, 0xf7, 0xdf, 0xff,
    0x20, 0x0, 0x0, 0x9, 0xff, 0xff, 0xff, 0xff,
    0x7a, 0xff, 0xf5, 0x0, 0x0, 0x0, 0x0, 0x0,
    0x7, 0xff, 0xf7, 0x7f, 0xff, 0xa0, 0x0, 0x0,
    0x0, 0x0, 0x0, 0x7f, 0xff, 0x72, 0xff, 0xff,
    0x20, 0x0, 0x0, 0x0, 0x0, 0x7, 0xff, 0xf7,
    0xb, 0xff, 0xfc, 0x0, 0x0, 0x0, 0x0, 0x0,
    0x7f, 0xff, 0x70, 0x2f, 0xff, 0xfc, 0x20, 0x0,
    0x0, 0x0, 0x2d, 0xff, 0xf7, 0x0, 0x5f, 0xff,
    0xff, 0xa6, 0x43, 0x46, 0xbf, 0xff, 0xff, 0x40,
    0x0, 0x5f, 0xff, 0xff, 0xff, 0xff, 0xff, 0xff,
    0xfe, 0x40, 0x0, 0x0, 0x2b, 0xff, 0xff, 0xff,
    0xff, 0xff, 0xf9, 0x10, 0x0, 0x0, 0x0, 0x2,
    0x8c, 0xef, 0xff, 0xda, 0x61, 0x0, 0x0,

    /* U+0048 "H" */
    0x2f, 0xff, 0xc0, 0x0, 0x0, 0x0, 0x0, 0xf,
    0xff, 0xe2, 0xff, 0xfc, 0x0, 0x0, 0x0, 0x0,
    0x0, 0xff, 0xfe, 0x2f, 0xff, 0xc0, 0x0, 0x0,
    0x0, 0x0, 0xf, 0xff, 0xe2, 0xff, 0xfc, 0x0,
    0x0, 0x0, 0x0, 0x0, 0xff, 0xfe, 0x2f, 0xff,
    0xc0, 0x0, 0x0, 0x0, 0x0, 0xf, 0xff, 0xe2,
    0xff, 0xfc, 0x0, 0x0, 0x0, 0x0, 0x0, 0xff,
    0xfe, 0x2f, 0xff, 0xc0, 0x0, 0x0, 0x0, 0x0,
    0xf, 0xff, 0xe2, 0xff, 0xfc, 0x0, 0x0, 0x0,
    0x0, 0x0, 0xff, 0xfe, 0x2f, 0xff, 0xc2, 0x22,
    0x22, 0x22, 0x22, 0x2f, 0xff, 0xe2, 0xff, 0xff,
    0xff, 0xff, 0xff, 0xff, 0xff, 0xff, 0xfe, 0x2f,
    0xff, 0xff, 0xff, 0xff, 0xff, 0xff, 0xff, 0xff,
    0xe2, 0xff, 0xff, 0xff, 0xff, 0xff, 0xff, 0xff,
    0xff, 0xfe, 0x2f, 0xff, 0xc0, 0x0, 0x0, 0x0,
    0x0, 0xf, 0xff, 0xe2, 0xff, 0xfc, 0x0, 0x0,
    0x0, 0x0, 0x0, 0xff, 0xfe, 0x2f, 0xff, 0xc0,
    0x0, 0x0, 0x0, 0x0, 0xf, 0xff, 0xe2, 0xff,
    0xfc, 0x0, 0x0, 0x0, 0x0, 0x0, 0xff, 0xfe,
    0x2f, 0xff, 0xc0, 0x0, 0x0, 0x0, 0x0, 0xf,
    0xff, 0xe2, 0xff, 0xfc, 0x0, 0x0, 0x0, 0x0,
    0x0, 0xff, 0xfe, 0x2f, 0xff, 0xc0, 0x0, 0x0,
    0x0, 0x0, 0xf, 0xff, 0xe2, 0xff, 0xfc, 0x0,
    0x0, 0x0, 0x0, 0x0, 0xff, 0xfe, 0x2f, 0xff,
    0xc0, 0x0, 0x0, 0x0, 0x0, 0xf, 0xff, 0xe2,
    0xff, 0xfc, 0x0, 0x0, 0x0, 0x0, 0x0, 0xff,
    0xfe,

    /* U+0049 "I" */
    0x2f, 0xff, 0xc2, 0xff, 0xfc, 0x2f, 0xff, 0xc2,
    0xff, 0xfc, 0x2f, 0xff, 0xc2, 0xff, 0xfc, 0x2f,
    0xff, 0xc2, 0xff, 0xfc, 0x2f, 0xff, 0xc2, 0xff,
    0xfc, 0x2f, 0xff, 0xc2, 0xff, 0xfc, 0x2f, 0xff,
    0xc2, 0xff, 0xfc, 0x2f, 0xff, 0xc2, 0xff, 0xfc,
    0x2f, 0xff, 0xc2, 0xff, 0xfc, 0x2f, 0xff, 0xc2,
    0xff, 0xfc, 0x2f, 0xff, 0xc2, 0xff, 0xfc,

    /* U+004A "J" */
    0x0, 0x0, 0x0, 0xd, 0xff, 0xf0, 0x0, 0x0,
    0x0, 0xd, 0xff, 0xf0, 0x0, 0x0, 0x0, 0xd,
    0xff, 0xf0, 0x0, 0x0, 0x0, 0xd, 0xff, 0xf0,
    0x0, 0x0, 0x0, 0xd, 0xff, 0xf0, 0x0, 0x0,
    0x0, 0xd, 0xff, 0xf0, 0x0, 0x0, 0x0, 0xd,
    0xff, 0xf0, 0x0, 0x0, 0x0, 0xd, 0xff, 0xf0,
    0x0, 0x0, 0x0, 0xd, 0xff, 0xf0, 0x0, 0x0,
    0x0, 0xd, 0xff, 0xf0, 0x0, 0x0, 0x0, 0xd,
    0xff, 0xf0, 0x0, 0x0, 0x0, 0xd, 0xff, 0xf0,
    0x0, 0x0, 0x0, 0xd, 0xff, 0xf0, 0x0, 0x0,
    0x0, 0xd, 0xff, 0xf0, 0x0, 0x0, 0x0, 0xd,
    0xff, 0xf0, 0x0, 0x0, 0x0, 0xd, 0xff, 0xf0,
    0x0, 0x0, 0x0, 0xe, 0xff, 0xf0, 0x0, 0x0,
    0x0, 0x4f, 0xff, 0xe0, 0x67, 0x43, 0x48, 0xff,
    0xff, 0xa0, 0x9f, 0xff, 0xff, 0xff, 0xff, 0x20,
    0x9f, 0xff, 0xff, 0xff, 0xf4, 0x0, 0x5c, 0xef,
    0xfe, 0xc7, 0x10, 0x0,

    /* U+004B "K" */
    0x2f, 0xff, 0xc0, 0x0, 0x0, 0x0, 0x9, 0xff,
    0xff, 0xa0, 0x2f, 0xff, 0xc0, 0x0, 0x0, 0x0,
    0x8f, 0xff, 0xfa, 0x0, 0x2f, 0xff, 0xc0, 0x0,
    0x0, 0x7, 0xff, 0xff, 0xa0, 0x0, 0x2f, 0xff,
    0xc0, 0x0, 0x0, 0x7f, 0xff, 0xfa, 0x0, 0x0,
    0x2f, 0xff, 0xc0, 0x0, 0x6, 0xff, 0xff, 0xa0,
    0x0, 0x0, 0x2f, 0xff, 0xc0, 0x0, 0x6f, 0xff,
    0xfa, 0x0, 0x0, 0x0, 0x2f, 0xff, 0xc0, 0x5,
    0xff, 0xff, 0xa0, 0x0, 0x0, 0x0, 0x2f, 0xff,
    0xc0, 0x4f, 0xff, 0xfa, 0x0, 0x0, 0x0, 0x0,
    0x2f, 0xff, 0xc4, 0xff, 0xff, 0xa0, 0x0, 0x0,
    0x0, 0x0, 0x2f, 0xff, 0xef, 0xff, 0xfa, 0x0,
    0x0, 0x0, 0x0, 0x0, 0x2f, 0xff, 0xff, 0xff,
    0xd0, 0x0, 0x0, 0x0, 0x0, 0x0, 0x2f, 0xff,
    0xff, 0xff, 0xf8, 0x0, 0x0, 0x0, 0x0, 0x0,
    0x2f, 0xff, 0xc7, 0xff, 0xff, 0x70, 0x0, 0x0,
    0x0, 0x0, 0x2f, 0xff, 0xc0, 0x8f, 0xff, 0xf7,
    0x0, 0x0, 0x0, 0x0, 0x2f, 0xff, 0xc0, 0x9,
    0xff, 0xff, 0x70, 0x0, 0x0, 0x0, 0x2f, 0xff,
    0xc0, 0x0, 0xaf, 0xff, 0xf6, 0x0, 0x0, 0x0,
    0x2f, 0xff, 0xc0, 0x0, 0xb, 0xff, 0xff, 0x60,
    0x0, 0x0, 0x2f, 0xff, 0xc0, 0x0, 0x0, 0xcf,
    0xff, 0xf6, 0x0, 0x0, 0x2f, 0xff, 0xc0, 0x0,
    0x0, 0x1d, 0xff, 0xff, 0x50, 0x0, 0x2f, 0xff,
    0xc0, 0x0, 0x0, 0x1, 0xdf, 0xff, 0xf5, 0x0,
    0x2f, 0xff, 0xc0, 0x0, 0x0, 0x0, 0x1e, 0xff,
    0xff, 0x50, 0x2f, 0xff, 0xc0, 0x0, 0x0, 0x0,
    0x2, 0xef, 0xff, 0xf4,

    /* U+004C "L" */
    0x2f, 0xff, 0xc0, 0x0, 0x0, 0x0, 0x0, 0x0,
    0x2f, 0xff, 0xc0, 0x0, 0x0, 0x0, 0x0, 0x0,
    0x2f, 0xff, 0xc0, 0x0, 0x0, 0x0, 0x0, 0x0,
    0x2f, 0xff, 0xc0, 0x0, 0x0, 0x0, 0x0, 0x0,
    0x2f, 0xff, 0xc0, 0x0, 0x0, 0x0, 0x0, 0x0,
    0x2f, 0xff, 0xc0, 0x0, 0x0, 0x0, 0x0, 0x0,
    0x2f, 0xff, 0xc0, 0x0, 0x0, 0x0, 0x0, 0x0,
    0x2f, 0xff, 0xc0, 0x0, 0x0, 0x0, 0x0, 0x0,
    0x2f, 0xff, 0xc0, 0x0, 0x0, 0x0, 0x0, 0x0,
    0x2f, 0xff, 0xc0, 0x0, 0x0, 0x0, 0x0, 0x0,
    0x2f, 0xff, 0xc0, 0x0, 0x0, 0x0, 0x0, 0x0,
    0x2f, 0xff, 0xc0, 0x0, 0x0, 0x0, 0x0, 0x0,
    0x2f, 0xff, 0xc0, 0x0, 0x0, 0x0, 0x0, 0x0,
    0x2f, 0xff, 0xc0, 0x0, 0x0, 0x0, 0x0, 0x0,
    0x2f, 0xff, 0xc0, 0x0, 0x0, 0x0, 0x0, 0x0,
    0x2f, 0xff, 0xc0, 0x0, 0x0, 0x0, 0x0, 0x0,
    0x2f, 0xff, 0xc0, 0x0, 0x0, 0x0, 0x0, 0x0,
    0x2f, 0xff, 0xc0, 0x0, 0x0, 0x0, 0x0, 0x0,
    0x2f, 0xff, 0xc2, 0x22, 0x22, 0x22, 0x22, 0x21,
    0x2f, 0xff, 0xff, 0xff, 0xff, 0xff, 0xff, 0xf6,
    0x2f, 0xff, 0xff, 0xff, 0xff, 0xff, 0xff, 0xf6,
    0x2f, 0xff, 0xff, 0xff, 0xff, 0xff, 0xff, 0xf6,

    /* U+004D "M" */
    0x2f, 0xff, 0xff, 0xf1, 0x0, 0x0, 0x0, 0x0,
    0x2, 0xff, 0xff, 0xff, 0x12, 0xff, 0xff, 0xff,
    0x60, 0x0, 0x0, 0x0, 0x0, 0x7f, 0xff, 0xff,
    0xf1, 0x2f, 0xff, 0xff, 0xfb, 0x0, 0x0, 0x0,
    0x0, 0xc, 0xff, 0xff, 0xff, 0x12, 0xff, 0xfe,
    0xff, 0xf0, 0x0, 0x0, 0x0, 0x1, 0xff, 0xfe,
    0xff, 0xf1, 0x2f, 0xff, 0x9f, 0xff, 0x50, 0x0,
    0x0, 0x0, 0x6f, 0xfd, 0xcf, 0xff, 0x12, 0xff,
    0xf8, 0xcf, 0xfa, 0x0, 0x0, 0x0, 0xb, 0xff,
    0x8c, 0xff, 0xf1, 0x2f, 0xff, 0x87, 0xff, 0xe0,
    0x0, 0x0, 0x1, 0xff, 0xf3, 0xcf, 0xff, 0x12,
    0xff, 0xf8, 0x2f, 0xff, 0x40, 0x0, 0x0, 0x5f,
    0xfe, 0xc, 0xff, 0xf1, 0x2f, 0xff, 0x80, 0xdf,
    0xf9, 0x0, 0x0, 0xa, 0xff, 0x90, 0xcf, 0xff,
    0x12, 0xff, 0xf8, 0x8, 0xff, 0xe0, 0x0, 0x0,
    0xff, 0xf4, 0xc, 0xff, 0xf1, 0x2f, 0xff, 0x80,
    0x3f, 0xff, 0x20, 0x0, 0x4f, 0xff, 0x0, 0xcf,
    0xff, 0x12, 0xff, 0xf8, 0x0, 0xef, 0xf7, 0x0,
    0x9, 0xff, 0xb0, 0xc, 0xff, 0xf1, 0x2f, 0xff,
    0x80, 0x9, 0xff, 0xc0, 0x0, 0xef, 0xf6, 0x0,
    0xcf, 0xff, 0x12, 0xff, 0xf8, 0x0, 0x5f, 0xff,
    0x10, 0x3f, 0xff, 0x10, 0xc, 0xff, 0xf1, 0x2f,
    0xff, 0x80, 0x0, 0xff, 0xf6, 0x8, 0xff, 0xc0,
    0x0, 0xcf, 0xff, 0x12, 0xff, 0xf8, 0x0, 0xb,
    0xff, 0xb0, 0xdf, 0xf7, 0x0, 0xc, 0xff, 0xf1,
    0x2f, 0xff, 0x80, 0x0, 0x6f, 0xff, 0x3f, 0xff,
    0x20, 0x0, 0xcf, 0xff, 0x12, 0xff, 0xf8, 0x0,
    0x1, 0xff, 0xfc, 0xff, 0xd0, 0x0, 0xc, 0xff,
    0xf1, 0x2f, 0xff, 0x80, 0x0, 0xc, 0xff, 0xff,
    0xf8, 0x0, 0x0, 0xcf, 0xff, 0x12, 0xff, 0xf8,
    0x0, 0x0, 0x7f, 0xff, 0xff, 0x30, 0x0, 0xc,
    0xff, 0xf1, 0x2f, 0xff, 0x80, 0x0, 0x2, 0xff,
    0xff, 0xe0, 0x0, 0x0, 0xcf, 0xff, 0x12, 0xff,
    0xf8, 0x0, 0x0, 0xd, 0xff, 0xf9, 0x0, 0x0,
    0xc, 0xff, 0xf1,

    /* U+004E "N" */
    0x2f, 0xff, 0xfe, 0x0, 0x0, 0x0, 0x0, 0xe,
    0xff, 0xe2, 0xff, 0xff, 0xf8, 0x0, 0x0, 0x0,
    0x0, 0xef, 0xfe, 0x2f, 0xff, 0xff, 0xf1, 0x0,
    0x0, 0x0, 0xe, 0xff, 0xe2, 0xff, 0xff, 0xff,
    0x90, 0x0, 0x0, 0x0, 0xef, 0xfe, 0x2f, 0xff,
    0xff, 0xff, 0x20, 0x0, 0x0, 0xe, 0xff, 0xe2,
    0xff, 0xfb, 0xff, 0xfb, 0x0, 0x0, 0x0, 0xef,
    0xfe, 0x2f, 0xff, 0xa7, 0xff, 0xf4, 0x0, 0x0,
    0xe, 0xff, 0xe2, 0xff, 0xfa, 0xe, 0xff, 0xd0,
    0x0, 0x0, 0xef, 0xfe, 0x2f, 0xff, 0xa0, 0x5f,
    0xff, 0x50, 0x0, 0xe, 0xff, 0xe2, 0xff, 0xfa,
    0x0, 0xdf, 0xfe, 0x0, 0x0, 0xef, 0xfe, 0x2f,
    0xff, 0xa0, 0x4, 0xff, 0xf7, 0x0, 0xe, 0xff,
    0xe2, 0xff, 0xfa, 0x0, 0xb, 0xff, 0xf1, 0x0,
    0xef, 0xfe, 0x2f, 0xff, 0xa0, 0x0, 0x2f, 0xff,
    0x90, 0xe, 0xff, 0xe2, 0xff, 0xfa, 0x0, 0x0,
    0x9f, 0xff, 0x20, 0xef, 0xfe, 0x2f, 0xff, 0xa0,
    0x0, 0x1, 0xff, 0xfa, 0xe, 0xff, 0xe2, 0xff,
    0xfa, 0x0, 0x0, 0x8, 0xff, 0xf3, 0xef, 0xfe,
    0x2f, 0xff, 0xa0, 0x0, 0x0, 0xe, 0xff, 0xce,
    0xff, 0xe2, 0xff, 0xfa, 0x0, 0x0, 0x0, 0x6f,
    0xff, 0xff, 0xfe, 0x2f, 0xff, 0xa0, 0x0, 0x0,
    0x0, 0xdf, 0xff, 0xff, 0xe2, 0xff, 0xfa, 0x0,
    0x0, 0x0, 0x5, 0xff, 0xff, 0xfe, 0x2f, 0xff,
    0xa0, 0x0, 0x0, 0x0, 0xc, 0xff, 0xff, 0xe2,
    0xff, 0xfa, 0x0, 0x0, 0x0, 0x0, 0x3f, 0xff,
    0xfe,

    /* U+004F "O" */
    0x0, 0x0, 0x0, 0x28, 0xce, 0xff, 0xeb, 0x71,
    0x0, 0x0, 0x0, 0x0, 0x0, 0x2b, 0xff, 0xff,
    0xff, 0xff, 0xff, 0x91, 0x0, 0x0, 0x0, 0x5,
    0xff, 0xff, 0xff, 0xff, 0xff, 0xff, 0xfe, 0x30,
    0x0, 0x0, 0x4f, 0xff, 0xff, 0xa6, 0x44, 0x7b,
    0xff, 0xff, 0xe2, 0x0, 0x1, 0xff, 0xff, 0xc2,
    0x0, 0x0, 0x0, 0x3e, 0xff, 0xfd, 0x0, 0xa,
    0xff, 0xfc, 0x0, 0x0, 0x0, 0x0, 0x2, 0xef,
    0xff, 0x70, 0x1f, 0xff, 0xf2, 0x0, 0x0, 0x0,
    0x0, 0x0, 0x5f, 0xff, 0xe0, 0x7f, 0xff, 0xa0,
    0x0, 0x0, 0x0, 0x0, 0x0, 0xd, 0xff, 0xf4,
    0xaf, 0xff, 0x50, 0x0, 0x0, 0x0, 0x0, 0x0,
    0x8, 0xff, 0xf7, 0xdf, 0xff, 0x20, 0x0, 0x0,
    0x0, 0x0, 0x0, 0x5, 0xff, 0xf9, 0xef, 0xff,
    0x10, 0x0, 0x0, 0x0, 0x0, 0x0, 0x4, 0xff,
    0xfb, 0xdf, 0xff, 0x10, 0x0, 0x0, 0x0, 0x0,
    0x0, 0x4, 0xff, 0xfa, 0xcf, 0xff, 0x30, 0x0,
    0x0, 0x0, 0x0, 0x0, 0x6, 0xff, 0xf9, 0xaf,
    0xff, 0x60, 0x0, 0x0, 0x0, 0x0, 0x0, 0x9,
    0xff, 0xf7, 0x6f, 0xff, 0xb0, 0x0, 0x0, 0x0,
    0x0, 0x0, 0xe, 0xff, 0xf3, 0x1f, 0xff, 0xf3,
    0x0, 0x0, 0x0, 0x0, 0x0, 0x6f, 0xff, 0xd0,
    0x9, 0xff, 0xfd, 0x10, 0x0, 0x0, 0x0, 0x3,
    0xff, 0xff, 0x60, 0x1, 0xef, 0xff, 0xd3, 0x0,
    0x0, 0x0, 0x4e, 0xff, 0xfc, 0x0, 0x0, 0x3f,
    0xff, 0xff, 0xb6, 0x44, 0x7c, 0xff, 0xff, 0xe1,
    0x0, 0x0, 0x4, 0xef, 0xff, 0xff, 0xff, 0xff,
    0xff, 0xfd, 0x20, 0x0, 0x0, 0x0, 0x1a, 0xff,
    0xff, 0xff, 0xff, 0xff, 0x90, 0x0, 0x0, 0x0,
    0x0, 0x0, 0x28, 0xce, 0xff, 0xeb, 0x71, 0x0,
    0x0, 0x0,

    /* U+0050 "P" */
    0x2f, 0xff, 0xff, 0xff, 0xff, 0xff, 0xd9, 0x30,
    0x0, 0x2, 0xff, 0xff, 0xff, 0xff, 0xff, 0xff,
    0xff, 0xa0, 0x0, 0x2f, 0xff, 0xff, 0xff, 0xff,
    0xff, 0xff, 0xff, 0xc0, 0x2, 0xff, 0xfc, 0x22,
    0x22, 0x22, 0x49, 0xff, 0xff, 0x70, 0x2f, 0xff,
    0xc0, 0x0, 0x0, 0x0, 0x6, 0xff, 0xfd, 0x2,
    0xff, 0xfc, 0x0, 0x0, 0x0, 0x0, 0xe, 0xff,
    0xf0, 0x2f, 0xff, 0xc0, 0x0, 0x0, 0x0, 0x0,
    0xcf, 0xff, 0x22, 0xff, 0xfc, 0x0, 0x0, 0x0,
    0x0, 0xe, 0xff, 0xf1, 0x2f, 0xff, 0xc0, 0x0,
    0x0, 0x0, 0x5, 0xff, 0xfd, 0x2, 0xff, 0xfc,
    0x0, 0x0, 0x0, 0x17, 0xff, 0xff, 0x70, 0x2f,
    0xff, 0xff, 0xff, 0xff, 0xff, 0xff, 0xff, 0xc0,
    0x2, 0xff, 0xff, 0xff, 0xff, 0xff, 0xff, 0xff,
    0xc1, 0x0, 0x2f, 0xff, 0xff, 0xff, 0xff, 0xff,
    0xfb, 0x50, 0x0, 0x2, 0xff, 0xfc, 0x22, 0x22,
    0x22, 0x10, 0x0, 0x0, 0x0, 0x2f, 0xff, 0xc0,
    0x0, 0x0, 0x0, 0x0, 0x0, 0x0, 0x2, 0xff,
    0xfc, 0x0, 0x0, 0x0, 0x0, 0x0, 0x0, 0x0,
    0x2f, 0xff, 0xc0, 0x0, 0x0, 0x0, 0x0, 0x0,
    0x0, 0x2, 0xff, 0xfc, 0x0, 0x0, 0x0, 0x0,
    0x0, 0x0, 0x0, 0x2f, 0xff, 0xc0, 0x0, 0x0,
    0x0, 0x0, 0x0, 0x0, 0x2, 0xff, 0xfc, 0x0,
    0x0, 0x0, 0x0, 0x0, 0x0, 0x0, 0x2f, 0xff,
    0xc0, 0x0, 0x0, 0x0, 0x0, 0x0, 0x0, 0x2,
    0xff, 0xfc, 0x0, 0x0, 0x0, 0x0, 0x0, 0x0,
    0x0,

    /* U+0051 "Q" */
    0x0, 0x0, 0x0, 0x28, 0xce, 0xff, 0xeb, 0x71,
    0x0, 0x0, 0x0, 0x0, 0x0, 0x2, 0xbf, 0xff,
    0xff, 0xff, 0xff, 0xf9, 0x10, 0x0, 0x0, 0x0,
    0x5, 0xff, 0xff, 0xff, 0xff, 0xff, 0xff, 0xfe,
    0x30, 0x0, 0x0, 0x4, 0xff, 0xff, 0xfa, 0x64,
    0x47, 0xbf, 0xff, 0xfe, 0x20, 0x0, 0x1, 0xff,
    0xff, 0xc2, 0x0, 0x0, 0x0, 0x3e, 0xff, 0xfd,
    0x0, 0x0, 0xaf, 0xff, 0xc0, 0x0, 0x0, 0x0,
    0x0, 0x2e, 0xff, 0xf7, 0x0, 0x1f, 0xff, 0xf2,
    0x0, 0x0, 0x0, 0x0, 0x0, 0x5f, 0xff, 0xe0,
    0x7, 0xff, 0xfa, 0x0, 0x0, 0x0, 0x0, 0x0,
    0x0, 0xdf, 0xff, 0x40, 0xaf, 0xff, 0x50, 0x0,
    0x0, 0x0, 0x0, 0x0, 0x8, 0xff, 0xf7, 0xd,
    0xff, 0xf2, 0x0, 0x0, 0x0, 0x0, 0x0, 0x0,
    0x5f, 0xff, 0x90, 0xef, 0xff, 0x10, 0x0, 0x0,
    0x0, 0x0, 0x0, 0x4, 0xff, 0xfb, 0xe, 0xff,
    0xf1, 0x0, 0x0, 0x0, 0x0, 0x0, 0x0, 0x4f,
    0xff, 0xa0, 0xcf, 0xff, 0x20, 0x0, 0x0, 0x0,
    0x0, 0x0, 0x5, 0xff, 0xf9, 0xa, 0xff, 0xf5,
    0x0, 0x0, 0x0, 0x0, 0x0, 0x0, 0x9f, 0xff,
    0x60, 0x6f, 0xff, 0xa0, 0x0, 0x0, 0x0, 0x0,
    0x0, 0xd, 0xff, 0xf2, 0x1, 0xff, 0xff, 0x20,
    0x0, 0x0, 0x0, 0x0, 0x5, 0xff, 0xfc, 0x0,
    0x9, 0xff, 0xfc, 0x0, 0x0, 0x0, 0x0, 0x1,
    0xef, 0xff, 0x30, 0x0, 0x1e, 0xff, 0xfb, 0x10,
    0x0, 0x0, 0x2, 0xdf, 0xff, 0x80, 0x0, 0x0,
    0x3f, 0xff, 0xfe, 0x84, 0x23, 0x49, 0xff, 0xff,
    0x91, 0x11, 0x10, 0x0, 0x4e, 0xff, 0xff, 0xff,
    0xff, 0xff, 0xff, 0xff, 0xff, 0xfb, 0x0, 0x0,
    0x1a, 0xff, 0xff, 0xff, 0xff, 0xff, 0xff, 0xff,
    0xff, 0xb0, 0x0, 0x0, 0x2, 0x8c, 0xef, 0xff,
    0xff, 0xff, 0xff, 0xff, 0xfb,

    /* U+0052 "R" */
    0x3f, 0xff, 0xff, 0xff, 0xff, 0xfe, 0xa5, 0x0,
    0x0, 0x3, 0xff, 0xff, 0xff, 0xff, 0xff, 0xff,
    0xfd, 0x30, 0x0, 0x3f, 0xff, 0xff, 0xff, 0xff,
    0xff, 0xff, 0xff, 0x20, 0x3, 0xff, 0xfb, 0x22,
    0x22, 0x23, 0x6d, 0xff, 0xfc, 0x0, 0x3f, 0xff,
    0xa0, 0x0, 0x0, 0x0, 0x1e, 0xff, 0xf2, 0x3,
    0xff, 0xfa, 0x0, 0x0, 0x0, 0x0, 0x7f, 0xff,
    0x50, 0x3f, 0xff, 0xa0, 0x0, 0x0, 0x0, 0x5,
    0xff, 0xf7, 0x3, 0xff, 0xfa, 0x0, 0x0, 0x0,
    0x0, 0x7f, 0xff, 0x60, 0x3f, 0xff, 0xa0, 0x0,
    0x0, 0x0, 0xd, 0xff, 0xf2, 0x3, 0xff, 0xfb,
    0x0, 0x0, 0x1, 0x5d, 0xff, 0xfc, 0x0, 0x3f,
    0xff, 0xff, 0xff, 0xff, 0xff, 0xff, 0xff, 0x20,
    0x3, 0xff, 0xff, 0xff, 0xff, 0xff, 0xff, 0xfd,
    0x30, 0x0, 0x3f, 0xff, 0xff, 0xff, 0xff, 0xfe,
    0xb5, 0x0, 0x0, 0x3, 0xff, 0xfa, 0x5f, 0xff,
    0xf5, 0x0, 0x0, 0x0, 0x0, 0x3f, 0xff, 0xa0,
    0x7f, 0xff, 0xf4, 0x0, 0x0, 0x0, 0x3, 0xff,
    0xfa, 0x0, 0x9f, 0xff, 0xf4, 0x0, 0x0, 0x0,
    0x3f, 0xff, 0xa0, 0x0, 0xaf, 0xff, 0xf3, 0x0,
    0x0, 0x3, 0xff, 0xfa, 0x0, 0x0, 0xcf, 0xff,
    0xf3, 0x0, 0x0, 0x3f, 0xff, 0xa0, 0x0, 0x1,
    0xdf, 0xff, 0xf3, 0x0, 0x3, 0xff, 0xfa, 0x0,
    0x0, 0x2, 0xef, 0xff, 0xe2, 0x0, 0x3f, 0xff,
    0xa0, 0x0, 0x0, 0x3, 0xff, 0xff, 0xe2, 0x3,
    0xff, 0xfa, 0x0, 0x0, 0x0, 0x5, 0xff, 0xff,
    0xe2,

    /* U+0053 "S" */
    0x0, 0x0, 0x3, 0x9c, 0xef, 0xfd, 0xa5, 0x0,
    0x0, 0x0, 0x0, 0xa, 0xff, 0xff, 0xff, 0xff,
    0xfd, 0x30, 0x0, 0x0, 0xc, 0xff, 0xff, 0xff,
    0xff, 0xff, 0xff, 0x40, 0x0, 0x7, 0xff, 0xfe,
    0x62, 0x12, 0x5d, 0xff, 0xfe, 0x0, 0x0, 0xdf,
    0xff, 0x10, 0x0, 0x0, 0xb, 0xff, 0xf6, 0x0,
    0xf, 0xff, 0xc0, 0x0, 0x0, 0x0, 0x2f, 0xff,
    0xb0, 0x0, 0xff, 0xfe, 0x0, 0x0, 0x0, 0x0,
    0x78, 0x87, 0x0, 0xd, 0xff, 0xf9, 0x0, 0x0,
    0x0, 0x0, 0x0, 0x0, 0x0, 0x7f, 0xff, 0xfe,
    0x94, 0x0, 0x0, 0x0, 0x0, 0x0, 0x0, 0xcf,
    0xff, 0xff, 0xff, 0xb6, 0x10, 0x0, 0x0, 0x0,
    0x0, 0x9f, 0xff, 0xff, 0xff, 0xff, 0xa2, 0x0,
    0x0, 0x0, 0x0, 0x29, 0xef, 0xff, 0xff, 0xff,
    0xf6, 0x0, 0x0, 0x0, 0x0, 0x0, 0x38, 0xdf,
    0xff, 0xff, 0xf5, 0x0, 0x0, 0x0, 0x0, 0x0,
    0x0, 0x27, 0xef, 0xff, 0xd0, 0x2, 0x22, 0x10,
    0x0, 0x0, 0x0, 0x2, 0xef, 0xff, 0x20, 0xff,
    0xfc, 0x0, 0x0, 0x0, 0x0, 0x9, 0xff, 0xf4,
    0xb, 0xff, 0xf3, 0x0, 0x0, 0x0, 0x0, 0x8f,
    0xff, 0x30, 0x5f, 0xff, 0xe2, 0x0, 0x0, 0x0,
    0xd, 0xff, 0xf0, 0x0, 0xcf, 0xff, 0xf9, 0x41,
    0x12, 0x6d, 0xff, 0xfa, 0x0, 0x1, 0xdf, 0xff,
    0xff, 0xff, 0xff, 0xff, 0xfe, 0x10, 0x0, 0x1,
    0xaf, 0xff, 0xff, 0xff, 0xff, 0xfc, 0x20, 0x0,
    0x0, 0x0, 0x28, 0xbe, 0xff, 0xfd, 0x94, 0x0,
    0x0,

    /* U+0054 "T" */
    0x2f, 0xff, 0xff, 0xff, 0xff, 0xff, 0xff, 0xff,
    0xff, 0xf1, 0x2f, 0xff, 0xff, 0xff, 0xff, 0xff,
    0xff, 0xff, 0xff, 0xf1, 0x2f, 0xff, 0xff, 0xff,
    0xff, 0xff, 0xff, 0xff, 0xff, 0xf1, 0x2, 0x22,
    0x22, 0x22, 0xff, 0xfe, 0x22, 0x22, 0x22, 0x20,
    0x0, 0x0, 0x0, 0x0, 0xff, 0xfe, 0x0, 0x0,
    0x0, 0x0, 0x0, 0x0, 0x0, 0x0, 0xff, 0xfe,
    0x0, 0x0, 0x0, 0x0, 0x0, 0x0, 0x0, 0x0,
    0xff, 0xfe, 0x0, 0x0, 0x0, 0x0, 0x0, 0x0,
    0x0, 0x0, 0xff, 0xfe, 0x0, 0x0, 0x0, 0x0,
    0x0, 0x0, 0x0, 0x0, 0xff, 0xfe, 0x0, 0x0,
    0x0, 0x0, 0x0, 0x0, 0x0, 0x0, 0xff, 0xfe,
    0x0, 0x0, 0x0, 0x0, 0x0, 0x0, 0x0, 0x0,
    0xff, 0xfe, 0x0, 0x0, 0x0, 0x0, 0x0, 0x0,
    0x0, 0x0, 0xff, 0xfe, 0x0, 0x0, 0x0, 0x0,
    0x0, 0x0, 0x0, 0x0, 0xff, 0xfe, 0x0, 0x0,
    0x0, 0x0, 0x0, 0x0, 0x0, 0x0, 0xff, 0xfe,
    0x0, 0x0, 0x0, 0x0, 0x0, 0x0, 0x0, 0x0,
    0xff, 0xfe, 0x0, 0x0, 0x0, 0x0, 0x0, 0x0,
    0x0, 0x0, 0xff, 0xfe, 0x0, 0x0, 0x0, 0x0,
    0x0, 0x0, 0x0, 0x0, 0xff, 0xfe, 0x0, 0x0,
    0x0, 0x0, 0x0, 0x0, 0x0, 0x0, 0xff, 0xfe,
    0x0, 0x0, 0x0, 0x0, 0x0, 0x0, 0x0, 0x0,
    0xff, 0xfe, 0x0, 0x0, 0x0, 0x0, 0x0, 0x0,
    0x0, 0x0, 0xff, 0xfe, 0x0, 0x0, 0x0, 0x0,
    0x0, 0x0, 0x0, 0x0, 0xff, 0xfe, 0x0, 0x0,
    0x0, 0x0, 0x0, 0x0, 0x0, 0x0, 0xff, 0xfe,
    0x0, 0x0, 0x0, 0x0,

    /* U+0055 "U" */
    0x5f, 0xff, 0x80, 0x0, 0x0, 0x0, 0x0, 0x7f,
    0xff, 0x75, 0xff, 0xf8, 0x0, 0x0, 0x0, 0x0,
    0x7, 0xff, 0xf7, 0x5f, 0xff, 0x80, 0x0, 0x0,
    0x0, 0x0, 0x7f, 0xff, 0x75, 0xff, 0xf8, 0x0,
    0x0, 0x0, 0x0, 0x7, 0xff, 0xf7, 0x5f, 0xff,
    0x80, 0x0, 0x0, 0x0, 0x0, 0x7f, 0xff, 0x75,
    0xff, 0xf8, 0x0, 0x0, 0x0, 0x0, 0x7, 0xff,
    0xf7, 0x5f, 0xff, 0x80, 0x0, 0x0, 0x0, 0x0,
    0x7f, 0xff, 0x75, 0xff, 0xf8, 0x0, 0x0, 0x0,
    0x0, 0x7, 0xff, 0xf7, 0x5f, 0xff, 0x80, 0x0,
    0x0, 0x0, 0x0, 0x7f, 0xff, 0x75, 0xff, 0xf8,
    0x0, 0x0, 0x0, 0x0, 0x7, 0xff, 0xf7, 0x5f,
    0xff, 0x80, 0x0, 0x0, 0x0, 0x0, 0x7f, 0xff,
    0x75, 0xff, 0xf8, 0x0, 0x0, 0x0, 0x0, 0x7,
    0xff, 0xf7, 0x5f, 0xff, 0x80, 0x0, 0x0, 0x0,
    0x0, 0x7f, 0xff, 0x74, 0xff, 0xf9, 0x0, 0x0,
    0x0, 0x0, 0x7, 0xff, 0xf6, 0x3f, 0xff, 0xa0,
    0x0, 0x0, 0x0, 0x0, 0x9f, 0xff, 0x50, 0xff,
    0xfe, 0x0, 0x0, 0x0, 0x0, 0xc, 0xff, 0xf2,
    0xc, 0xff, 0xf5, 0x0, 0x0, 0x0, 0x3, 0xff,
    0xfe, 0x0, 0x5f, 0xff, 0xe3, 0x0, 0x0, 0x2,
    0xdf, 0xff, 0x70, 0x0, 0xdf, 0xff, 0xfa, 0x54,
    0x59, 0xff, 0xff, 0xe0, 0x0, 0x2, 0xef, 0xff,
    0xff, 0xff, 0xff, 0xff, 0xf3, 0x0, 0x0, 0x2,
    0xcf, 0xff, 0xff, 0xff, 0xff, 0xd3, 0x0, 0x0,
    0x0, 0x0, 0x4a, 0xdf, 0xff, 0xda, 0x50, 0x0,
    0x0,

    /* U+0056 "V" */
    0xf, 0xff, 0xf1, 0x0, 0x0, 0x0, 0x0, 0x0,
    0xe, 0xff, 0xf0, 0x9, 0xff, 0xf6, 0x0, 0x0,
    0x0, 0x0, 0x0, 0x3f, 0xff, 0x90, 0x4, 0xff,
    0xfc, 0x0, 0x0, 0x0, 0x0, 0x0, 0x9f, 0xff,
    0x40, 0x0, 0xef, 0xff, 0x10, 0x0, 0x0, 0x0,
    0x0, 0xef, 0xfe, 0x0, 0x0, 0x8f, 0xff, 0x70,
    0x0, 0x0, 0x0, 0x4, 0xff, 0xf8, 0x0, 0x0,
    0x2f, 0xff, 0xc0, 0x0, 0x0, 0x0, 0x9, 0xff,
    0xf2, 0x0, 0x0, 0xc, 0xff, 0xf2, 0x0, 0x0,
    0x0, 0xe, 0xff, 0xd0, 0x0, 0x0, 0x7, 0xff,
    0xf7, 0x0, 0x0, 0x0, 0x4f, 0xff, 0x70, 0x0,
    0x0, 0x1, 0xff, 0xfc, 0x0, 0x0, 0x0, 0x9f,
    0xff, 0x10, 0x0, 0x0, 0x0, 0xbf, 0xff, 0x20,
    0x0, 0x0, 0xef, 0xfb, 0x0, 0x0, 0x0, 0x0,
    0x5f, 0xff, 0x70, 0x0, 0x4, 0xff, 0xf6, 0x0,
    0x0, 0x0, 0x0, 0xf, 0xff, 0xd0, 0x0, 0xa,
    0xff, 0xf0, 0x0, 0x0, 0x0, 0x0, 0xa, 0xff,
    0xf2, 0x0, 0xf, 0xff, 0xa0, 0x0, 0x0, 0x0,
    0x0, 0x4, 0xff, 0xf8, 0x0, 0x4f, 0xff, 0x40,
    0x0, 0x0, 0x0, 0x0, 0x0, 0xef, 0xfd, 0x0,
    0xaf, 0xfe, 0x0, 0x0, 0x0, 0x0, 0x0, 0x0,
    0x8f, 0xff, 0x20, 0xff, 0xf9, 0x0, 0x0, 0x0,
    0x0, 0x0, 0x0, 0x3f, 0xff, 0x85, 0xff, 0xf3,
    0x0, 0x0, 0x0, 0x0, 0x0, 0x0, 0xd, 0xff,
    0xda, 0xff, 0xd0, 0x0, 0x0, 0x0, 0x0, 0x0,
    0x0, 0x7, 0xff, 0xff, 0xff, 0x70, 0x0, 0x0,
    0x0, 0x0, 0x0, 0x0, 0x1, 0xff, 0xff, 0xff,
    0x20, 0x0, 0x0, 0x0, 0x0, 0x0, 0x0, 0x0,
    0xbf, 0xff, 0xfc, 0x0, 0x0, 0x0, 0x0, 0x0,
    0x0, 0x0, 0x0, 0x6f, 0xff, 0xf6, 0x0, 0x0,
    0x0, 0x0,

    /* U+0057 "W" */
    0xbf, 0xff, 0x40, 0x0, 0x0, 0x0, 0xf, 0xff,
    0xfc, 0x0, 0x0, 0x0, 0x0, 0x7f, 0xff, 0x46,
    0xff, 0xf8, 0x0, 0x0, 0x0, 0x3, 0xff, 0xff,
    0xf0, 0x0, 0x0, 0x0, 0xb, 0xff, 0xf0, 0x2f,
    0xff, 0xc0, 0x0, 0x0, 0x0, 0x7f, 0xff, 0xff,
    0x40, 0x0, 0x0, 0x0, 0xff, 0xfb, 0x0, 0xdf,
    0xff, 0x0, 0x0, 0x0, 0xb, 0xff, 0xff, 0xf7,
    0x0, 0x0, 0x0, 0x4f, 0xff, 0x70, 0x9, 0xff,
    0xf4, 0x0, 0x0, 0x0, 0xef, 0xfc, 0xff, 0xb0,
    0x0, 0x0, 0x8, 0xff, 0xf2, 0x0, 0x4f, 0xff,
    0x90, 0x0, 0x0, 0x2f, 0xff, 0x5f, 0xff, 0x0,
    0x0, 0x0, 0xcf, 0xfe, 0x0, 0x0, 0xff, 0xfd,
    0x0, 0x0, 0x6, 0xff, 0xb1, 0xff, 0xf3, 0x0,
    0x0, 0xf, 0xff, 0x90, 0x0, 0xb, 0xff, 0xf1,
    0x0, 0x0, 0xaf, 0xf7, 0xd, 0xff, 0x70, 0x0,
    0x4, 0xff, 0xf5, 0x0, 0x0, 0x6f, 0xff, 0x50,
    0x0, 0xe, 0xff, 0x30, 0x9f, 0xfb, 0x0, 0x0,
    0x9f, 0xff, 0x0, 0x0, 0x2, 0xff, 0xf9, 0x0,
    0x2, 0xff, 0xf0, 0x5, 0xff, 0xe0, 0x0, 0xd,
    0xff, 0xc0, 0x0, 0x0, 0xd, 0xff, 0xd0, 0x0,
    0x6f, 0xfb, 0x0, 0x1f, 0xff, 0x20, 0x1, 0xff,
    0xf7, 0x0, 0x0, 0x0, 0x9f, 0xff, 0x20, 0xa,
    0xff, 0x70, 0x0, 0xdf, 0xf6, 0x0, 0x5f, 0xff,
    0x30, 0x0, 0x0, 0x4, 0xff, 0xf6, 0x0, 0xef,
    0xf3, 0x0, 0x9, 0xff, 0xa0, 0x9, 0xff, 0xe0,
    0x0, 0x0, 0x0, 0xf, 0xff, 0xa0, 0x1f, 0xff,
    0x0, 0x0, 0x5f, 0xfe, 0x0, 0xef, 0xfa, 0x0,
    0x0, 0x0, 0x0, 0xbf, 0xfe, 0x5, 0xff, 0xb0,
    0x0, 0x1, 0xff, 0xf1, 0x2f, 0xff, 0x50, 0x0,
    0x0, 0x0, 0x7, 0xff, 0xf2, 0x9f, 0xf7, 0x0,
    0x0, 0xd, 0xff, 0x56, 0xff, 0xf1, 0x0, 0x0,
    0x0, 0x0, 0x2f, 0xff, 0x7d, 0xff, 0x30, 0x0,
    0x0, 0x9f, 0xf9, 0xaf, 0xfc, 0x0, 0x0, 0x0,
    0x0, 0x0, 0xef, 0xfc, 0xff, 0xf0, 0x0, 0x0,
    0x5, 0xff, 0xde, 0xff, 0x80, 0x0, 0x0, 0x0,
    0x0, 0x9, 0xff, 0xff, 0xfb, 0x0, 0x0, 0x0,
    0x1f, 0xff, 0xff, 0xf3, 0x0, 0x0, 0x0, 0x0,
    0x0, 0x5f, 0xff, 0xff, 0x70, 0x0, 0x0, 0x0,
    0xdf, 0xff, 0xfe, 0x0, 0x0, 0x0, 0x0, 0x0,
    0x1, 0xff, 0xff, 0xf3, 0x0, 0x0, 0x0, 0x9,
    0xff, 0xff, 0xa0, 0x0, 0x0, 0x0, 0x0, 0x0,
    0xc, 0xff, 0xfe, 0x0, 0x0, 0x0, 0x0, 0x5f,
    0xff, 0xf6, 0x0, 0x0, 0x0,

    /* U+0058 "X" */
    0x5, 0xff, 0xff, 0x30, 0x0, 0x0, 0x0, 0x1,
    0xff, 0xff, 0x10, 0xa, 0xff, 0xfd, 0x0, 0x0,
    0x0, 0x0, 0xbf, 0xff, 0x50, 0x0, 0x1e, 0xff,
    0xf7, 0x0, 0x0, 0x0, 0x6f, 0xff, 0xa0, 0x0,
    0x0, 0x5f, 0xff, 0xf2, 0x0, 0x0, 0x1f, 0xff,
    0xe0, 0x0, 0x0, 0x0, 0xaf, 0xff, 0xb0, 0x0,
    0xb, 0xff, 0xf3, 0x0, 0x0, 0x0, 0x1, 0xef,
    0xff, 0x60, 0x6, 0xff, 0xf8, 0x0, 0x0, 0x0,
    0x0, 0x4, 0xff, 0xff, 0x11, 0xff, 0xfc, 0x0,
    0x0, 0x0, 0x0, 0x0, 0xa, 0xff, 0xfa, 0xbf,
    0xff, 0x20, 0x0, 0x0, 0x0, 0x0, 0x0, 0x1e,
    0xff, 0xff, 0xff, 0x60, 0x0, 0x0, 0x0, 0x0,
    0x0, 0x0, 0x4f, 0xff, 0xff, 0xb0, 0x0, 0x0,
    0x0, 0x0, 0x0, 0x0, 0x0, 0xaf, 0xff, 0xf1,
    0x0, 0x0, 0x0, 0x0, 0x0, 0x0, 0x0, 0xc,
    0xff, 0xff, 0x50, 0x0, 0x0, 0x0, 0x0, 0x0,
    0x0, 0x8, 0xff, 0xff, 0xfe, 0x10, 0x0, 0x0,
    0x0, 0x0, 0x0, 0x3, 0xff, 0xfe, 0xff, 0xfa,
    0x0, 0x0, 0x0, 0x0, 0x0, 0x0, 0xef, 0xfd,
    0x1e, 0xff, 0xf5, 0x0, 0x0, 0x0, 0x0, 0x0,
    0xaf, 0xff, 0x30, 0x5f, 0xff, 0xe1, 0x0, 0x0,
    0x0, 0x0, 0x5f, 0xff, 0x90, 0x0, 0xbf, 0xff,
    0xb0, 0x0, 0x0, 0x0, 0x1f, 0xff, 0xd0, 0x0,
    0x1, 0xff, 0xff, 0x50, 0x0, 0x0, 0xb, 0xff,
    0xf3, 0x0, 0x0, 0x6, 0xff, 0xff, 0x10, 0x0,
    0x7, 0xff, 0xf9, 0x0, 0x0, 0x0, 0xc, 0xff,
    0xfb, 0x0, 0x3, 0xff, 0xfd, 0x0, 0x0, 0x0,
    0x0, 0x2f, 0xff, 0xf6, 0x0, 0xdf, 0xff, 0x40,
    0x0, 0x0, 0x0, 0x0, 0x7f, 0xff, 0xf2,

    /* U+0059 "Y" */
    0x3f, 0xff, 0xf7, 0x0, 0x0, 0x0, 0x0, 0x1,
    0xff, 0xff, 0x30, 0x9f, 0xff, 0xf1, 0x0, 0x0,
    0x0, 0x0, 0xaf, 0xff, 0x90, 0x1, 0xef, 0xff,
    0x90, 0x0, 0x0, 0x0, 0x3f, 0xff, 0xe1, 0x0,
    0x5, 0xff, 0xff, 0x30, 0x0, 0x0, 0xc, 0xff,
    0xf5, 0x0, 0x0, 0xb, 0xff, 0xfc, 0x0, 0x0,
    0x6, 0xff, 0xfb, 0x0, 0x0, 0x0, 0x1f, 0xff,
    0xf6, 0x0, 0x0, 0xef, 0xff, 0x10, 0x0, 0x0,
    0x0, 0x6f, 0xff, 0xe0, 0x0, 0x8f, 0xff, 0x60,
    0x0, 0x0, 0x0, 0x0, 0xcf, 0xff, 0x80, 0x2f,
    0xff, 0xc0, 0x0, 0x0, 0x0, 0x0, 0x2, 0xff,
    0xff, 0x2b, 0xff, 0xf2, 0x0, 0x0, 0x0, 0x0,
    0x0, 0x8, 0xff, 0xfd, 0xff, 0xf8, 0x0, 0x0,
    0x0, 0x0, 0x0, 0x0, 0xd, 0xff, 0xff, 0xfd,
    0x0, 0x0, 0x0, 0x0, 0x0, 0x0, 0x0, 0x4f,
    0xff, 0xff, 0x40, 0x0, 0x0, 0x0, 0x0, 0x0,
    0x0, 0x0, 0xaf, 0xff, 0xa0, 0x0, 0x0, 0x0,
    0x0, 0x0, 0x0, 0x0, 0x7, 0xff, 0xf7, 0x0,
    0x0, 0x0, 0x0, 0x0, 0x0, 0x0, 0x0, 0x7f,
    0xff, 0x70, 0x0, 0x0, 0x0, 0x0, 0x0, 0x0,
    0x0, 0x7, 0xff, 0xf7, 0x0, 0x0, 0x0, 0x0,
    0x0, 0x0, 0x0, 0x0, 0x7f, 0xff, 0x70, 0x0,
    0x0, 0x0, 0x0, 0x0, 0x0, 0x0, 0x7, 0xff,
    0xf7, 0x0, 0x0, 0x0, 0x0, 0x0, 0x0, 0x0,
    0x0, 0x7f, 0xff, 0x70, 0x0, 0x0, 0x0, 0x0,
    0x0, 0x0, 0x0, 0x7, 0xff, 0xf7, 0x0, 0x0,
    0x0, 0x0, 0x0, 0x0, 0x0, 0x0, 0x7f, 0xff,
    0x70, 0x0, 0x0, 0x0, 0x0, 0x0, 0x0, 0x0,
    0x7, 0xff, 0xf7, 0x0, 0x0, 0x0, 0x0,

    /* U+005A "Z" */
    0x3f, 0xff, 0xff, 0xff, 0xff, 0xff, 0xff, 0xff,
    0x73, 0xff, 0xff, 0xff, 0xff, 0xff, 0xff, 0xff,
    0xf7, 0x3f, 0xff, 0xff, 0xff, 0xff, 0xff, 0xff,
    0xff, 0x70, 0x22, 0x22, 0x22, 0x22, 0x22, 0xdf,
    0xff, 0xe1, 0x0, 0x0, 0x0, 0x0, 0x0, 0x6f,
    0xff, 0xf4, 0x0, 0x0, 0x0, 0x0, 0x0, 0x2f,
    0xff, 0xf9, 0x0, 0x0, 0x0, 0x0, 0x0, 0xc,
    0xff, 0xfd, 0x0, 0x0, 0x0, 0x0, 0x0, 0x8,
    0xff, 0xff, 0x30, 0x0, 0x0, 0x0, 0x0, 0x3,
    0xff, 0xff, 0x80, 0x0, 0x0, 0x0, 0x0, 0x0,
    0xdf, 0xff, 0xd0, 0x0, 0x0, 0x0, 0x0, 0x0,
    0x9f, 0xff, 0xf3, 0x0, 0x0, 0x0, 0x0, 0x0,
    0x4f, 0xff, 0xf7, 0x0, 0x0, 0x0, 0x0, 0x0,
    0x1e, 0xff, 0xfc, 0x0, 0x0, 0x0, 0x0, 0x0,
    0xa, 0xff, 0xff, 0x20, 0x0, 0x0, 0x0, 0x0,
    0x5, 0xff, 0xff, 0x60, 0x0, 0x0, 0x0, 0x0,
    0x1, 0xef, 0xff, 0xb0, 0x0, 0x0, 0x0, 0x0,
    0x0, 0xbf, 0xff, 0xe1, 0x0, 0x0, 0x0, 0x0,
    0x0, 0x6f, 0xff, 0xf5, 0x0, 0x0, 0x0, 0x0,
    0x0, 0x2f, 0xff, 0xfc, 0x22, 0x22, 0x22, 0x22,
    0x22, 0x19, 0xff, 0xff, 0xff, 0xff, 0xff, 0xff,
    0xff, 0xfa, 0x9f, 0xff, 0xff, 0xff, 0xff, 0xff,
    0xff, 0xff, 0xa9, 0xff, 0xff, 0xff, 0xff, 0xff,
    0xff, 0xff, 0xfa,

    /* U+005B "[" */
    0x1, 0x11, 0x11, 0x11, 0x10, 0x8f, 0xff, 0xff,
    0xff, 0xf9, 0x8f, 0xff, 0xff, 0xff, 0xf9, 0x8f,
    0xff, 0xff, 0xff, 0xf9, 0x8f, 0xff, 0x10, 0x0,
    0x0, 0x8f, 0xff, 0x10, 0x0, 0x0, 0x8f, 0xff,
    0x10, 0x0, 0x0, 0x8f, 0xff, 0x10, 0x0, 0x0,
    0x8f, 0xff, 0x10, 0x0, 0x0, 0x8f, 0xff, 0x10,
    0x0, 0x0, 0x8f, 0xff, 0x10, 0x0, 0x0, 0x8f,
    0xff, 0x10, 0x0, 0x0, 0x8f, 0xff, 0x10, 0x0,
    0x0, 0x8f, 0xff, 0x10, 0x0, 0x0, 0x8f, 0xff,
    0x10, 0x0, 0x0, 0x8f, 0xff, 0x10, 0x0, 0x0,
    0x8f, 0xff, 0x10, 0x0, 0x0, 0x8f, 0xff, 0x10,
    0x0, 0x0, 0x8f, 0xff, 0x10, 0x0, 0x0, 0x8f,
    0xff, 0x10, 0x0, 0x0, 0x8f, 0xff, 0x10, 0x0,
    0x0, 0x8f, 0xff, 0x10, 0x0, 0x0, 0x8f, 0xff,
    0x10, 0x0, 0x0, 0x8f, 0xff, 0x21, 0x11, 0x10,
    0x8f, 0xff, 0xff, 0xff, 0xf9, 0x8f, 0xff, 0xff,
    0xff, 0xf9, 0x8f, 0xff, 0xff, 0xff, 0xf9,

    /* U+005C "\\" */
    0x68, 0x83, 0x0, 0x0, 0x0, 0x0, 0x9f, 0xfb,
    0x0, 0x0, 0x0, 0x0, 0x4f, 0xff, 0x0, 0x0,
    0x0, 0x0, 0xf, 0xff, 0x50, 0x0, 0x0, 0x0,
    0xa, 0xff, 0xa0, 0x0, 0x0, 0x0, 0x5, 0xff,
    0xe0, 0x0, 0x0, 0x0, 0x1, 0xff, 0xf3, 0x0,
    0x0, 0x0, 0x0, 0xbf, 0xf8, 0x0, 0x0, 0x0,
    0x0, 0x6f, 0xfd, 0x0, 0x0, 0x0, 0x0, 0x2f,
    0xff, 0x20, 0x0, 0x0, 0x0, 0xd, 0xff, 0x70,
    0x0, 0x0, 0x0, 0x8, 0xff, 0xc0, 0x0, 0x0,
    0x0, 0x3, 0xff, 0xf1, 0x0, 0x0, 0x0, 0x0,
    0xef, 0xf6, 0x0, 0x0, 0x0, 0x0, 0x9f, 0xfb,
    0x0, 0x0, 0x0, 0x0, 0x4f, 0xff, 0x0, 0x0,
    0x0, 0x0, 0xf, 0xff, 0x50, 0x0, 0x0, 0x0,
    0xa, 0xff, 0xa0, 0x0, 0x0, 0x0, 0x5, 0xff,
    0xe0, 0x0, 0x0, 0x0, 0x1, 0xff, 0xf3, 0x0,
    0x0, 0x0, 0x0, 0xcf, 0xf8, 0x0, 0x0, 0x0,
    0x0, 0x7f, 0xfd, 0x0, 0x0, 0x0, 0x0, 0x2f,
    0xff, 0x20, 0x0, 0x0, 0x0, 0xd, 0xff, 0x70,
    0x0, 0x0, 0x0, 0x8, 0xff, 0xc0, 0x0, 0x0,
    0x0, 0x3, 0xff, 0xf1,

    /* U+005D "]" */
    0x1, 0x11, 0x11, 0x11, 0x10, 0x6f, 0xff, 0xff,
    0xff, 0xfb, 0x6f, 0xff, 0xff, 0xff, 0xfb, 0x6f,
    0xff, 0xff, 0xff, 0xfb, 0x0, 0x0, 0x0, 0xef,
    0xfb, 0x0, 0x0, 0x0, 0xef, 0xfb, 0x0, 0x0,
    0x0, 0xef, 0xfb, 0x0, 0x0, 0x0, 0xef, 0xfb,
    0x0, 0x0, 0x0, 0xef, 0xfb, 0x0, 0x0, 0x0,
    0xef, 0xfb, 0x0, 0x0, 0x0, 0xef, 0xfb, 0x0,
    0x0, 0x0, 0xef, 0xfb, 0x0, 0x0, 0x0, 0xef,
    0xfb, 0x0, 0x0, 0x0, 0xef, 0xfb, 0x0, 0x0,
    0x0, 0xef, 0xfb, 0x0, 0x0, 0x0, 0xef, 0xfb,
    0x0, 0x0, 0x0, 0xef, 0xfb, 0x0, 0x0, 0x0,
    0xef, 0xfb, 0x0, 0x0, 0x0, 0xef, 0xfb, 0x0,
    0x0, 0x0, 0xef, 0xfb, 0x0, 0x0, 0x0, 0xef,
    0xfb, 0x0, 0x0, 0x0, 0xef, 0xfb, 0x0, 0x0,
    0x0, 0xef, 0xfb, 0x1, 0x11, 0x11, 0xef, 0xfb,
    0x6f, 0xff, 0xff, 0xff, 0xfb, 0x6f, 0xff, 0xff,
    0xff, 0xfb, 0x6f, 0xff, 0xff, 0xff, 0xfb,

    /* U+005E "^" */
    0x0, 0x0, 0x4, 0x88, 0x70, 0x0, 0x0, 0x0,
    0x0, 0x1f, 0xff, 0xf6, 0x0, 0x0, 0x0, 0x0,
    0xaf, 0xff, 0xfe, 0x10, 0x0, 0x0, 0x4, 0xff,
    0xd9, 0xff, 0x90, 0x0, 0x0, 0xd, 0xff, 0x30,
    0xdf, 0xf3, 0x0, 0x0, 0x7f, 0xf8, 0x0, 0x3f,
    0xfd, 0x0, 0x2, 0xff, 0xd0, 0x0, 0x8, 0xff,
    0x70, 0xb, 0xff, 0x30, 0x0, 0x0, 0xdf, 0xf1,

    /* U+005F "_" */
    0xff, 0xff, 0xff, 0xff, 0xff, 0xff, 0xff, 0xff,
    0xff, 0xff, 0xff, 0xff, 0xff, 0xff, 0xff, 0xff,
    0xff, 0xff, 0xff, 0xff, 0xff,

    /* U+0060 "`" */
    0xa, 0xdd, 0xdd, 0x30, 0x0, 0x1, 0xcf, 0xff,
    0xd0, 0x0, 0x0, 0xc, 0xff, 0xf7, 0x0, 0x0,
    0x0, 0xcf, 0xff, 0x20, 0x0, 0x0, 0xc, 0xff,
    0xc0,

    /* U+0061 "a" */
    0x0, 0x2, 0x9d, 0xff, 0xfd, 0x82, 0x0, 0x0,
    0x7, 0xff, 0xff, 0xff, 0xff, 0xf5, 0x0, 0x7,
    0xff, 0xff, 0xff, 0xff, 0xff, 0xf2, 0x0, 0xff,
    0xfe, 0x40, 0x1, 0xaf, 0xff, 0x90, 0x3d, 0xdd,
    0x50, 0x0, 0x0, 0xff, 0xfc, 0x0, 0x0, 0x0,
    0x0, 0x0, 0xe, 0xff, 0xe0, 0x0, 0x0, 0x2,
    0x58, 0xac, 0xff, 0xfe, 0x0, 0x2, 0x9f, 0xff,
    0xff, 0xff, 0xff, 0xe0, 0x6, 0xff, 0xff, 0xfe,
    0xc9, 0xff, 0xfe, 0x3, 0xff, 0xfd, 0x51, 0x0,
    0xe, 0xff, 0xe0, 0xaf, 0xff, 0x20, 0x0, 0x0,
    0xff, 0xfe, 0xc, 0xff, 0xf0, 0x0, 0x0, 0x4f,
    0xff, 0xe0, 0xbf, 0xff, 0x90, 0x1, 0x7f, 0xff,
    0xfe, 0x6, 0xff, 0xff, 0xff, 0xff, 0xfd, 0xff,
    0xf0, 0xb, 0xff, 0xff, 0xff, 0xf5, 0xaf, 0xff,
    0x0, 0x6, 0xcf, 0xfe, 0xa2, 0x8, 0xff, 0xf3,

    /* U+0062 "b" */
    0xff, 0xfc, 0x0, 0x0, 0x0, 0x0, 0x0, 0x0,
    0xff, 0xfc, 0x0, 0x0, 0x0, 0x0, 0x0, 0x0,
    0xff, 0xfc, 0x0, 0x0, 0x0, 0x0, 0x0, 0x0,
    0xff, 0xfc, 0x0, 0x0, 0x0, 0x0, 0x0, 0x0,
    0xff, 0xfc, 0x0, 0x0, 0x0, 0x0, 0x0, 0x0,
    0xff, 0xfc, 0x0, 0x0, 0x0, 0x0, 0x0, 0x0,
    0xff, 0xfc, 0x1, 0x9d, 0xff, 0xd8, 0x10, 0x0,
    0xff, 0xfc, 0x4f, 0xff, 0xff, 0xff, 0xe4, 0x0,
    0xff, 0xfd, 0xef, 0xff, 0xff, 0xff, 0xff, 0x20,
    0xff, 0xff, 0xfd, 0x53, 0x38, 0xff, 0xff, 0xc0,
    0xff, 0xff, 0xc0, 0x0, 0x0, 0x4f, 0xff, 0xf2,
    0xff, 0xff, 0x30, 0x0, 0x0, 0xa, 0xff, 0xf7,
    0xff, 0xfe, 0x0, 0x0, 0x0, 0x6, 0xff, 0xfa,
    0xff, 0xfc, 0x0, 0x0, 0x0, 0x4, 0xff, 0xfb,
    0xff, 0xfc, 0x0, 0x0, 0x0, 0x4, 0xff, 0xfb,
    0xff, 0xfe, 0x0, 0x0, 0x0, 0x6, 0xff, 0xf9,
    0xff, 0xff, 0x30, 0x0, 0x0, 0xb, 0xff, 0xf7,
    0xff, 0xff, 0xc0, 0x0, 0x0, 0x5f, 0xff, 0xf2,
    0xff, 0xff, 0xfd, 0x63, 0x49, 0xff, 0xff, 0xa0,
    0xff, 0xfc, 0xff, 0xff, 0xff, 0xff, 0xfe, 0x10,
    0xff, 0xfb, 0x5f, 0xff, 0xff, 0xff, 0xe3, 0x0,
    0xff, 0xfb, 0x2, 0xae, 0xff, 0xc7, 0x0, 0x0,

    /* U+0063 "c" */
    0x0, 0x0, 0x6, 0xbe, 0xff, 0xc8, 0x10, 0x0,
    0x0, 0x3, 0xef, 0xff, 0xff, 0xff, 0xf6, 0x0,
    0x0, 0x3f, 0xff, 0xff, 0xff, 0xff, 0xff, 0x60,
    0x1, 0xef, 0xff, 0xc4, 0x23, 0x8f, 0xff, 0xf1,
    0x7, 0xff, 0xfc, 0x0, 0x0, 0x6, 0xff, 0xf8,
    0xd, 0xff, 0xf3, 0x0, 0x0, 0x0, 0xab, 0xb8,
    0x1f, 0xff, 0xe0, 0x0, 0x0, 0x0, 0x0, 0x0,
    0x2f, 0xff, 0xc0, 0x0, 0x0, 0x0, 0x0, 0x0,
    0x2f, 0xff, 0xc0, 0x0, 0x0, 0x0, 0x0, 0x0,
    0xf, 0xff, 0xe0, 0x0, 0x0, 0x0, 0x0, 0x0,
    0xd, 0xff, 0xf3, 0x0, 0x0, 0x0, 0xab, 0xb8,
    0x7, 0xff, 0xfc, 0x0, 0x0, 0x6, 0xff, 0xf8,
    0x0, 0xef, 0xff, 0xc5, 0x23, 0x8f, 0xff, 0xf1,
    0x0, 0x3f, 0xff, 0xff, 0xff, 0xff, 0xff, 0x50,
    0x0, 0x3, 0xef, 0xff, 0xff, 0xff, 0xf5, 0x0,
    0x0, 0x0, 0x6, 0xbe, 0xff, 0xc7, 0x10, 0x0,

    /* U+0064 "d" */
    0x0, 0x0, 0x0, 0x0, 0x0, 0x0, 0x3f, 0xff,
    0xa0, 0x0, 0x0, 0x0, 0x0, 0x0, 0x3, 0xff,
    0xfa, 0x0, 0x0, 0x0, 0x0, 0x0, 0x0, 0x3f,
    0xff, 0xa0, 0x0, 0x0, 0x0, 0x0, 0x0, 0x3,
    0xff, 0xfa, 0x0, 0x0, 0x0, 0x0, 0x0, 0x0,
    0x3f, 0xff, 0xa0, 0x0, 0x0, 0x0, 0x0, 0x0,
    0x3, 0xff, 0xfa, 0x0, 0x0, 0x29, 0xdf, 0xfd,
    0x70, 0x3f, 0xff, 0xa0, 0x0, 0x7f, 0xff, 0xff,
    0xff, 0xd4, 0xff, 0xfa, 0x0, 0x6f, 0xff, 0xff,
    0xff, 0xff, 0xdf, 0xff, 0xa0, 0x1f, 0xff, 0xfe,
    0x63, 0x38, 0xff, 0xff, 0xfa, 0x8, 0xff, 0xfd,
    0x10, 0x0, 0x3, 0xff, 0xff, 0xa0, 0xcf, 0xff,
    0x40, 0x0, 0x0, 0x9, 0xff, 0xfa, 0xf, 0xff,
    0xf0, 0x0, 0x0, 0x0, 0x3f, 0xff, 0xa1, 0xff,
    0xfd, 0x0, 0x0, 0x0, 0x1, 0xff, 0xfa, 0x1f,
    0xff, 0xd0, 0x0, 0x0, 0x0, 0x1f, 0xff, 0xa0,
    0xff, 0xff, 0x0, 0x0, 0x0, 0x3, 0xff, 0xfa,
    0xd, 0xff, 0xf4, 0x0, 0x0, 0x0, 0x9f, 0xff,
    0xa0, 0x8f, 0xff, 0xd1, 0x0, 0x0, 0x3f, 0xff,
    0xfa, 0x2, 0xff, 0xff, 0xd6, 0x33, 0x8f, 0xff,
    0xff, 0xa0, 0x7, 0xff, 0xff, 0xff, 0xff, 0xfc,
    0xff, 0xfa, 0x0, 0x8, 0xff, 0xff, 0xff, 0xfd,
    0x2f, 0xff, 0xa0, 0x0, 0x3, 0xae, 0xff, 0xc7,
    0x1, 0xff, 0xfa,

    /* U+0065 "e" */
    0x0, 0x0, 0x6, 0xbe, 0xff, 0xd9, 0x30, 0x0,
    0x0, 0x0, 0x3d, 0xff, 0xff, 0xff, 0xff, 0x90,
    0x0, 0x0, 0x4f, 0xff, 0xff, 0xff, 0xff, 0xff,
    0xa0, 0x0, 0x1e, 0xff, 0xf9, 0x10, 0x4, 0xdf,
    0xff, 0x50, 0x8, 0xff, 0xf8, 0x0, 0x0, 0x1,
    0xff, 0xfc, 0x0, 0xdf, 0xff, 0x0, 0x0, 0x0,
    0xa, 0xff, 0xf1, 0x1f, 0xff, 0xfb, 0xbb, 0xbb,
    0xbb, 0xef, 0xff, 0x42, 0xff, 0xff, 0xff, 0xff,
    0xff, 0xff, 0xff, 0xf4, 0x2f, 0xff, 0xff, 0xff,
    0xff, 0xff, 0xff, 0xff, 0x40, 0xff, 0xfb, 0x0,
    0x0, 0x0, 0x0, 0x0, 0x0, 0xd, 0xff, 0xf0,
    0x0, 0x0, 0x0, 0x0, 0x0, 0x0, 0x7f, 0xff,
    0x80, 0x0, 0x0, 0xb, 0xdd, 0x90, 0x0, 0xef,
    0xff, 0x91, 0x0, 0x3b, 0xff, 0xf5, 0x0, 0x3,
    0xff, 0xff, 0xff, 0xff, 0xff, 0xfa, 0x0, 0x0,
    0x3, 0xdf, 0xff, 0xff, 0xff, 0xf9, 0x0, 0x0,
    0x0, 0x0, 0x6b, 0xef, 0xfd, 0x93, 0x0, 0x0,

    /* U+0066 "f" */
    0x0, 0x0, 0x4, 0xbe, 0xff, 0x80, 0x0, 0x8,
    0xff, 0xff, 0xfa, 0x0, 0x3, 0xff, 0xff, 0xff,
    0xa0, 0x0, 0x9f, 0xff, 0xb3, 0x11, 0x0, 0xc,
    0xff, 0xf1, 0x0, 0x0, 0x0, 0xcf, 0xff, 0x0,
    0x0, 0x8f, 0xff, 0xff, 0xff, 0xff, 0x58, 0xff,
    0xff, 0xff, 0xff, 0xf5, 0x8f, 0xff, 0xff, 0xff,
    0xff, 0x50, 0x0, 0xcf, 0xff, 0x0, 0x0, 0x0,
    0xc, 0xff, 0xf0, 0x0, 0x0, 0x0, 0xcf, 0xff,
    0x0, 0x0, 0x0, 0xc, 0xff, 0xf0, 0x0, 0x0,
    0x0, 0xcf, 0xff, 0x0, 0x0, 0x0, 0xc, 0xff,
    0xf0, 0x0, 0x0, 0x0, 0xcf, 0xff, 0x0, 0x0,
    0x0, 0xc, 0xff, 0xf0, 0x0, 0x0, 0x0, 0xcf,
    0xff, 0x0, 0x0, 0x0, 0xc, 0xff, 0xf0, 0x0,
    0x0, 0x0, 0xcf, 0xff, 0x0, 0x0, 0x0, 0xc,
    0xff, 0xf0, 0x0, 0x0, 0x0, 0xcf, 0xff, 0x0,
    0x0,

    /* U+0067 "g" */
    0x0, 0x0, 0x29, 0xdf, 0xfd, 0x70, 0x1f, 0xff,
    0xa0, 0x0, 0x6f, 0xff, 0xff, 0xff, 0xd2, 0xff,
    0xfa, 0x0, 0x6f, 0xff, 0xff, 0xff, 0xff, 0xbf,
    0xff, 0xa0, 0x1f, 0xff, 0xfd, 0x51, 0x26, 0xef,
    0xff, 0xfa, 0x7, 0xff, 0xfd, 0x0, 0x0, 0x2,
    0xff, 0xff, 0xa0, 0xcf, 0xff, 0x40, 0x0, 0x0,
    0x8, 0xff, 0xfa, 0xf, 0xff, 0xf0, 0x0, 0x0,
    0x0, 0x3f, 0xff, 0xa1, 0xff, 0xfd, 0x0, 0x0,
    0x0, 0x1, 0xff, 0xfa, 0x1f, 0xff, 0xd0, 0x0,
    0x0, 0x0, 0x1f, 0xff, 0xa0, 0xff, 0xff, 0x0,
    0x0, 0x0, 0x3, 0xff, 0xfa, 0xd, 0xff, 0xf4,
    0x0, 0x0, 0x0, 0x8f, 0xff, 0xa0, 0x8f, 0xff,
    0xc0, 0x0, 0x0, 0x2f, 0xff, 0xfa, 0x2, 0xff,
    0xff, 0xd5, 0x12, 0x6e, 0xff, 0xff, 0xa0, 0x7,
    0xff, 0xff, 0xff, 0xff, 0xfc, 0xff, 0xfa, 0x0,
    0x8, 0xff, 0xff, 0xff, 0xfb, 0x3f, 0xff, 0xa0,
    0x0, 0x3, 0xae, 0xff, 0xc6, 0x3, 0xff, 0xf9,
    0x0, 0x0, 0x0, 0x0, 0x0, 0x0, 0x6f, 0xff,
    0x70, 0x4a, 0xaa, 0x30, 0x0, 0x0, 0x1d, 0xff,
    0xf3, 0x3, 0xff, 0xff, 0x96, 0x56, 0x8e, 0xff,
    0xfb, 0x0, 0x9, 0xff, 0xff, 0xff, 0xff, 0xff,
    0xfe, 0x20, 0x0, 0x8, 0xff, 0xff, 0xff, 0xff,
    0xfc, 0x20, 0x0, 0x0, 0x2, 0x8c, 0xff, 0xfd,
    0xa5, 0x0, 0x0,

    /* U+0068 "h" */
    0xff, 0xfc, 0x0, 0x0, 0x0, 0x0, 0x0, 0xf,
    0xff, 0xc0, 0x0, 0x0, 0x0, 0x0, 0x0, 0xff,
    0xfc, 0x0, 0x0, 0x0, 0x0, 0x0, 0xf, 0xff,
    0xc0, 0x0, 0x0, 0x0, 0x0, 0x0, 0xff, 0xfc,
    0x0, 0x0, 0x0, 0x0, 0x0, 0xf, 0xff, 0xc0,
    0x0, 0x0, 0x0, 0x0, 0x0, 0xff, 0xfc, 0x0,
    0x6c, 0xff, 0xe9, 0x20, 0xf, 0xff, 0xc1, 0xcf,
    0xff, 0xff, 0xff, 0x30, 0xff, 0xfd, 0xcf, 0xff,
    0xff, 0xff, 0xfe, 0xf, 0xff, 0xff, 0xd6, 0x33,
    0x8f, 0xff, 0xf5, 0xff, 0xff, 0xd1, 0x0, 0x0,
    0x9f, 0xff, 0x8f, 0xff, 0xf3, 0x0, 0x0, 0x4,
    0xff, 0xf9, 0xff, 0xff, 0x0, 0x0, 0x0, 0x4f,
    0xff, 0x9f, 0xff, 0xd0, 0x0, 0x0, 0x4, 0xff,
    0xf9, 0xff, 0xfc, 0x0, 0x0, 0x0, 0x4f, 0xff,
    0x9f, 0xff, 0xc0, 0x0, 0x0, 0x4, 0xff, 0xf9,
    0xff, 0xfc, 0x0, 0x0, 0x0, 0x4f, 0xff, 0x9f,
    0xff, 0xc0, 0x0, 0x0, 0x4, 0xff, 0xf9, 0xff,
    0xfc, 0x0, 0x0, 0x0, 0x4f, 0xff, 0x9f, 0xff,
    0xc0, 0x0, 0x0, 0x4, 0xff, 0xf9, 0xff, 0xfc,
    0x0, 0x0, 0x0, 0x4f, 0xff, 0x9f, 0xff, 0xc0,
    0x0, 0x0, 0x4, 0xff, 0xf9,

    /* U+0069 "i" */
    0x2f, 0xff, 0xf2, 0xff, 0xff, 0x2f, 0xff, 0xf2,
    0xff, 0xff, 0x4, 0x44, 0x40, 0x0, 0x0, 0xf,
    0xff, 0xc0, 0xff, 0xfc, 0xf, 0xff, 0xc0, 0xff,
    0xfc, 0xf, 0xff, 0xc0, 0xff, 0xfc, 0xf, 0xff,
    0xc0, 0xff, 0xfc, 0xf, 0xff, 0xc0, 0xff, 0xfc,
    0xf, 0xff, 0xc0, 0xff, 0xfc, 0xf, 0xff, 0xc0,
    0xff, 0xfc, 0xf, 0xff, 0xc0, 0xff, 0xfc,

    /* U+006A "j" */
    0x0, 0x2f, 0xff, 0xf0, 0x2, 0xff, 0xff, 0x0,
    0x2f, 0xff, 0xf0, 0x2, 0xff, 0xff, 0x0, 0x4,
    0x44, 0x40, 0x0, 0x0, 0x0, 0x0, 0xf, 0xff,
    0xc0, 0x0, 0xff, 0xfc, 0x0, 0xf, 0xff, 0xc0,
    0x0, 0xff, 0xfc, 0x0, 0xf, 0xff, 0xc0, 0x0,
    0xff, 0xfc, 0x0, 0xf, 0xff, 0xc0, 0x0, 0xff,
    0xfc, 0x0, 0xf, 0xff, 0xc0, 0x0, 0xff, 0xfc,
    0x0, 0xf, 0xff, 0xc0, 0x0, 0xff, 0xfc, 0x0,
    0xf, 0xff, 0xc0, 0x0, 0xff, 0xfc, 0x0, 0xf,
    0xff, 0xc0, 0x0, 0xff, 0xfc, 0x0, 0xf, 0xff,
    0xc0, 0x0, 0xff, 0xfc, 0x21, 0x8f, 0xff, 0xbf,
    0xff, 0xff, 0xf6, 0xff, 0xff, 0xfc, 0xd, 0xff,
    0xd7, 0x0,

    /* U+006B "k" */
    0xff, 0xfc, 0x0, 0x0, 0x0, 0x0, 0x0, 0xf,
    0xff, 0xc0, 0x0, 0x0, 0x0, 0x0, 0x0, 0xff,
    0xfc, 0x0, 0x0, 0x0, 0x0, 0x0, 0xf, 0xff,
    0xc0, 0x0, 0x0, 0x0, 0x0, 0x0, 0xff, 0xfc,
    0x0, 0x0, 0x0, 0x0, 0x0, 0xf, 0xff, 0xc0,
    0x0, 0x0, 0x0, 0x0, 0x0, 0xff, 0xfc, 0x0,
    0x0, 0xb, 0xff, 0xfb, 0xf, 0xff, 0xc0, 0x0,
    0xa, 0xff, 0xfc, 0x0, 0xff, 0xfc, 0x0, 0x8,
    0xff, 0xfd, 0x10, 0xf, 0xff, 0xc0, 0x6, 0xff,
    0xfe, 0x10, 0x0, 0xff, 0xfc, 0x4, 0xff, 0xfe,
    0x20, 0x0, 0xf, 0xff, 0xc3, 0xff, 0xff, 0x30,
    0x0, 0x0, 0xff, 0xfe, 0xef, 0xff, 0x30, 0x0,
    0x0, 0xf, 0xff, 0xff, 0xff, 0x70, 0x0, 0x0,
    0x0, 0xff, 0xff, 0xff, 0xfe, 0x10, 0x0, 0x0,
    0xf, 0xff, 0xc9, 0xff, 0xfd, 0x0, 0x0, 0x0,
    0xff, 0xfc, 0xb, 0xff, 0xfb, 0x0, 0x0, 0xf,
    0xff, 0xc0, 0xd, 0xff, 0xf9, 0x0, 0x0, 0xff,
    0xfc, 0x0, 0x2e, 0xff, 0xf7, 0x0, 0xf, 0xff,
    0xc0, 0x0, 0x3f, 0xff, 0xf5, 0x0, 0xff, 0xfc,
    0x0, 0x0, 0x6f, 0xff, 0xf4, 0xf, 0xff, 0xc0,
    0x0, 0x0, 0x8f, 0xff, 0xe2,

    /* U+006C "l" */
    0xff, 0xfc, 0xff, 0xfc, 0xff, 0xfc, 0xff, 0xfc,
    0xff, 0xfc, 0xff, 0xfc, 0xff, 0xfc, 0xff, 0xfc,
    0xff, 0xfc, 0xff, 0xfc, 0xff, 0xfc, 0xff, 0xfc,
    0xff, 0xfc, 0xff, 0xfc, 0xff, 0xfc, 0xff, 0xfc,
    0xff, 0xfc, 0xff, 0xfc, 0xff, 0xfc, 0xff, 0xfc,
    0xff, 0xfc, 0xff, 0xfc,

    /* U+006D "m" */
    0xff, 0xfb, 0x0, 0x7c, 0xff, 0xd8, 0x0, 0x0,
    0x6c, 0xff, 0xe9, 0x10, 0xf, 0xff, 0xb1, 0xcf,
    0xff, 0xff, 0xfc, 0x1, 0xcf, 0xff, 0xff, 0xfe,
    0x20, 0xff, 0xfb, 0xcf, 0xff, 0xff, 0xff, 0xf9,
    0xcf, 0xff, 0xff, 0xff, 0xfc, 0xf, 0xff, 0xff,
    0xd6, 0x34, 0xbf, 0xff, 0xff, 0xf7, 0x33, 0x8f,
    0xff, 0xf3, 0xff, 0xff, 0xc0, 0x0, 0x0, 0xef,
    0xff, 0xf2, 0x0, 0x0, 0xaf, 0xff, 0x5f, 0xff,
    0xf2, 0x0, 0x0, 0xb, 0xff, 0xf7, 0x0, 0x0,
    0x6, 0xff, 0xf6, 0xff, 0xfe, 0x0, 0x0, 0x0,
    0xbf, 0xff, 0x40, 0x0, 0x0, 0x6f, 0xff, 0x6f,
    0xff, 0xc0, 0x0, 0x0, 0xb, 0xff, 0xf2, 0x0,
    0x0, 0x6, 0xff, 0xf6, 0xff, 0xfc, 0x0, 0x0,
    0x0, 0xbf, 0xff, 0x10, 0x0, 0x0, 0x6f, 0xff,
    0x6f, 0xff, 0xc0, 0x0, 0x0, 0xb, 0xff, 0xf1,
    0x0, 0x0, 0x6, 0xff, 0xf6, 0xff, 0xfc, 0x0,
    0x0, 0x0, 0xbf, 0xff, 0x10, 0x0, 0x0, 0x6f,
    0xff, 0x6f, 0xff, 0xc0, 0x0, 0x0, 0xb, 0xff,
    0xf1, 0x0, 0x0, 0x6, 0xff, 0xf6, 0xff, 0xfc,
    0x0, 0x0, 0x0, 0xbf, 0xff, 0x10, 0x0, 0x0,
    0x6f, 0xff, 0x6f, 0xff, 0xc0, 0x0, 0x0, 0xb,
    0xff, 0xf1, 0x0, 0x0, 0x6, 0xff, 0xf6, 0xff,
    0xfc, 0x0, 0x0, 0x0, 0xbf, 0xff, 0x10, 0x0,
    0x0, 0x6f, 0xff, 0x6f, 0xff, 0xc0, 0x0, 0x0,
    0xb, 0xff, 0xf1, 0x0, 0x0, 0x6, 0xff, 0xf6,

    /* U+006E "n" */
    0xff, 0xfb, 0x0, 0x6c, 0xff, 0xe9, 0x20, 0xf,
    0xff, 0xb1, 0xcf, 0xff, 0xff, 0xff, 0x30, 0xff,
    0xfb, 0xcf, 0xff, 0xff, 0xff, 0xfe, 0xf, 0xff,
    0xff, 0xd6, 0x33, 0x8f, 0xff, 0xf5, 0xff, 0xff,
    0xd1, 0x0, 0x0, 0x9f, 0xff, 0x8f, 0xff, 0xf3,
    0x0, 0x0, 0x4, 0xff, 0xf9, 0xff, 0xff, 0x0,
    0x0, 0x0, 0x4f, 0xff, 0x9f, 0xff, 0xd0, 0x0,
    0x0, 0x4, 0xff, 0xf9, 0xff, 0xfc, 0x0, 0x0,
    0x0, 0x4f, 0xff, 0x9f, 0xff, 0xc0, 0x0, 0x0,
    0x4, 0xff, 0xf9, 0xff, 0xfc, 0x0, 0x0, 0x0,
    0x4f, 0xff, 0x9f, 0xff, 0xc0, 0x0, 0x0, 0x4,
    0xff, 0xf9, 0xff, 0xfc, 0x0, 0x0, 0x0, 0x4f,
    0xff, 0x9f, 0xff, 0xc0, 0x0, 0x0, 0x4, 0xff,
    0xf9, 0xff, 0xfc, 0x0, 0x0, 0x0, 0x4f, 0xff,
    0x9f, 0xff, 0xc0, 0x0, 0x0, 0x4, 0xff, 0xf9,

    /* U+006F "o" */
    0x0, 0x0, 0x5, 0xae, 0xff, 0xea, 0x50, 0x0,
    0x0, 0x0, 0x3, 0xdf, 0xff, 0xff, 0xff, 0xfd,
    0x20, 0x0, 0x0, 0x3f, 0xff, 0xff, 0xff, 0xff,
    0xff, 0xf3, 0x0, 0x1, 0xef, 0xff, 0xd5, 0x22,
    0x6e, 0xff, 0xfd, 0x0, 0x8, 0xff, 0xfc, 0x0,
    0x0, 0x1, 0xdf, 0xff, 0x70, 0xd, 0xff, 0xf3,
    0x0, 0x0, 0x0, 0x4f, 0xff, 0xc0, 0x1f, 0xff,
    0xe0, 0x0, 0x0, 0x0, 0xf, 0xff, 0xf0, 0x2f,
    0xff, 0xc0, 0x0, 0x0, 0x0, 0xd, 0xff, 0xf1,
    0x2f, 0xff, 0xc0, 0x0, 0x0, 0x0, 0xd, 0xff,
    0xf1, 0xf, 0xff, 0xe0, 0x0, 0x0, 0x0, 0xf,
    0xff, 0xf0, 0xd, 0xff, 0xf4, 0x0, 0x0, 0x0,
    0x5f, 0xff, 0xc0, 0x7, 0xff, 0xfd, 0x10, 0x0,
    0x1, 0xef, 0xff, 0x60, 0x0, 0xef, 0xff, 0xe6,
    0x22, 0x6e, 0xff, 0xfd, 0x0, 0x0, 0x3f, 0xff,
    0xff, 0xff, 0xff, 0xff, 0xe2, 0x0, 0x0, 0x2,
    0xdf, 0xff, 0xff, 0xff, 0xfc, 0x20, 0x0, 0x0,
    0x0, 0x5, 0xbe, 0xff, 0xea, 0x50, 0x0, 0x0,

    /* U+0070 "p" */
    0xff, 0xfb, 0x2, 0x9d, 0xff, 0xd8, 0x10, 0x0,
    0xff, 0xfb, 0x4f, 0xff, 0xff, 0xff, 0xe4, 0x0,
    0xff, 0xfd, 0xff, 0xff, 0xff, 0xff, 0xff, 0x20,
    0xff, 0xff, 0xfd, 0x53, 0x38, 0xff, 0xff, 0xc0,
    0xff, 0xff, 0xc0, 0x0, 0x0, 0x4f, 0xff, 0xf2,
    0xff, 0xff, 0x30, 0x0, 0x0, 0xa, 0xff, 0xf7,
    0xff, 0xfe, 0x0, 0x0, 0x0, 0x6, 0xff, 0xfa,
    0xff, 0xfc, 0x0, 0x0, 0x0, 0x4, 0xff, 0xfb,
    0xff, 0xfc, 0x0, 0x0, 0x0, 0x4, 0xff, 0xfb,
    0xff, 0xfe, 0x0, 0x0, 0x0, 0x6, 0xff, 0xf9,
    0xff, 0xff, 0x30, 0x0, 0x0, 0xb, 0xff, 0xf7,
    0xff, 0xff, 0xc0, 0x0, 0x0, 0x5f, 0xff, 0xf2,
    0xff, 0xff, 0xfd, 0x63, 0x49, 0xff, 0xff, 0xa0,
    0xff, 0xfd, 0xff, 0xff, 0xff, 0xff, 0xfe, 0x10,
    0xff, 0xfc, 0x4f, 0xff, 0xff, 0xff, 0xe3, 0x0,
    0xff, 0xfc, 0x2, 0xae, 0xff, 0xc7, 0x0, 0x0,
    0xff, 0xfc, 0x0, 0x0, 0x0, 0x0, 0x0, 0x0,
    0xff, 0xfc, 0x0, 0x0, 0x0, 0x0, 0x0, 0x0,
    0xff, 0xfc, 0x0, 0x0, 0x0, 0x0, 0x0, 0x0,
    0xff, 0xfc, 0x0, 0x0, 0x0, 0x0, 0x0, 0x0,
    0xff, 0xfc, 0x0, 0x0, 0x0, 0x0, 0x0, 0x0,
    0xff, 0xfc, 0x0, 0x0, 0x0, 0x0, 0x0, 0x0,

    /* U+0071 "q" */
    0x0, 0x0, 0x29, 0xdf, 0xfd, 0x70, 0x1f, 0xff,
    0xa0, 0x0, 0x7f, 0xff, 0xff, 0xff, 0xd2, 0xff,
    0xfa, 0x0, 0x6f, 0xff, 0xff, 0xff, 0xff, 0xcf,
    0xff, 0xa0, 0x1f, 0xff, 0xfd, 0x63, 0x38, 0xff,
    0xff, 0xfa, 0x8, 0xff, 0xfd, 0x10, 0x0, 0x3,
    0xff, 0xff, 0xa0, 0xcf, 0xff, 0x40, 0x0, 0x0,
    0x9, 0xff, 0xfa, 0xf, 0xff, 0xf0, 0x0, 0x0,
    0x0, 0x3f, 0xff, 0xa1, 0xff, 0xfd, 0x0, 0x0,
    0x0, 0x1, 0xff, 0xfa, 0x1f, 0xff, 0xd0, 0x0,
    0x0, 0x0, 0x1f, 0xff, 0xa0, 0xff, 0xff, 0x0,
    0x0, 0x0, 0x3, 0xff, 0xfa, 0xd, 0xff, 0xf4,
    0x0, 0x0, 0x0, 0x8f, 0xff, 0xa0, 0x8f, 0xff,
    0xd0, 0x0, 0x0, 0x3f, 0xff, 0xfa, 0x2, 0xff,
    0xff, 0xd6, 0x33, 0x7f, 0xff, 0xff, 0xa0, 0x7,
    0xff, 0xff, 0xff, 0xff, 0xfe, 0xff, 0xfa, 0x0,
    0x8, 0xff, 0xff, 0xff, 0xfd, 0x4f, 0xff, 0xa0,
    0x0, 0x3, 0xae, 0xff, 0xc7, 0x3, 0xff, 0xfa,
    0x0, 0x0, 0x0, 0x0, 0x0, 0x0, 0x3f, 0xff,
    0xa0, 0x0, 0x0, 0x0, 0x0, 0x0, 0x3, 0xff,
    0xfa, 0x0, 0x0, 0x0, 0x0, 0x0, 0x0, 0x3f,
    0xff, 0xa0, 0x0, 0x0, 0x0, 0x0, 0x0, 0x3,
    0xff, 0xfa, 0x0, 0x0, 0x0, 0x0, 0x0, 0x0,
    0x3f, 0xff, 0xa0, 0x0, 0x0, 0x0, 0x0, 0x0,
    0x3, 0xff, 0xfa,

    /* U+0072 "r" */
    0xff, 0xfb, 0x2, 0xae, 0xf3, 0xff, 0xfb, 0x4f,
    0xff, 0xf3, 0xff, 0xfb, 0xef, 0xff, 0xf3, 0xff,
    0xff, 0xff, 0xdb, 0xb2, 0xff, 0xff, 0xe4, 0x0,
    0x0, 0xff, 0xff, 0x40, 0x0, 0x0, 0xff, 0xff,
    0x0, 0x0, 0x0, 0xff, 0xfd, 0x0, 0x0, 0x0,
    0xff, 0xfc, 0x0, 0x0, 0x0, 0xff, 0xfc, 0x0,
    0x0, 0x0, 0xff, 0xfc, 0x0, 0x0, 0x0, 0xff,
    0xfc, 0x0, 0x0, 0x0, 0xff, 0xfc, 0x0, 0x0,
    0x0, 0xff, 0xfc, 0x0, 0x0, 0x0, 0xff, 0xfc,
    0x0, 0x0, 0x0, 0xff, 0xfc, 0x0, 0x0, 0x0,

    /* U+0073 "s" */
    0x0, 0x2, 0x8d, 0xff, 0xfd, 0x92, 0x0, 0x0,
    0x5, 0xff, 0xff, 0xff, 0xff, 0xf7, 0x0, 0x2,
    0xff, 0xff, 0xdb, 0xdf, 0xff, 0xf4, 0x0, 0x7f,
    0xff, 0x30, 0x0, 0x2e, 0xff, 0xc0, 0x9, 0xff,
    0xe0, 0x0, 0x0, 0x59, 0x99, 0x0, 0x8f, 0xff,
    0x92, 0x0, 0x0, 0x0, 0x0, 0x2, 0xff, 0xff,
    0xfd, 0xa6, 0x20, 0x0, 0x0, 0x5, 0xff, 0xff,
    0xff, 0xff, 0xb2, 0x0, 0x0, 0x2, 0x9f, 0xff,
    0xff, 0xff, 0xf3, 0x0, 0x0, 0x0, 0x3, 0x6a,
    0xef, 0xff, 0xd0, 0x1, 0x11, 0x0, 0x0, 0x0,
    0x9f, 0xff, 0x23, 0xff, 0xf5, 0x0, 0x0, 0x3,
    0xff, 0xf3, 0xe, 0xff, 0xe3, 0x0, 0x0, 0xaf,
    0xff, 0x10, 0x5f, 0xff, 0xfe, 0xcc, 0xff, 0xff,
    0xb0, 0x0, 0x6f, 0xff, 0xff, 0xff, 0xff, 0xc1,
    0x0, 0x0, 0x17, 0xce, 0xff, 0xeb, 0x60, 0x0,

    /* U+0074 "t" */
    0x0, 0x0, 0x0, 0x0, 0x0, 0x0, 0x0, 0x0,
    0x5, 0xc3, 0x0, 0x0, 0x0, 0x6, 0xff, 0xf3,
    0x0, 0x0, 0x0, 0x9, 0xff, 0xf3, 0x0, 0x0,
    0x0, 0x9, 0xff, 0xf3, 0x0, 0x0, 0x0, 0x9,
    0xff, 0xf3, 0x0, 0x0, 0x8f, 0xff, 0xff, 0xff,
    0xff, 0xf6, 0x8f, 0xff, 0xff, 0xff, 0xff, 0xf6,
    0x8f, 0xff, 0xff, 0xff, 0xff, 0xf6, 0x0, 0xa,
    0xff, 0xf4, 0x0, 0x0, 0x0, 0x9, 0xff, 0xf3,
    0x0, 0x0, 0x0, 0x9, 0xff, 0xf3, 0x0, 0x0,
    0x0, 0x9, 0xff, 0xf3, 0x0, 0x0, 0x0, 0x9,
    0xff, 0xf3, 0x0, 0x0, 0x0, 0x9, 0xff, 0xf3,
    0x0, 0x0, 0x0, 0x9, 0xff, 0xf3, 0x0, 0x0,
    0x0, 0x9, 0xff, 0xf3, 0x0, 0x0, 0x0, 0x8,
    0xff, 0xf5, 0x0, 0x0, 0x0, 0x6, 0xff, 0xfe,
    0x52, 0x32, 0x0, 0x1, 0xff, 0xff, 0xff, 0xf6,
    0x0, 0x0, 0x5f, 0xff, 0xff, 0xf6, 0x0, 0x0,
    0x3, 0xae, 0xff, 0xd4,

    /* U+0075 "u" */
    0x2f, 0xff, 0x90, 0x0, 0x0, 0xb, 0xff, 0xf1,
    0x2f, 0xff, 0x90, 0x0, 0x0, 0xb, 0xff, 0xf1,
    0x2f, 0xff, 0x90, 0x0, 0x0, 0xb, 0xff, 0xf1,
    0x2f, 0xff, 0x90, 0x0, 0x0, 0xb, 0xff, 0xf1,
    0x2f, 0xff, 0x90, 0x0, 0x0, 0xb, 0xff, 0xf1,
    0x2f, 0xff, 0x90, 0x0, 0x0, 0xb, 0xff, 0xf1,
    0x2f, 0xff, 0x90, 0x0, 0x0, 0xb, 0xff, 0xf1,
    0x2f, 0xff, 0x90, 0x0, 0x0, 0xb, 0xff, 0xf1,
    0x2f, 0xff, 0x90, 0x0, 0x0, 0xb, 0xff, 0xf1,
    0x2f, 0xff, 0x90, 0x0, 0x0, 0xd, 0xff, 0xf1,
    0x2f, 0xff, 0xa0, 0x0, 0x0, 0x2f, 0xff, 0xf1,
    0x1f, 0xff, 0xe0, 0x0, 0x0, 0xcf, 0xff, 0xf1,
    0xe, 0xff, 0xfc, 0x43, 0x5c, 0xff, 0xff, 0xf1,
    0x7, 0xff, 0xff, 0xff, 0xff, 0xda, 0xff, 0xf1,
    0x0, 0xbf, 0xff, 0xff, 0xfd, 0x29, 0xff, 0xf1,
    0x0, 0x7, 0xdf, 0xfd, 0x70, 0x9, 0xff, 0xf1,

    /* U+0076 "v" */
    0xaf, 0xff, 0x60, 0x0, 0x0, 0x2, 0xff, 0xfc,
    0x4f, 0xff, 0xb0, 0x0, 0x0, 0x8, 0xff, 0xf6,
    0xe, 0xff, 0xf1, 0x0, 0x0, 0xd, 0xff, 0xf0,
    0x8, 0xff, 0xf6, 0x0, 0x0, 0x2f, 0xff, 0x90,
    0x2, 0xff, 0xfb, 0x0, 0x0, 0x7f, 0xff, 0x30,
    0x0, 0xbf, 0xff, 0x10, 0x0, 0xdf, 0xfd, 0x0,
    0x0, 0x5f, 0xff, 0x60, 0x2, 0xff, 0xf7, 0x0,
    0x0, 0xf, 0xff, 0xb0, 0x7, 0xff, 0xf1, 0x0,
    0x0, 0x9, 0xff, 0xf1, 0xd, 0xff, 0xb0, 0x0,
    0x0, 0x3, 0xff, 0xf6, 0x2f, 0xff, 0x40, 0x0,
    0x0, 0x0, 0xdf, 0xfb, 0x7f, 0xfe, 0x0, 0x0,
    0x0, 0x0, 0x7f, 0xff, 0xdf, 0xf8, 0x0, 0x0,
    0x0, 0x0, 0x1f, 0xff, 0xff, 0xf2, 0x0, 0x0,
    0x0, 0x0, 0xb, 0xff, 0xff, 0xc0, 0x0, 0x0,
    0x0, 0x0, 0x5, 0xff, 0xff, 0x60, 0x0, 0x0,
    0x0, 0x0, 0x0, 0xef, 0xff, 0x0, 0x0, 0x0,

    /* U+0077 "w" */
    0x5f, 0xff, 0x80, 0x0, 0x0, 0xdf, 0xfe, 0x0,
    0x0, 0x7, 0xff, 0xf5, 0x1f, 0xff, 0xc0, 0x0,
    0x1, 0xff, 0xff, 0x30, 0x0, 0xa, 0xff, 0xf1,
    0xc, 0xff, 0xf0, 0x0, 0x6, 0xff, 0xff, 0x70,
    0x0, 0xe, 0xff, 0xc0, 0x7, 0xff, 0xf3, 0x0,
    0xa, 0xff, 0xff, 0xc0, 0x0, 0x2f, 0xff, 0x70,
    0x3, 0xff, 0xf7, 0x0, 0xf, 0xff, 0xff, 0xf1,
    0x0, 0x5f, 0xff, 0x30, 0x0, 0xef, 0xfb, 0x0,
    0x3f, 0xfc, 0xcf, 0xf5, 0x0, 0x9f, 0xfe, 0x0,
    0x0, 0x9f, 0xfe, 0x0, 0x8f, 0xf7, 0x7f, 0xfa,
    0x0, 0xdf, 0xf9, 0x0, 0x0, 0x5f, 0xff, 0x20,
    0xcf, 0xf2, 0x2f, 0xfe, 0x0, 0xff, 0xf5, 0x0,
    0x0, 0xf, 0xff, 0x61, 0xff, 0xe0, 0xe, 0xff,
    0x34, 0xff, 0xf0, 0x0, 0x0, 0xb, 0xff, 0x95,
    0xff, 0x90, 0x9, 0xff, 0x78, 0xff, 0xb0, 0x0,
    0x0, 0x7, 0xff, 0xda, 0xff, 0x40, 0x4, 0xff,
    0xcb, 0xff, 0x70, 0x0, 0x0, 0x2, 0xff, 0xff,
    0xff, 0x0, 0x0, 0xff, 0xff, 0xff, 0x20, 0x0,
    0x0, 0x0, 0xdf, 0xff, 0xfb, 0x0, 0x0, 0xbf,
    0xff, 0xfd, 0x0, 0x0, 0x0, 0x0, 0x9f, 0xff,
    0xf6, 0x0, 0x0, 0x6f, 0xff, 0xf9, 0x0, 0x0,
    0x0, 0x0, 0x4f, 0xff, 0xf2, 0x0, 0x0, 0x2f,
    0xff, 0xf4, 0x0, 0x0, 0x0, 0x0, 0xf, 0xff,
    0xd0, 0x0, 0x0, 0xd, 0xff, 0xf0, 0x0, 0x0,

    /* U+0078 "x" */
    0x3, 0xff, 0xff, 0x10, 0x0, 0x1, 0xef, 0xff,
    0x30, 0x7, 0xff, 0xfb, 0x0, 0x0, 0xaf, 0xff,
    0x80, 0x0, 0xc, 0xff, 0xf5, 0x0, 0x4f, 0xff,
    0xc0, 0x0, 0x0, 0x1e, 0xff, 0xe1, 0x1e, 0xff,
    0xe1, 0x0, 0x0, 0x0, 0x5f, 0xff, 0xaa, 0xff,
    0xf5, 0x0, 0x0, 0x0, 0x0, 0x9f, 0xff, 0xff,
    0xf9, 0x0, 0x0, 0x0, 0x0, 0x0, 0xdf, 0xff,
    0xfd, 0x0, 0x0, 0x0, 0x0, 0x0, 0x4, 0xff,
    0xff, 0x20, 0x0, 0x0, 0x0, 0x0, 0x0, 0xaf,
    0xff, 0xf6, 0x0, 0x0, 0x0, 0x0, 0x0, 0x6f,
    0xff, 0xff, 0xf2, 0x0, 0x0, 0x0, 0x0, 0x2f,
    0xff, 0xdf, 0xff, 0xd0, 0x0, 0x0, 0x0, 0xd,
    0xff, 0xf2, 0x7f, 0xff, 0x90, 0x0, 0x0, 0x9,
    0xff, 0xf6, 0x0, 0xcf, 0xff, 0x40, 0x0, 0x5,
    0xff, 0xfb, 0x0, 0x2, 0xff, 0xfe, 0x10, 0x2,
    0xff, 0xfe, 0x10, 0x0, 0x7, 0xff, 0xfb, 0x0,
    0xcf, 0xff, 0x50, 0x0, 0x0, 0xc, 0xff, 0xf6,

    /* U+0079 "y" */
    0xaf, 0xff, 0x70, 0x0, 0x0, 0x4, 0xff, 0xfb,
    0x3f, 0xff, 0xd0, 0x0, 0x0, 0x9, 0xff, 0xf5,
    0xd, 0xff, 0xf3, 0x0, 0x0, 0xf, 0xff, 0xe0,
    0x7, 0xff, 0xf8, 0x0, 0x0, 0x5f, 0xff, 0x80,
    0x1, 0xff, 0xfe, 0x0, 0x0, 0xbf, 0xff, 0x10,
    0x0, 0xaf, 0xff, 0x40, 0x1, 0xff, 0xfa, 0x0,
    0x0, 0x3f, 0xff, 0xa0, 0x7, 0xff, 0xf4, 0x0,
    0x0, 0xd, 0xff, 0xf1, 0xd, 0xff, 0xd0, 0x0,
    0x0, 0x7, 0xff, 0xf6, 0x3f, 0xff, 0x60, 0x0,
    0x0, 0x1, 0xff, 0xfc, 0x9f, 0xff, 0x0, 0x0,
    0x0, 0x0, 0xaf, 0xff, 0xff, 0xf9, 0x0, 0x0,
    0x0, 0x0, 0x4f, 0xff, 0xff, 0xf2, 0x0, 0x0,
    0x0, 0x0, 0xd, 0xff, 0xff, 0xc0, 0x0, 0x0,
    0x0, 0x0, 0x7, 0xff, 0xff, 0x50, 0x0, 0x0,
    0x0, 0x0, 0x1, 0xff, 0xfe, 0x0, 0x0, 0x0,
    0x0, 0x0, 0x3, 0xff, 0xf8, 0x0, 0x0, 0x0,
    0x0, 0x0, 0xa, 0xff, 0xf1, 0x0, 0x0, 0x0,
    0x0, 0x0, 0x1f, 0xff, 0xa0, 0x0, 0x0, 0x0,
    0x0, 0x0, 0x8f, 0xff, 0x40, 0x0, 0x0, 0x0,
    0x0, 0x0, 0xef, 0xfd, 0x0, 0x0, 0x0, 0x0,
    0x0, 0x6, 0xff, 0xf7, 0x0, 0x0, 0x0, 0x0,
    0x0, 0xd, 0xff, 0xf1, 0x0, 0x0, 0x0, 0x0,

    /* U+007A "z" */
    0x5f, 0xff, 0xff, 0xff, 0xff, 0xff, 0xf0, 0x5f,
    0xff, 0xff, 0xff, 0xff, 0xff, 0xf0, 0x5f, 0xff,
    0xff, 0xff, 0xff, 0xff, 0xe0, 0x0, 0x0, 0x0,
    0x4, 0xff, 0xff, 0x60, 0x0, 0x0, 0x0, 0x1e,
    0xff, 0xfa, 0x0, 0x0, 0x0, 0x0, 0xbf, 0xff,
    0xd0, 0x0, 0x0, 0x0, 0x8, 0xff, 0xff, 0x20,
    0x0, 0x0, 0x0, 0x4f, 0xff, 0xf6, 0x0, 0x0,
    0x0, 0x1, 0xef, 0xff, 0xa0, 0x0, 0x0, 0x0,
    0xc, 0xff, 0xfd, 0x0, 0x0, 0x0, 0x0, 0x8f,
    0xff, 0xf2, 0x0, 0x0, 0x0, 0x4, 0xff, 0xff,
    0x60, 0x0, 0x0, 0x0, 0x1e, 0xff, 0xfa, 0x0,
    0x0, 0x0, 0x0, 0x9f, 0xff, 0xff, 0xff, 0xff,
    0xff, 0xf2, 0x9f, 0xff, 0xff, 0xff, 0xff, 0xff,
    0xf2, 0x9f, 0xff, 0xff, 0xff, 0xff, 0xff, 0xf2,

    /* U+007B "{" */
    0x0, 0x0, 0x0, 0x0, 0x11, 0x10, 0x0, 0x0,
    0x6, 0xcf, 0xff, 0xf9, 0x0, 0x0, 0x9f, 0xff,
    0xff, 0xf9, 0x0, 0x2, 0xff, 0xff, 0xff, 0xf9,
    0x0, 0x6, 0xff, 0xf9, 0x0, 0x0, 0x0, 0x6,
    0xff, 0xf2, 0x0, 0x0, 0x0, 0x3, 0xff, 0xf3,
    0x0, 0x0, 0x0, 0x0, 0xff, 0xf7, 0x0, 0x0,
    0x0, 0x0, 0xcf, 0xfb, 0x0, 0x0, 0x0, 0x0,
    0x9f, 0xff, 0x0, 0x0, 0x0, 0x0, 0x9f, 0xff,
    0x0, 0x0, 0x0, 0x4, 0xef, 0xfd, 0x0, 0x0,
    0xf, 0xff, 0xff, 0xf3, 0x0, 0x0, 0xf, 0xff,
    0xfe, 0x20, 0x0, 0x0, 0xf, 0xff, 0xff, 0xe2,
    0x0, 0x0, 0x1, 0x16, 0xff, 0xfc, 0x0, 0x0,
    0x0, 0x0, 0x9f, 0xff, 0x0, 0x0, 0x0, 0x0,
    0x9f, 0xff, 0x0, 0x0, 0x0, 0x0, 0xbf, 0xfd,
    0x0, 0x0, 0x0, 0x0, 0xef, 0xfa, 0x0, 0x0,
    0x0, 0x1, 0xff, 0xf6, 0x0, 0x0, 0x0, 0x4,
    0xff, 0xf3, 0x0, 0x0, 0x0, 0x6, 0xff, 0xf2,
    0x0, 0x0, 0x0, 0x5, 0xff, 0xfa, 0x21, 0x10,
    0x0, 0x1, 0xff, 0xff, 0xff, 0xf9, 0x0, 0x0,
    0x6f, 0xff, 0xff, 0xf9, 0x0, 0x0, 0x4, 0xbe,
    0xff, 0xf9,

    /* U+007C "|" */
    0x5, 0x55, 0x2, 0xff, 0xf2, 0x2f, 0xff, 0x22,
    0xff, 0xf2, 0x2f, 0xff, 0x22, 0xff, 0xf2, 0x2f,
    0xff, 0x22, 0xff, 0xf2, 0x2f, 0xff, 0x22, 0xff,
    0xf2, 0x2f, 0xff, 0x22, 0xff, 0xf2, 0x2f, 0xff,
    0x22, 0xff, 0xf2, 0x2f, 0xff, 0x22, 0xff, 0xf2,
    0x2f, 0xff, 0x22, 0xff, 0xf2, 0x2f, 0xff, 0x22,
    0xff, 0xf2, 0x2f, 0xff, 0x22, 0xff, 0xf2, 0x2f,
    0xff, 0x22, 0xff, 0xf2, 0x2f, 0xff, 0x22, 0xff,
    0xf2, 0x2f, 0xff, 0x22, 0xff, 0xf2, 0x2f, 0xff,
    0x20,

    /* U+007D "}" */
    0x1, 0x11, 0x0, 0x0, 0x0, 0x0, 0x6f, 0xff,
    0xfd, 0x70, 0x0, 0x0, 0x6f, 0xff, 0xff, 0xfc,
    0x0, 0x0, 0x6f, 0xff, 0xff, 0xff, 0x50, 0x0,
    0x0, 0x0, 0x7f, 0xff, 0x90, 0x0, 0x0, 0x0,
    0xf, 0xff, 0x90, 0x0, 0x0, 0x0, 0x1f, 0xff,
    0x60, 0x0, 0x0, 0x0, 0x5f, 0xff, 0x20, 0x0,
    0x0, 0x0, 0x9f, 0xff, 0x0, 0x0, 0x0, 0x0,
    0xcf, 0xfc, 0x0, 0x0, 0x0, 0x0, 0xef, 0xfc,
    0x0, 0x0, 0x0, 0x0, 0xaf, 0xff, 0x50, 0x0,
    0x0, 0x0, 0x2e, 0xff, 0xff, 0xf3, 0x0, 0x0,
    0x1, 0xdf, 0xff, 0xf3, 0x0, 0x0, 0x1c, 0xff,
    0xff, 0xf3, 0x0, 0x0, 0x9f, 0xff, 0x72, 0x10,
    0x0, 0x0, 0xdf, 0xfc, 0x0, 0x0, 0x0, 0x0,
    0xdf, 0xfb, 0x0, 0x0, 0x0, 0x0, 0xaf, 0xfe,
    0x0, 0x0, 0x0, 0x0, 0x7f, 0xff, 0x10, 0x0,
    0x0, 0x0, 0x3f, 0xff, 0x40, 0x0, 0x0, 0x0,
    0xf, 0xff, 0x70, 0x0, 0x0, 0x0, 0xf, 0xff,
    0x90, 0x0, 0x1, 0x11, 0x8f, 0xff, 0x80, 0x0,
    0x6f, 0xff, 0xff, 0xff, 0x40, 0x0, 0x6f, 0xff,
    0xff, 0xf9, 0x0, 0x0, 0x6f, 0xff, 0xec, 0x50,
    0x0, 0x0,

    /* U+007E "~" */
    0x0, 0x8d, 0xff, 0xc7, 0x10, 0x0, 0x3, 0xbb,
    0x20, 0xbf, 0xff, 0xff, 0xff, 0x93, 0x13, 0xdf,
    0xf1, 0x6f, 0xff, 0xff, 0xff, 0xff, 0xff, 0xff,
    0xfb, 0xb, 0xff, 0x61, 0x27, 0xef, 0xff, 0xff,
    0xff, 0x20, 0xab, 0x70, 0x0, 0x0, 0x5b, 0xef,
    0xea, 0x20, 0x0,

    /* U+00B0 "°" */
    0x0, 0x6d, 0xfe, 0x80, 0x0, 0x9f, 0xff, 0xff,
    0xc0, 0x4f, 0xf6, 0x15, 0xef, 0x69, 0xf9, 0x0,
    0x6, 0xfc, 0xbf, 0x60, 0x0, 0x3f, 0xd9, 0xf9,
    0x0, 0x6, 0xfc, 0x3f, 0xf6, 0x14, 0xef, 0x60,
    0x9f, 0xff, 0xff, 0xc0, 0x0, 0x6d, 0xfe, 0x80,
    0x0,

    /* U+2022 "•" */
    0x5, 0x55, 0x55, 0x50, 0xf, 0xff, 0xff, 0xf2,
    0xf, 0xff, 0xff, 0xf2, 0xf, 0xff, 0xff, 0xf2,
    0xf, 0xff, 0xff, 0xf2, 0xf, 0xff, 0xff, 0xf2,
    0xf, 0xff, 0xff, 0xf2
};


/*---------------------
 *  GLYPH DESCRIPTION
 *--------------------*/

static const lv_font_fmt_txt_glyph_dsc_t glyph_dsc[] = {
    {.bitmap_index = 0, .adv_w = 0, .box_w = 0, .box_h = 0, .ofs_x = 0, .ofs_y = 0} /* id = 0 reserved */,
    {.bitmap_index = 0, .adv_w = 93, .box_w = 0, .box_h = 0, .ofs_x = 0, .ofs_y = 0},
    {.bitmap_index = 0, .adv_w = 142, .box_w = 5, .box_h = 22, .ofs_x = 2, .ofs_y = 0},
    {.bitmap_index = 55, .adv_w = 216, .box_w = 11, .box_h = 10, .ofs_x = 1, .ofs_y = 14},
    {.bitmap_index = 110, .adv_w = 349, .box_w = 20, .box_h = 22, .ofs_x = 1, .ofs_y = 0},
    {.bitmap_index = 330, .adv_w = 306, .box_w = 19, .box_h = 29, .ofs_x = 0, .ofs_y = -3},
    {.bitmap_index = 606, .adv_w = 377, .box_w = 22, .box_h = 22, .ofs_x = 1, .ofs_y = 0},
    {.bitmap_index = 848, .adv_w = 369, .box_w = 23, .box_h = 22, .ofs_x = 0, .ofs_y = 0},
    {.bitmap_index = 1101, .adv_w = 123, .box_w = 6, .box_h = 10, .ofs_x = 1, .ofs_y = 14},
    {.bitmap_index = 1131, .adv_w = 211, .box_w = 10, .box_h = 27, .ofs_x = 2, .ofs_y = -3},
    {.bitmap_index = 1266, .adv_w = 211, .box_w = 10, .box_h = 27, .ofs_x = 1, .ofs_y = -3},
    {.bitmap_index = 1401, .adv_w = 206, .box_w = 11, .box_h = 10, .ofs_x = 1, .ofs_y = 12},
    {.bitmap_index = 1456, .adv_w = 261, .box_w = 14, .box_h = 15, .ofs_x = 1, .ofs_y = 4},
    {.bitmap_index = 1561, .adv_w = 132, .box_w = 6, .box_h = 10, .ofs_x = 1, .ofs_y = -5},
    {.bitmap_index = 1591, .adv_w = 237, .box_w = 11, .box_h = 4, .ofs_x = 2, .ofs_y = 7},
    {.bitmap_index = 1613, .adv_w = 132, .box_w = 6, .box_h = 5, .ofs_x = 1, .ofs_y = 0},
    {.bitmap_index = 1628, .adv_w = 213, .box_w = 12, .box_h = 26, .ofs_x = 1, .ofs_y = -2},
    {.bitmap_index = 1784, .adv_w = 325, .box_w = 19, .box_h = 22, .ofs_x = 1, .ofs_y = 0},
    {.bitmap_index = 1993, .adv_w = 186, .box_w = 10, .box_h = 22, .ofs_x = 0, .ofs_y = 0},
    {.bitmap_index = 2103, .adv_w = 267, .box_w = 17, .box_h = 22, .ofs_x = 0, .ofs_y = 0},
    {.bitmap_index = 2290, .adv_w = 278, .box_w = 17, .box_h = 22, .ofs_x = 0, .ofs_y = 0},
    {.bitmap_index = 2477, .adv_w = 295, .box_w = 18, .box_h = 22, .ofs_x = 0, .ofs_y = 0},
    {.bitmap_index = 2675, .adv_w = 279, .box_w = 17, .box_h = 22, .ofs_x = 0, .ofs_y = 0},
    {.bitmap_index = 2862, .adv_w = 295, .box_w = 17, .box_h = 22, .ofs_x = 1, .ofs_y = 0},
    {.bitmap_index = 3049, .adv_w = 269, .box_w = 17, .box_h = 22, .ofs_x = 0, .ofs_y = 0},
    {.bitmap_index = 3236, .adv_w = 287, .box_w = 17, .box_h = 22, .ofs_x = 0, .ofs_y = 0},
    {.bitmap_index = 3423, .adv_w = 297, .box_w = 18, .box_h = 22, .ofs_x = 0, .ofs_y = 0},
    {.bitmap_index = 3621, .adv_w = 132, .box_w = 6, .box_h = 15, .ofs_x = 1, .ofs_y = 0},
    {.bitmap_index = 3666, .adv_w = 132, .box_w = 6, .box_h = 20, .ofs_x = 1, .ofs_y = -5},
    {.bitmap_index = 3726, .adv_w = 261, .box_w = 14, .box_h = 13, .ofs_x = 1, .ofs_y = 5},
    {.bitmap_index = 3817, .adv_w = 261, .box_w = 14, .box_h = 9, .ofs_x = 1, .ofs_y = 7},
    {.bitmap_index = 3880, .adv_w = 261, .box_w = 14, .box_h = 13, .ofs_x = 1, .ofs_y = 5},
    {.bitmap_index = 3971, .adv_w = 278, .box_w = 17, .box_h = 24, .ofs_x = 0, .ofs_y = 0},
    {.bitmap_index = 4175, .adv_w = 416, .box_w = 24, .box_h = 22, .ofs_x = 1, .ofs_y = 0},
    {.bitmap_index = 4439, .adv_w = 352, .box_w = 22, .box_h = 22, .ofs_x = 0, .ofs_y = 0},
    {.bitmap_index = 4681, .adv_w = 310, .box_w = 18, .box_h = 22, .ofs_x = 1, .ofs_y = 0},
    {.bitmap_index = 4879, .adv_w = 359, .box_w = 21, .box_h = 22, .ofs_x = 1, .ofs_y = 0},
    {.bitmap_index = 5110, .adv_w = 362, .box_w = 21, .box_h = 22, .ofs_x = 1, .ofs_y = 0},
    {.bitmap_index = 5341, .adv_w = 302, .box_w = 17, .box_h = 22, .ofs_x = 1, .ofs_y = 0},
    {.bitmap_index = 5528, .adv_w = 285, .box_w = 16, .box_h = 22, .ofs_x = 1, .ofs_y = 0},
    {.bitmap_index = 5704, .adv_w = 367, .box_w = 21, .box_h = 22, .ofs_x = 1, .ofs_y = 0},
    {.bitmap_index = 5935, .adv_w = 348, .box_w = 19, .box_h = 22, .ofs_x = 1, .ofs_y = 0},
    {.bitmap_index = 6144, .adv_w = 122, .box_w = 5, .box_h = 22, .ofs_x = 1, .ofs_y = 0},
    {.bitmap_index = 6199, .adv_w = 205, .box_w = 12, .box_h = 22, .ofs_x = 0, .ofs_y = 0},
    {.bitmap_index = 6331, .adv_w = 342, .box_w = 20, .box_h = 22, .ofs_x = 1, .ofs_y = 0},
    {.bitmap_index = 6551, .adv_w = 283, .box_w = 16, .box_h = 22, .ofs_x = 1, .ofs_y = 0},
    {.bitmap_index = 6727, .adv_w = 431, .box_w = 25, .box_h = 22, .ofs_x = 1, .ofs_y = 0},
    {.bitmap_index = 7002, .adv_w = 348, .box_w = 19, .box_h = 22, .ofs_x = 1, .ofs_y = 0},
    {.bitmap_index = 7211, .adv_w = 381, .box_w = 22, .box_h = 22, .ofs_x = 1, .ofs_y = 0},
    {.bitmap_index = 7453, .adv_w = 320, .box_w = 19, .box_h = 22, .ofs_x = 1, .ofs_y = 0},
    {.bitmap_index = 7662, .adv_w = 387, .box_w = 23, .box_h = 22, .ofs_x = 1, .ofs_y = 0},
    {.bitmap_index = 7915, .adv_w = 319, .box_w = 19, .box_h = 22, .ofs_x = 1, .ofs_y = 0},
    {.bitmap_index = 8124, .adv_w = 306, .box_w = 19, .box_h = 22, .ofs_x = 0, .ofs_y = 0},
    {.bitmap_index = 8333, .adv_w = 319, .box_w = 20, .box_h = 22, .ofs_x = 0, .ofs_y = 0},
    {.bitmap_index = 8553, .adv_w = 338, .box_w = 19, .box_h = 22, .ofs_x = 1, .ofs_y = 0},
    {.bitmap_index = 8762, .adv_w = 352, .box_w = 22, .box_h = 22, .ofs_x = 0, .ofs_y = 0},
    {.bitmap_index = 9004, .adv_w = 522, .box_w = 31, .box_h = 22, .ofs_x = 1, .ofs_y = 0},
    {.bitmap_index = 9345, .adv_w = 339, .box_w = 21, .box_h = 22, .ofs_x = 0, .ofs_y = 0},
    {.bitmap_index = 9576, .adv_w = 336, .box_w = 21, .box_h = 22, .ofs_x = 0, .ofs_y = 0},
    {.bitmap_index = 9807, .adv_w = 303, .box_w = 17, .box_h = 22, .ofs_x = 1, .ofs_y = 0},
    {.bitmap_index = 9994, .adv_w = 211, .box_w = 10, .box_h = 27, .ofs_x = 2, .ofs_y = -3},
    {.bitmap_index = 10129, .adv_w = 213, .box_w = 12, .box_h = 26, .ofs_x = 1, .ofs_y = -2},
    {.bitmap_index = 10285, .adv_w = 211, .box_w = 10, .box_h = 27, .ofs_x = 1, .ofs_y = -3},
    {.bitmap_index = 10420, .adv_w = 261, .box_w = 14, .box_h = 8, .ofs_x = 1, .ofs_y = 15},
    {.bitmap_index = 10476, .adv_w = 224, .box_w = 14, .box_h = 3, .ofs_x = 0, .ofs_y = -5},
    {.bitmap_index = 10497, .adv_w = 170, .box_w = 10, .box_h = 5, .ofs_x = 1, .ofs_y = 18},
    {.bitmap_index = 10522, .adv_w = 268, .box_w = 15, .box_h = 16, .ofs_x = 1, .ofs_y = 0},
    {.bitmap_index = 10642, .adv_w = 298, .box_w = 16, .box_h = 22, .ofs_x = 2, .ofs_y = 0},
    {.bitmap_index = 10818, .adv_w = 265, .box_w = 16, .box_h = 16, .ofs_x = 0, .ofs_y = 0},
    {.bitmap_index = 10946, .adv_w = 298, .box_w = 17, .box_h = 22, .ofs_x = 0, .ofs_y = 0},
    {.bitmap_index = 11133, .adv_w = 274, .box_w = 17, .box_h = 16, .ofs_x = 0, .ofs_y = 0},
    {.bitmap_index = 11269, .adv_w = 178, .box_w = 11, .box_h = 22, .ofs_x = 0, .ofs_y = 0},
    {.bitmap_index = 11390, .adv_w = 298, .box_w = 17, .box_h = 22, .ofs_x = 0, .ofs_y = -6},
    {.bitmap_index = 11577, .adv_w = 294, .box_w = 15, .box_h = 22, .ofs_x = 2, .ofs_y = 0},
    {.bitmap_index = 11742, .adv_w = 125, .box_w = 5, .box_h = 22, .ofs_x = 1, .ofs_y = 0},
    {.bitmap_index = 11797, .adv_w = 125, .box_w = 7, .box_h = 28, .ofs_x = -1, .ofs_y = -6},
    {.bitmap_index = 11895, .adv_w = 268, .box_w = 15, .box_h = 22, .ofs_x = 2, .ofs_y = 0},
    {.bitmap_index = 12060, .adv_w = 125, .box_w = 4, .box_h = 22, .ofs_x = 2, .ofs_y = 0},
    {.bitmap_index = 12104, .adv_w = 452, .box_w = 25, .box_h = 16, .ofs_x = 2, .ofs_y = 0},
    {.bitmap_index = 12304, .adv_w = 294, .box_w = 15, .box_h = 16, .ofs_x = 2, .ofs_y = 0},
    {.bitmap_index = 12424, .adv_w = 287, .box_w = 18, .box_h = 16, .ofs_x = 0, .ofs_y = 0},
    {.bitmap_index = 12568, .adv_w = 298, .box_w = 16, .box_h = 22, .ofs_x = 2, .ofs_y = -6},
    {.bitmap_index = 12744, .adv_w = 298, .box_w = 17, .box_h = 22, .ofs_x = 0, .ofs_y = -6},
    {.bitmap_index = 12931, .adv_w = 187, .box_w = 10, .box_h = 16, .ofs_x = 2, .ofs_y = 0},
    {.bitmap_index = 13011, .adv_w = 237, .box_w = 15, .box_h = 16, .ofs_x = 0, .ofs_y = 0},
    {.bitmap_index = 13131, .adv_w = 195, .box_w = 12, .box_h = 22, .ofs_x = 0, .ofs_y = 0},
    {.bitmap_index = 13263, .adv_w = 290, .box_w = 16, .box_h = 16, .ofs_x = 1, .ofs_y = 0},
    {.bitmap_index = 13391, .adv_w = 257, .box_w = 16, .box_h = 16, .ofs_x = 0, .ofs_y = 0},
    {.bitmap_index = 13519, .adv_w = 384, .box_w = 24, .box_h = 16, .ofs_x = 0, .ofs_y = 0},
    {.bitmap_index = 13711, .adv_w = 282, .box_w = 17, .box_h = 16, .ofs_x = 0, .ofs_y = 0},
    {.bitmap_index = 13847, .adv_w = 257, .box_w = 16, .box_h = 22, .ofs_x = 0, .ofs_y = -6},
    {.bitmap_index = 14023, .adv_w = 246, .box_w = 14, .box_h = 16, .ofs_x = 1, .ofs_y = 0},
    {.bitmap_index = 14135, .adv_w = 211, .box_w = 12, .box_h = 27, .ofs_x = 0, .ofs_y = -3},
    {.bitmap_index = 14297, .adv_w = 112, .box_w = 5, .box_h = 29, .ofs_x = 1, .ofs_y = -4},
    {.bitmap_index = 14370, .adv_w = 211, .box_w = 12, .box_h = 27, .ofs_x = 1, .ofs_y = -3},
    {.bitmap_index = 14532, .adv_w = 261, .box_w = 17, .box_h = 5, .ofs_x = 0, .ofs_y = 9},
    {.bitmap_index = 14575, .adv_w = 179, .box_w = 9, .box_h = 9, .ofs_x = 1, .ofs_y = 14},
    {.bitmap_index = 14616, .adv_w = 161, .box_w = 8, .box_h = 7, .ofs_x = 1, .ofs_y = 8}
};

/*---------------------
 *  CHARACTER MAPPING
 *--------------------*/

static const uint16_t unicode_list_1[] = {
    0x0, 0x1f72
};

/*Collect the unicode lists and glyph_id offsets*/
static const lv_font_fmt_txt_cmap_t cmaps[] =
{
    {
        .range_start = 32, .range_length = 95, .glyph_id_start = 1,
        .unicode_list = NULL, .glyph_id_ofs_list = NULL, .list_length = 0, .type = LV_FONT_FMT_TXT_CMAP_FORMAT0_TINY
    },
    {
        .range_start = 176, .range_length = 8051, .glyph_id_start = 96,
        .unicode_list = unicode_list_1, .glyph_id_ofs_list = NULL, .list_length = 2, .type = LV_FONT_FMT_TXT_CMAP_SPARSE_TINY
    }
};



/*--------------------
 *  ALL CUSTOM DATA
 *--------------------*/

#if LVGL_VERSION_MAJOR == 8
/*Store all the custom data of the font*/
static  lv_font_fmt_txt_glyph_cache_t cache;
#endif

#if LVGL_VERSION_MAJOR >= 8
static const lv_font_fmt_txt_dsc_t font_dsc = {
#else
static lv_font_fmt_txt_dsc_t font_dsc = {
#endif
    .glyph_bitmap = glyph_bitmap,
    .glyph_dsc = glyph_dsc,
    .cmaps = cmaps,
    .kern_dsc = NULL,
    .kern_scale = 0,
    .cmap_num = 2,
    .bpp = 4,
    .kern_classes = 0,
    .bitmap_format = 0,
#if LVGL_VERSION_MAJOR == 8
    .cache = &cache
#endif
};



/*-----------------
 *  PUBLIC FONT
 *----------------*/

/*Initialize a public general font descriptor*/
#if LVGL_VERSION_MAJOR >= 8
const lv_font_t lv_font_instrument_sans_semibold_30 = {
#else
lv_font_t lv_font_instrument_sans_semibold_30 = {
#endif
    .get_glyph_dsc = lv_font_get_glyph_dsc_fmt_txt,    /*Function pointer to get glyph's data*/
    .get_glyph_bitmap = lv_font_get_bitmap_fmt_txt,    /*Function pointer to get glyph's bitmap*/
    .line_height = 32,          /*The maximum line height required by the font*/
    .base_line = 6,             /*Baseline measured from the bottom of the line*/
#if !(LVGL_VERSION_MAJOR == 6 && LVGL_VERSION_MINOR == 0)
    .subpx = LV_FONT_SUBPX_NONE,
#endif
#if LV_VERSION_CHECK(7, 4, 0) || LVGL_VERSION_MAJOR >= 8
    .underline_position = -5,
    .underline_thickness = 1,
#endif
    .dsc = &font_dsc,          /*The custom font data. Will be accessed by `get_glyph_bitmap/dsc` */
#if LV_VERSION_CHECK(8, 2, 0) || LVGL_VERSION_MAJOR >= 9
    .fallback = NULL,
#endif
    .user_data = NULL,
};



#endif /*#if LV_FONT_INSTRUMENT_SANS_SEMIBOLD_30*/

